ID,Cluster
1,2
2,2
3,2
4,2
5,2
6,2
7,1
8,2
9,2
10,2
11,2
12,2
13,2
14,2
15,0
16,2
17,2
18,1
19,2
20,2
21,2
22,2
23,2
24,2
25,2
26,2
27,2
28,2
29,2
30,2
31,2
32,2
33,0
34,2
35,2
36,2
37,0
38,2
39,2
40,2
41,1
42,2
43,2
44,2
45,2
46,2
47,2
48,2
49,2
50,2
51,2
52,2
53,2
54,2
55,2
56,2
57,2
58,0
59,2
60,1
61,2
62,2
63,2
64,2
65,2
66,0
67,2
68,2
69,2
70,2
71,2
72,0
73,2
74,2
75,2
76,2
77,2
78,2
79,2
80,2
81,0
82,0
83,2
84,0
85,2
86,0
87,2
88,2
89,2
90,2
91,0
92,2
93,2
94,2
95,2
96,2
97,2
98,0
99,2
100,2
101,2
102,2
103,1
104,2
105,2
106,2
107,2
108,2
109,0
110,2
111,0
112,2
113,0
114,2
115,2
116,2
117,2
118,2
119,2
120,2
121,2
122,2
123,2
124,1
125,2
126,2
127,0
128,0
129,2
130,2
131,2
132,2
133,1
134,1
135,2
136,2
137,2
138,2
139,2
140,2
141,2
142,2
143,2
144,2
145,2
146,2
147,2
148,0
149,2
150,2
151,0
152,2
153,2
154,0
155,2
156,2
157,0
158,0
159,0
160,2
161,2
162,2
163,2
164,0
165,2
166,0
167,2
168,2
169,0
170,2
171,2
172,2
173,2
174,2
175,2
176,0
177,2
178,2
179,2
180,2
181,2
182,2
183,0
184,2
185,2
186,2
187,0
188,1
189,2
190,2
191,0
192,2
193,2
194,2
195,2
196,2
197,2
198,2
199,2
200,2
201,2
202,2
203,2
204,0
205,1
206,2
207,2
208,2
209,2
210,2
211,0
212,2
213,2
214,2
215,1
216,2
217,2
218,0
219,0
220,2
221,0
222,1
223,1
224,0
225,2
226,0
227,2
228,2
229,2
230,2
231,2
232,2
233,2
234,0
235,2
236,2
237,2
238,2
239,1
240,2
241,2
242,2
243,2
244,2
245,2
246,2
247,2
248,2
249,2
250,2
251,2
252,2
253,0
254,0
255,2
256,2
257,2
258,2
259,2
260,0
261,0
262,2
263,2
264,2
265,2
266,2
267,2
268,2
269,2
270,2
271,2
272,2
273,2
274,2
275,2
276,2
277,2
278,2
279,2
280,0
281,2
282,0
283,0
284,2
285,0
286,2
287,2
288,0
289,2
290,2
291,2
292,2
293,2
294,2
295,2
296,0
297,2
298,0
299,2
300,2
301,0
302,2
303,2
304,2
305,2
306,2
307,2
308,2
309,2
310,2
311,2
312,0
313,2
314,2
315,2
316,2
317,2
318,2
319,2
320,2
321,2
322,0
323,2
324,2
325,0
326,2
327,2
328,2
329,2
330,0
331,2
332,2
333,2
334,2
335,2
336,0
337,0
338,2
339,2
340,2
341,2
342,2
343,2
344,0
345,0
346,2
347,2
348,2
349,0
350,2
351,2
352,2
353,2
354,2
355,2
356,2
357,0
358,1
359,0
360,2
361,1
362,0
363,2
364,2
365,2
366,2
367,2
368,2
369,2
370,2
371,2
372,2
373,2
374,2
375,0
376,2
377,2
378,2
379,2
380,2
381,0
382,2
383,0
384,2
385,2
386,1
387,2
388,0
389,0
390,2
391,2
392,2
393,0
394,2
395,2
396,0
397,2
398,2
399,0
400,0
401,0
402,2
403,2
404,2
405,0
406,2
407,2
408,1
409,0
410,0
411,2
412,2
413,2
414,2
415,0
416,2
417,2
418,2
419,2
420,2
421,2
422,0
423,2
424,0
425,1
426,2
427,2
428,2
429,2
430,0
431,0
432,1
433,2
434,0
435,2
436,1
437,2
438,2
439,2
440,2
441,2
442,0
443,2
444,0
445,1
446,2
447,0
448,2
449,2
450,0
451,2
452,1
453,0
454,2
455,2
456,2
457,0
458,2
459,2
460,2
461,0
462,2
463,0
464,0
465,2
466,1
467,1
468,2
469,0
470,2
471,1
472,1
473,2
474,2
475,2
476,2
477,2
478,2
479,2
480,2
481,0
482,0
483,2
484,2
485,2
486,0
487,2
488,0
489,2
490,2
491,2
492,2
493,0
494,2
495,2
496,2
497,1
498,2
499,2
500,2
501,2
502,2
503,1
504,2
505,2
506,2
507,1
508,2
509,2
510,2
511,2
512,2
513,2
514,2
515,2
516,0
517,0
518,2
519,2
520,0
521,2
522,0
523,0
524,0
525,0
526,2
527,2
528,0
529,2
530,2
531,2
532,2
533,2
534,2
535,2
536,2
537,1
538,0
539,2
540,0
541,2
542,2
543,2
544,2
545,2
546,2
547,2
548,2
549,2
550,2
551,2
552,2
553,2
554,2
555,2
556,2
557,2
558,0
559,2
560,2
561,2
562,2
563,2
564,0
565,2
566,2
567,2
568,2
569,2
570,2
571,2
572,2
573,2
574,2
575,2
576,1
577,2
578,2
579,2
580,2
581,2
582,2
583,2
584,2
585,2
586,2
587,2
588,2
589,0
590,2
591,2
592,0
593,2
594,2
595,2
596,0
597,1
598,2
599,2
600,2
601,2
602,2
603,2
604,2
605,2
606,2
607,2
608,2
609,2
610,2
611,2
612,2
613,2
614,2
615,0
616,2
617,2
618,0
619,2
620,0
621,2
622,2
623,2
624,2
625,2
626,2
627,2
628,2
629,2
630,2
631,2
632,2
633,2
634,2
635,2
636,2
637,2
638,2
639,0
640,2
641,0
642,2
643,2
644,0
645,2
646,0
647,2
648,2
649,1
650,2
651,2
652,2
653,2
654,2
655,2
656,2
657,2
658,2
659,2
660,2
661,2
662,2
663,2
664,2
665,2
666,0
667,2
668,2
669,0
670,2
671,2
672,2
673,0
674,2
675,0
676,2
677,0
678,0
679,2
680,2
681,2
682,2
683,2
684,0
685,1
686,0
687,2
688,0
689,0
690,2
691,2
692,2
693,0
694,2
695,2
696,2
697,2
698,2
699,2
700,2
701,2
702,2
703,2
704,2
705,2
706,2
707,2
708,2
709,2
710,2
711,2
712,2
713,2
714,2
715,2
716,2
717,0
718,2
719,2
720,2
721,2
722,2
723,2
724,2
725,2
726,2
727,2
728,2
729,0
730,2
731,2
732,0
733,2
734,2
735,2
736,2
737,0
738,0
739,0
740,2
741,0
742,2
743,2
744,2
745,2
746,2
747,2
748,1
749,2
750,2
751,2
752,0
753,2
754,2
755,2
756,0
757,2
758,2
759,2
760,2
761,2
762,2
763,0
764,2
765,1
766,2
767,2
768,2
769,2
770,2
771,2
772,2
773,2
774,0
775,2
776,2
777,2
778,2
779,2
780,2
781,2
782,2
783,0
784,2
785,0
786,2
787,2
788,2
789,2
790,2
791,2
792,2
793,2
794,2
795,2
796,0
797,2
798,2
799,2
800,2
801,2
802,2
803,2
804,2
805,2
806,2
807,2
808,2
809,2
810,2
811,2
812,0
813,2
814,2
815,0
816,0
817,2
818,2
819,2
820,2
821,2
822,2
823,2
824,2
825,2
826,2
827,2
828,2
829,0
830,2
831,2
832,2
833,0
834,2
835,2
836,2
837,2
838,2
839,0
840,2
841,2
842,2
843,2
844,2
845,1
846,2
847,2
848,2
849,0
850,2
851,2
852,2
853,2
854,2
855,2
856,2
857,2
858,2
859,0
860,2
861,2
862,2
863,2
864,2
865,2
866,2
867,2
868,2
869,0
870,1
871,2
872,2
873,2
874,2
875,2
876,2
877,2
878,2
879,2
880,2
881,2
882,2
883,0
884,2
885,2
886,2
887,2
888,2
889,2
890,0
891,2
892,2
893,2
894,0
895,2
896,2
897,0
898,0
899,2
900,2
901,2
902,2
903,0
904,2
905,2
906,2
907,2
908,2
909,2
910,0
911,0
912,1
913,0
914,2
915,2
916,2
917,2
918,2
919,1
920,2
921,2
922,2
923,2
924,2
925,2
926,2
927,2
928,2
929,2
930,2
931,2
932,2
933,2
934,2
935,2
936,2
937,2
938,2
939,2
940,2
941,2
942,2
943,2
944,2
945,2
946,2
947,1
948,2
949,1
950,2
951,2
952,0
953,0
954,2
955,2
956,2
957,0
958,2
959,2
960,2
961,2
962,2
963,2
964,2
965,2
966,1
967,2
968,2
969,2
970,2
971,2
972,0
973,2
974,2
975,0
976,2
977,2
978,2
979,2
980,0
981,2
982,2
983,0
984,2
985,2
986,2
987,0
988,2
989,1
990,2
991,2
992,2
993,2
994,0
995,2
996,2
997,2
998,2
999,2
1000,0
1001,0
1002,0
1003,2
1004,2
1005,2
1006,2
1007,2
1008,0
1009,2
1010,2
1011,0
1012,2
1013,2
1014,2
1015,2
1016,0
1017,2
1018,0
1019,2
1020,2
1021,2
1022,0
1023,0
1024,2
1025,2
1026,0
1027,2
1028,0
1029,2
1030,2
1031,2
1032,2
1033,2
1034,0
1035,2
1036,2
1037,0
1038,0
1039,2
1040,2
1041,2
1042,2
1043,2
1044,0
1045,2
1046,2
1047,0
1048,2
1049,2
1050,2
1051,2
1052,0
1053,2
1054,2
1055,2
1056,2
1057,0
1058,2
1059,2
1060,2
1061,2
1062,2
1063,1
1064,0
1065,2
1066,1
1067,2
1068,2
1069,2
1070,2
1071,2
1072,2
1073,2
1074,0
1075,2
1076,0
1077,1
1078,0
1079,2
1080,2
1081,2
1082,2
1083,2
1084,2
1085,2
1086,0
1087,1
1088,2
1089,2
1090,2
1091,2
1092,0
1093,1
1094,2
1095,2
1096,1
1097,2
1098,2
1099,2
1100,2
1101,2
1102,2
1103,2
1104,2
1105,2
1106,2
1107,2
1108,2
1109,2
1110,2
1111,0
1112,2
1113,0
1114,2
1115,2
1116,2
1117,2
1118,2
1119,2
1120,2
1121,0
1122,2
1123,2
1124,2
1125,0
1126,2
1127,2
1128,2
1129,2
1130,2
1131,0
1132,2
1133,1
1134,2
1135,2
1136,2
1137,2
1138,2
1139,0
1140,0
1141,2
1142,2
1143,2
1144,2
1145,0
1146,0
1147,2
1148,2
1149,0
1150,2
1151,2
1152,0
1153,2
1154,2
1155,2
1156,2
1157,2
1158,2
1159,2
1160,0
1161,2
1162,2
1163,2
1164,2
1165,2
1166,0
1167,0
1168,2
1169,2
1170,2
1171,2
1172,2
1173,2
1174,2
1175,2
1176,2
1177,2
1178,0
1179,2
1180,2
1181,2
1182,1
1183,2
1184,1
1185,1
1186,2
1187,2
1188,2
1189,0
1190,0
1191,2
1192,2
1193,2
1194,0
1195,0
1196,2
1197,2
1198,2
1199,0
1200,2
1201,0
1202,2
1203,1
1204,2
1205,0
1206,0
1207,2
1208,2
1209,2
1210,2
1211,1
1212,2
1213,2
1214,2
1215,2
1216,0
1217,2
1218,1
1219,2
1220,2
1221,2
1222,2
1223,2
1224,2
1225,2
1226,2
1227,2
1228,0
1229,2
1230,2
1231,2
1232,0
1233,2
1234,2
1235,1
1236,2
1237,2
1238,2
1239,0
1240,2
1241,2
1242,2
1243,2
1244,0
1245,2
1246,2
1247,0
1248,2
1249,0
1250,2
1251,0
1252,2
1253,2
1254,2
1255,0
1256,2
1257,2
1258,2
1259,2
1260,2
1261,2
1262,1
1263,2
1264,2
1265,0
1266,2
1267,1
1268,2
1269,2
1270,2
1271,2
1272,2
1273,2
1274,2
1275,0
1276,2
1277,2
1278,2
1279,2
1280,2
1281,2
1282,2
1283,0
1284,2
1285,0
1286,2
1287,2
1288,2
1289,2
1290,0
1291,2
1292,2
1293,2
1294,2
1295,2
1296,0
1297,2
1298,2
1299,2
1300,2
1301,2
1302,2
1303,2
1304,0
1305,2
1306,0
1307,2
1308,2
1309,2
1310,0
1311,2
1312,2
1313,2
1314,2
1315,2
1316,2
1317,0
1318,2
1319,2
1320,2
1321,2
1322,2
1323,1
1324,2
1325,2
1326,2
1327,0
1328,2
1329,0
1330,2
1331,2
1332,2
1333,2
1334,2
1335,2
1336,2
1337,2
1338,2
1339,2
1340,2
1341,2
1342,2
1343,2
1344,2
1345,2
1346,0
1347,0
1348,1
1349,2
1350,2
1351,2
1352,2
1353,2
1354,2
1355,2
1356,2
1357,2
1358,2
1359,1
1360,0
1361,2
1362,2
1363,1
1364,2
1365,2
1366,2
1367,2
1368,2
1369,0
1370,2
1371,2
1372,2
1373,2
1374,2
1375,2
1376,2
1377,2
1378,2
1379,0
1380,0
1381,2
1382,2
1383,0
1384,0
1385,2
1386,2
1387,1
1388,2
1389,0
1390,2
1391,2
1392,2
1393,2
1394,2
1395,2
1396,2
1397,0
1398,2
1399,2
1400,2
1401,2
1402,2
1403,2
1404,2
1405,2
1406,2
1407,2
1408,0
1409,0
1410,2
1411,2
1412,2
1413,2
1414,2
1415,0
1416,2
1417,2
1418,2
1419,2
1420,2
1421,2
1422,2
1423,0
1424,2
1425,2
1426,2
1427,2
1428,2
1429,0
1430,2
1431,2
1432,2
1433,0
1434,2
1435,2
1436,2
1437,0
1438,1
1439,2
1440,0
1441,2
1442,2
1443,2
1444,2
1445,2
1446,0
1447,2
1448,2
1449,2
1450,2
1451,2
1452,2
1453,2
1454,2
1455,2
1456,2
1457,2
1458,2
1459,2
1460,2
1461,2
1462,2
1463,0
1464,0
1465,2
1466,2
1467,2
1468,2
1469,2
1470,2
1471,2
1472,2
1473,0
1474,2
1475,0
1476,0
1477,2
1478,2
1479,2
1480,2
1481,0
1482,2
1483,0
1484,2
1485,2
1486,2
1487,2
1488,2
1489,2
1490,2
1491,2
1492,0
1493,2
1494,2
1495,2
1496,0
1497,1
1498,2
1499,2
1500,2
1501,2
1502,2
1503,2
1504,2
1505,2
1506,0
1507,2
1508,2
1509,1
1510,2
1511,0
1512,2
1513,2
1514,2
1515,2
1516,2
1517,2
1518,0
1519,1
1520,0
1521,0
1522,2
1523,2
1524,2
1525,2
1526,2
1527,0
1528,2
1529,2
1530,2
1531,2
1532,2
1533,2
1534,0
1535,2
1536,2
1537,2
1538,2
1539,2
1540,0
1541,2
1542,2
1543,0
1544,2
1545,2
1546,2
1547,2
1548,2
1549,2
1550,0
1551,0
1552,2
1553,2
1554,2
1555,2
1556,0
1557,2
1558,2
1559,2
1560,0
1561,2
1562,2
1563,0
1564,2
1565,0
1566,2
1567,2
1568,0
1569,2
1570,2
1571,2
1572,2
1573,2
1574,2
1575,2
1576,0
1577,2
1578,2
1579,2
1580,2
1581,2
1582,2
1583,2
1584,2
1585,2
1586,2
1587,2
1588,2
1589,2
1590,2
1591,2
1592,2
1593,0
1594,2
1595,2
1596,0
1597,2
1598,0
1599,2
1600,2
1601,2
1602,2
1603,2
1604,2
1605,2
1606,2
1607,0
1608,2
1609,2
1610,0
1611,2
1612,2
1613,0
1614,2
1615,0
1616,2
1617,2
1618,2
1619,0
1620,2
1621,2
1622,1
1623,2
1624,2
1625,2
1626,2
1627,2
1628,2
1629,0
1630,2
1631,0
1632,2
1633,2
1634,2
1635,0
1636,2
1637,2
1638,2
1639,2
1640,2
1641,2
1642,2
1643,2
1644,2
1645,2
1646,2
1647,2
1648,0
1649,2
1650,2
1651,2
1652,2
1653,2
1654,2
1655,2
1656,2
1657,0
1658,2
1659,2
1660,2
1661,2
1662,2
1663,2
1664,2
1665,2
1666,2
1667,2
1668,2
1669,2
1670,2
1671,2
1672,2
1673,2
1674,2
1675,2
1676,0
1677,2
1678,0
1679,1
1680,2
1681,2
1682,2
1683,2
1684,2
1685,2
1686,2
1687,0
1688,2
1689,2
1690,2
1691,0
1692,2
1693,2
1694,0
1695,0
1696,2
1697,2
1698,2
1699,2
1700,2
1701,2
1702,2
1703,2
1704,0
1705,2
1706,2
1707,0
1708,0
1709,2
1710,2
1711,2
1712,2
1713,0
1714,0
1715,2
1716,2
1717,0
1718,2
1719,2
1720,2
1721,0
1722,2
1723,2
1724,2
1725,0
1726,2
1727,2
1728,2
1729,2
1730,2
1731,2
1732,0
1733,0
1734,2
1735,2
1736,2
1737,0
1738,1
1739,2
1740,2
1741,0
1742,2
1743,2
1744,2
1745,2
1746,2
1747,2
1748,0
1749,2
1750,0
1751,0
1752,2
1753,2
1754,2
1755,2
1756,2
1757,2
1758,2
1759,2
1760,2
1761,2
1762,2
1763,2
1764,2
1765,2
1766,2
1767,2
1768,2
1769,2
1770,2
1771,2
1772,2
1773,2
1774,2
1775,2
1776,2
1777,2
1778,2
1779,2
1780,2
1781,2
1782,2
1783,0
1784,2
1785,0
1786,2
1787,2
1788,0
1789,2
1790,0
1791,2
1792,2
1793,0
1794,2
1795,2
1796,2
1797,1
1798,0
1799,2
1800,0
1801,2
1802,2
1803,2
1804,2
1805,2
1806,0
1807,0
1808,2
1809,0
1810,0
1811,2
1812,2
1813,0
1814,0
1815,0
1816,2
1817,2
1818,2
1819,0
1820,2
1821,2
1822,2
1823,2
1824,0
1825,2
1826,0
1827,1
1828,2
1829,2
1830,2
1831,2
1832,0
1833,1
1834,2
1835,2
1836,2
1837,2
1838,0
1839,0
1840,0
1841,2
1842,2
1843,2
1844,2
1845,2
1846,2
1847,2
1848,2
1849,2
1850,2
1851,2
1852,1
1853,0
1854,2
1855,0
1856,2
1857,2
1858,0
1859,2
1860,2
1861,2
1862,2
1863,1
1864,2
1865,2
1866,2
1867,2
1868,2
1869,2
1870,2
1871,2
1872,2
1873,0
1874,2
1875,2
1876,0
1877,2
1878,0
1879,2
1880,2
1881,2
1882,2
1883,2
1884,2
1885,2
1886,2
1887,0
1888,2
1889,0
1890,2
1891,2
1892,2
1893,2
1894,2
1895,0
1896,2
1897,2
1898,0
1899,0
1900,2
1901,2
1902,2
1903,2
1904,2
1905,0
1906,1
1907,2
1908,2
1909,2
1910,2
1911,2
1912,2
1913,2
1914,0
1915,2
1916,2
1917,2
1918,0
1919,2
1920,2
1921,2
1922,2
1923,2
1924,0
1925,1
1926,0
1927,2
1928,2
1929,2
1930,0
1931,2
1932,2
1933,2
1934,2
1935,2
1936,1
1937,2
1938,1
1939,0
1940,2
1941,2
1942,2
1943,2
1944,0
1945,0
1946,2
1947,0
1948,0
1949,2
1950,0
1951,0
1952,2
1953,1
1954,2
1955,2
1956,2
1957,2
1958,0
1959,2
1960,2
1961,2
1962,2
1963,0
1964,2
1965,2
1966,2
1967,2
1968,0
1969,2
1970,2
1971,2
1972,2
1973,0
1974,2
1975,2
1976,0
1977,2
1978,2
1979,2
1980,2
1981,2
1982,2
1983,0
1984,2
1985,2
1986,2
1987,2
1988,2
1989,0
1990,2
1991,0
1992,2
1993,1
1994,2
1995,2
1996,2
1997,2
1998,2
1999,0
2000,2
2001,2
2002,2
2003,2
2004,2
2005,0
2006,2
2007,2
2008,2
2009,2
2010,2
2011,2
2012,0
2013,2
2014,2
2015,2
2016,2
2017,2
2018,0
2019,2
2020,2
2021,2
2022,0
2023,0
2024,0
2025,0
2026,2
2027,2
2028,0
2029,2
2030,2
2031,1
2032,2
2033,0
2034,2
2035,2
2036,2
2037,2
2038,2
2039,2
2040,2
2041,2
2042,2
2043,2
2044,2
2045,2
2046,2
2047,2
2048,2
2049,2
2050,2
2051,2
2052,2
2053,2
2054,0
2055,2
2056,2
2057,2
2058,2
2059,2
2060,2
2061,2
2062,1
2063,2
2064,0
2065,0
2066,2
2067,2
2068,2
2069,2
2070,2
2071,0
2072,2
2073,2
2074,2
2075,0
2076,2
2077,2
2078,0
2079,2
2080,2
2081,2
2082,2
2083,2
2084,2
2085,0
2086,2
2087,2
2088,2
2089,2
2090,0
2091,2
2092,2
2093,2
2094,2
2095,2
2096,0
2097,0
2098,2
2099,2
2100,2
2101,0
2102,2
2103,2
2104,0
2105,0
2106,2
2107,2
2108,2
2109,2
2110,2
2111,0
2112,2
2113,2
2114,2
2115,2
2116,2
2117,2
2118,2
2119,2
2120,2
2121,2
2122,0
2123,2
2124,0
2125,1
2126,2
2127,0
2128,2
2129,2
2130,0
2131,0
2132,2
2133,2
2134,2
2135,0
2136,2
2137,2
2138,0
2139,2
2140,2
2141,2
2142,2
2143,2
2144,2
2145,2
2146,0
2147,2
2148,2
2149,2
2150,2
2151,2
2152,2
2153,2
2154,2
2155,2
2156,0
2157,1
2158,0
2159,2
2160,2
2161,0
2162,1
2163,2
2164,2
2165,0
2166,2
2167,2
2168,1
2169,2
2170,2
2171,2
2172,2
2173,2
2174,2
2175,1
2176,2
2177,2
2178,2
2179,2
2180,0
2181,2
2182,2
2183,1
2184,2
2185,2
2186,2
2187,2
2188,2
2189,2
2190,2
2191,0
2192,2
2193,1
2194,0
2195,2
2196,2
2197,2
2198,1
2199,2
2200,2
2201,2
2202,2
2203,2
2204,2
2205,2
2206,2
2207,2
2208,2
2209,2
2210,2
2211,2
2212,1
2213,2
2214,0
2215,2
2216,2
2217,2
2218,2
2219,2
2220,2
2221,2
2222,2
2223,1
2224,2
2225,2
2226,2
2227,1
2228,2
2229,2
2230,2
2231,2
2232,2
2233,2
2234,0
2235,2
2236,2
2237,2
2238,0
2239,2
2240,1
2241,0
2242,2
2243,2
2244,0
2245,2
2246,2
2247,0
2248,0
2249,2
2250,1
2251,0
2252,2
2253,0
2254,2
2255,2
2256,2
2257,2
2258,2
2259,2
2260,2
2261,2
2262,2
2263,1
2264,2
2265,1
2266,2
2267,2
2268,0
2269,2
2270,2
2271,2
2272,2
2273,2
2274,2
2275,2
2276,2
2277,2
2278,2
2279,2
2280,2
2281,2
2282,0
2283,0
2284,2
2285,2
2286,0
2287,2
2288,1
2289,2
2290,2
2291,2
2292,2
2293,0
2294,2
2295,2
2296,2
2297,2
2298,2
2299,2
2300,2
2301,0
2302,2
2303,2
2304,0
2305,2
2306,2
2307,2
2308,2
2309,2
2310,2
2311,2
2312,0
2313,2
2314,0
2315,2
2316,2
2317,2
2318,2
2319,2
2320,2
2321,2
2322,2
2323,2
2324,2
2325,0
2326,2
2327,2
2328,2
2329,2
2330,2
2331,0
2332,2
2333,2
2334,2
2335,2
2336,2
2337,2
2338,2
2339,2
2340,0
2341,2
2342,2
2343,0
2344,0
2345,1
2346,2
2347,2
2348,2
2349,2
2350,0
2351,0
2352,1
2353,2
2354,2
2355,2
2356,2
2357,1
2358,2
2359,2
2360,0
2361,2
2362,2
2363,2
2364,2
2365,0
2366,2
2367,0
2368,2
2369,0
2370,2
2371,0
2372,2
2373,2
2374,2
2375,2
2376,2
2377,2
2378,2
2379,2
2380,1
2381,0
2382,0
2383,2
2384,2
2385,2
2386,2
2387,2
2388,2
2389,2
2390,2
2391,2
2392,0
2393,2
2394,2
2395,2
2396,2
2397,2
2398,2
2399,0
2400,0
2401,2
2402,2
2403,2
2404,2
2405,2
2406,2
2407,0
2408,0
2409,2
2410,2
2411,2
2412,2
2413,2
2414,2
2415,2
2416,2
2417,2
2418,2
2419,2
2420,0
2421,2
2422,2
2423,2
2424,2
2425,2
2426,2
2427,2
2428,2
2429,2
2430,2
2431,2
2432,2
2433,2
2434,2
2435,0
2436,2
2437,0
2438,2
2439,2
2440,2
2441,0
2442,2
2443,2
2444,2
2445,2
2446,2
2447,2
2448,2
2449,2
2450,2
2451,2
2452,0
2453,2
2454,2
2455,0
2456,1
2457,1
2458,2
2459,2
2460,2
2461,0
2462,2
2463,2
2464,2
2465,2
2466,0
2467,2
2468,2
2469,0
2470,0
2471,0
2472,2
2473,0
2474,2
2475,2
2476,2
2477,2
2478,2
2479,2
2480,0
2481,2
2482,2
2483,2
2484,2
2485,0
2486,2
2487,2
2488,2
2489,0
2490,2
2491,0
2492,2
2493,2
2494,0
2495,2
2496,2
2497,2
2498,2
2499,2
2500,1
2501,0
2502,2
2503,2
2504,2
2505,2
2506,2
2507,0
2508,2
2509,2
2510,2
2511,2
2512,2
2513,0
2514,2
2515,2
2516,2
2517,2
2518,2
2519,2
2520,0
2521,0
2522,2
2523,2
2524,2
2525,2
2526,2
2527,2
2528,2
2529,2
2530,2
2531,2
2532,2
2533,2
2534,2
2535,2
2536,2
2537,1
2538,2
2539,2
2540,2
2541,2
2542,2
2543,0
2544,2
2545,2
2546,2
2547,0
2548,2
2549,2
2550,2
2551,2
2552,2
2553,2
2554,2
2555,2
2556,2
2557,2
2558,2
2559,2
2560,2
2561,2
2562,0
2563,0
2564,2
2565,2
2566,2
2567,2
2568,2
2569,2
2570,2
2571,2
2572,2
2573,2
2574,2
2575,2
2576,0
2577,2
2578,2
2579,2
2580,2
2581,2
2582,0
2583,0
2584,2
2585,2
2586,2
2587,2
2588,2
2589,2
2590,2
2591,2
2592,2
2593,0
2594,2
2595,2
2596,2
2597,2
2598,2
2599,2
2600,2
2601,2
2602,2
2603,2
2604,2
2605,2
2606,2
2607,2
2608,2
2609,2
2610,2
2611,0
2612,2
2613,2
2614,2
2615,0
2616,2
2617,1
2618,2
2619,2
2620,2
2621,2
2622,2
2623,0
2624,2
2625,2
2626,2
2627,2
2628,2
2629,2
2630,2
2631,1
2632,2
2633,1
2634,2
2635,2
2636,2
2637,2
2638,2
2639,2
2640,0
2641,0
2642,2
2643,2
2644,2
2645,0
2646,2
2647,1
2648,2
2649,2
2650,0
2651,2
2652,2
2653,0
2654,2
2655,2
2656,2
2657,2
2658,2
2659,0
2660,2
2661,2
2662,2
2663,2
2664,2
2665,2
2666,2
2667,0
2668,2
2669,2
2670,2
2671,2
2672,2
2673,2
2674,0
2675,2
2676,2
2677,0
2678,2
2679,1
2680,2
2681,0
2682,2
2683,2
2684,2
2685,2
2686,2
2687,2
2688,1
2689,1
2690,2
2691,2
2692,2
2693,2
2694,0
2695,2
2696,2
2697,2
2698,2
2699,2
2700,2
2701,2
2702,2
2703,2
2704,2
2705,2
2706,0
2707,2
2708,2
2709,2
2710,2
2711,0
2712,2
2713,2
2714,2
2715,2
2716,2
2717,2
2718,2
2719,2
2720,2
2721,2
2722,2
2723,0
2724,2
2725,2
2726,2
2727,0
2728,2
2729,2
2730,2
2731,2
2732,2
2733,2
2734,2
2735,2
2736,0
2737,2
2738,0
2739,2
2740,2
2741,2
2742,2
2743,2
2744,2
2745,1
2746,2
2747,2
2748,0
2749,0
2750,2
2751,2
2752,2
2753,2
2754,2
2755,2
2756,0
2757,1
2758,2
2759,2
2760,0
2761,2
2762,0
2763,0
2764,2
2765,0
2766,2
2767,0
2768,0
2769,0
2770,2
2771,2
2772,2
2773,2
2774,2
2775,0
2776,2
2777,0
2778,2
2779,1
2780,2
2781,2
2782,2
2783,2
2784,2
2785,2
2786,2
2787,2
2788,2
2789,2
2790,2
2791,2
2792,2
2793,2
2794,2
2795,2
2796,2
2797,2
2798,0
2799,2
2800,2
2801,2
2802,0
2803,2
2804,2
2805,2
2806,2
2807,2
2808,2
2809,0
2810,1
2811,2
2812,2
2813,2
2814,2
2815,2
2816,2
2817,0
2818,2
2819,0
2820,2
2821,2
2822,2
2823,0
2824,2
2825,2
2826,2
2827,2
2828,2
2829,2
2830,0
2831,0
2832,2
2833,2
2834,2
2835,2
2836,2
2837,0
2838,2
2839,2
2840,0
2841,2
2842,1
2843,2
2844,0
2845,2
2846,2
2847,1
2848,0
2849,2
2850,2
2851,2
2852,2
2853,0
2854,2
2855,2
2856,2
2857,2
2858,2
2859,2
2860,2
2861,2
2862,2
2863,2
2864,2
2865,2
2866,2
2867,2
2868,2
2869,2
2870,2
2871,2
2872,2
2873,2
2874,2
2875,2
2876,2
2877,2
2878,0
2879,0
2880,2
2881,2
2882,2
2883,2
2884,2
2885,2
2886,0
2887,2
2888,0
2889,2
2890,2
2891,0
2892,2
2893,0
2894,2
2895,0
2896,0
2897,2
2898,0
2899,2
2900,2
2901,2
2902,2
2903,2
2904,2
2905,2
2906,2
2907,0
2908,0
2909,2
2910,2
2911,2
2912,2
2913,2
2914,2
2915,2
2916,2
2917,2
2918,2
2919,2
2920,1
2921,2
2922,2
2923,2
2924,2
2925,2
2926,2
2927,2
2928,2
2929,2
2930,2
2931,2
2932,2
2933,0
2934,2
2935,2
2936,2
2937,2
2938,2
2939,0
2940,2
2941,2
2942,0
2943,1
2944,2
2945,0
2946,1
2947,0
2948,2
2949,0
2950,2
2951,0
2952,2
2953,2
2954,2
2955,2
2956,2
2957,2
2958,2
2959,2
2960,2
2961,2
2962,2
2963,2
2964,2
2965,0
2966,2
2967,2
2968,2
2969,0
2970,0
2971,0
2972,2
2973,2
2974,2
2975,2
2976,2
2977,2
2978,2
2979,2
2980,2
2981,2
2982,2
2983,2
2984,2
2985,2
2986,2
2987,2
2988,2
2989,2
2990,2
2991,2
2992,2
2993,0
2994,2
2995,2
2996,2
2997,0
2998,2
2999,2
3000,2
3001,0
3002,0
3003,2
3004,2
3005,1
3006,2
3007,0
3008,2
3009,2
3010,2
3011,0
3012,0
3013,2
3014,2
3015,2
3016,2
3017,2
3018,2
3019,2
3020,2
3021,2
3022,2
3023,2
3024,2
3025,0
3026,2
3027,2
3028,2
3029,2
3030,2
3031,2
3032,2
3033,2
3034,2
3035,2
3036,2
3037,2
3038,1
3039,2
3040,0
3041,2
3042,2
3043,2
3044,2
3045,2
3046,2
3047,1
3048,2
3049,1
3050,2
3051,2
3052,1
3053,2
3054,2
3055,2
3056,2
3057,2
3058,2
3059,2
3060,2
3061,0
3062,2
3063,2
3064,2
3065,0
3066,2
3067,2
3068,2
3069,0
3070,2
3071,0
3072,0
3073,2
3074,2
3075,2
3076,2
3077,2
3078,2
3079,2
3080,2
3081,2
3082,0
3083,2
3084,2
3085,2
3086,2
3087,2
3088,2
3089,2
3090,2
3091,2
3092,2
3093,2
3094,1
3095,2
3096,2
3097,2
3098,2
3099,2
3100,2
3101,2
3102,2
3103,0
3104,2
3105,0
3106,0
3107,2
3108,0
3109,1
3110,0
3111,0
3112,2
3113,2
3114,1
3115,2
3116,2
3117,2
3118,0
3119,2
3120,0
3121,0
3122,1
3123,0
3124,2
3125,2
3126,2
3127,0
3128,2
3129,0
3130,0
3131,0
3132,2
3133,0
3134,2
3135,2
3136,0
3137,2
3138,0
3139,2
3140,2
3141,2
3142,2
3143,0
3144,2
3145,2
3146,2
3147,2
3148,2
3149,1
3150,2
3151,2
3152,0
3153,0
3154,2
3155,2
3156,2
3157,2
3158,2
3159,0
3160,2
3161,1
3162,2
3163,2
3164,2
3165,2
3166,2
3167,2
3168,2
3169,2
3170,2
3171,2
3172,2
3173,1
3174,2
3175,2
3176,1
3177,2
3178,2
3179,2
3180,2
3181,2
3182,2
3183,2
3184,1
3185,2
3186,2
3187,2
3188,2
3189,2
3190,2
3191,2
3192,2
3193,2
3194,2
3195,2
3196,2
3197,2
3198,2
3199,2
3200,0
3201,2
3202,2
3203,2
3204,2
3205,2
3206,2
3207,2
3208,2
3209,2
3210,2
3211,1
3212,2
3213,2
3214,2
3215,2
3216,2
3217,2
3218,2
3219,2
3220,2
3221,0
3222,2
3223,0
3224,2
3225,0
3226,2
3227,0
3228,2
3229,2
3230,0
3231,2
3232,2
3233,2
3234,2
3235,2
3236,2
3237,0
3238,2
3239,2
3240,2
3241,2
3242,0
3243,2
3244,2
3245,2
3246,2
3247,2
3248,0
3249,2
3250,2
3251,0
3252,2
3253,2
3254,2
3255,2
3256,2
3257,0
3258,2
3259,0
3260,2
3261,0
3262,2
3263,2
3264,2
3265,2
3266,2
3267,2
3268,0
3269,2
3270,2
3271,0
3272,2
3273,2
3274,2
3275,0
3276,2
3277,0
3278,2
3279,2
3280,0
3281,2
3282,2
3283,2
3284,0
3285,2
3286,1
3287,2
3288,2
3289,2
3290,2
3291,2
3292,2
3293,2
3294,2
3295,0
3296,0
3297,2
3298,2
3299,2
3300,1
3301,2
3302,2
3303,2
3304,0
3305,2
3306,2
3307,2
3308,2
3309,2
3310,2
3311,0
3312,0
3313,2
3314,2
3315,2
3316,0
3317,1
3318,2
3319,2
3320,2
3321,2
3322,2
3323,2
3324,2
3325,0
3326,0
3327,2
3328,0
3329,0
3330,2
3331,2
3332,2
3333,2
3334,2
3335,2
3336,2
3337,2
3338,2
3339,2
3340,2
3341,2
3342,2
3343,2
3344,1
3345,2
3346,2
3347,2
3348,2
3349,2
3350,2
3351,2
3352,2
3353,2
3354,2
3355,2
3356,1
3357,2
3358,2
3359,0
3360,2
3361,0
3362,2
3363,2
3364,1
3365,2
3366,2
3367,1
3368,2
3369,2
3370,2
3371,2
3372,2
3373,0
3374,2
3375,2
3376,2
3377,0
3378,2
3379,2
3380,2
3381,2
3382,2
3383,2
3384,2
3385,2
3386,2
3387,2
3388,2
3389,2
3390,0
3391,2
3392,2
3393,2
3394,2
3395,2
3396,0
3397,0
3398,2
3399,2
3400,2
3401,0
3402,0
3403,2
3404,2
3405,2
3406,2
3407,2
3408,2
3409,2
3410,2
3411,2
3412,2
3413,2
3414,0
3415,2
3416,0
3417,0
3418,2
3419,2
3420,0
3421,1
3422,2
3423,2
3424,2
3425,2
3426,0
3427,2
3428,2
3429,2
3430,2
3431,2
3432,2
3433,2
3434,2
3435,2
3436,2
3437,2
3438,0
3439,2
3440,2
3441,2
3442,2
3443,2
3444,2
3445,2
3446,2
3447,0
3448,2
3449,0
3450,2
3451,2
3452,2
3453,2
3454,2
3455,2
3456,2
3457,2
3458,1
3459,0
3460,2
3461,2
3462,2
3463,0
3464,2
3465,0
3466,2
3467,2
3468,0
3469,2
3470,0
3471,2
3472,2
3473,0
3474,0
3475,2
3476,2
3477,2
3478,0
3479,2
3480,1
3481,2
3482,2
3483,2
3484,2
3485,0
3486,2
3487,2
3488,2
3489,2
3490,2
3491,2
3492,2
3493,0
3494,2
3495,0
3496,2
3497,2
3498,2
3499,2
3500,2
3501,2
3502,0
3503,0
3504,2
3505,2
3506,2
3507,2
3508,2
3509,2
3510,2
3511,2
3512,0
3513,2
3514,2
3515,0
3516,2
3517,0
3518,2
3519,2
3520,1
3521,2
3522,2
3523,2
3524,2
3525,2
3526,2
3527,2
3528,2
3529,2
3530,2
3531,2
3532,2
3533,0
3534,2
3535,2
3536,2
3537,2
3538,1
3539,2
3540,2
3541,2
3542,2
3543,2
3544,2
3545,2
3546,2
3547,2
3548,0
3549,2
3550,2
3551,2
3552,2
3553,2
3554,0
3555,0
3556,2
3557,2
3558,2
3559,2
3560,2
3561,2
3562,2
3563,2
3564,0
3565,2
3566,2
3567,1
3568,1
3569,2
3570,0
3571,0
3572,0
3573,2
3574,2
3575,0
3576,2
3577,2
3578,2
3579,2
3580,2
3581,2
3582,2
3583,2
3584,2
3585,2
3586,2
3587,2
3588,2
3589,2
3590,2
3591,2
3592,2
3593,2
3594,2
3595,1
3596,0
3597,2
3598,2
3599,2
3600,2
3601,2
3602,2
3603,0
3604,2
3605,2
3606,2
3607,0
3608,2
3609,1
3610,0
3611,0
3612,0
3613,0
3614,2
3615,0
3616,1
3617,2
3618,2
3619,2
3620,2
3621,2
3622,2
3623,2
3624,0
3625,2
3626,2
3627,2
3628,2
3629,2
3630,2
3631,2
3632,2
3633,2
3634,0
3635,2
3636,2
3637,2
3638,2
3639,0
3640,2
3641,2
3642,2
3643,2
3644,2
3645,2
3646,0
3647,2
3648,2
3649,2
3650,2
3651,0
3652,0
3653,0
3654,0
3655,2
3656,2
3657,0
3658,0
3659,2
3660,2
3661,0
3662,2
3663,2
3664,2
3665,2
3666,2
3667,1
3668,2
3669,2
3670,2
3671,2
3672,2
3673,2
3674,2
3675,2
3676,2
3677,2
3678,2
3679,2
3680,2
3681,2
3682,1
3683,2
3684,2
3685,0
3686,2
3687,2
3688,2
3689,1
3690,2
3691,2
3692,2
3693,2
3694,2
3695,0
3696,2
3697,2
3698,2
3699,2
3700,2
3701,2
3702,2
3703,2
3704,2
3705,2
3706,2
3707,0
3708,0
3709,0
3710,2
3711,0
3712,1
3713,2
3714,2
3715,2
3716,0
3717,2
3718,2
3719,2
3720,2
3721,2
3722,2
3723,2
3724,2
3725,2
3726,2
3727,2
3728,2
3729,0
3730,2
3731,2
3732,2
3733,2
3734,0
3735,2
3736,2
3737,0
3738,1
3739,2
3740,2
3741,0
3742,2
3743,2
3744,2
3745,0
3746,2
3747,2
3748,2
3749,2
3750,2
3751,2
3752,2
3753,2
3754,2
3755,2
3756,2
3757,2
3758,2
3759,2
3760,2
3761,2
3762,2
3763,2
3764,2
3765,2
3766,2
3767,2
3768,1
3769,2
3770,2
3771,2
3772,2
3773,2
3774,2
3775,1
3776,0
3777,2
3778,2
3779,1
3780,2
3781,2
3782,2
3783,2
3784,2
3785,2
3786,2
3787,1
3788,2
3789,2
3790,2
3791,2
3792,2
3793,2
3794,2
3795,2
3796,2
3797,0
3798,2
3799,2
3800,2
3801,2
3802,2
3803,2
3804,2
3805,2
3806,0
3807,2
3808,2
3809,0
3810,2
3811,2
3812,2
3813,2
3814,2
3815,2
3816,2
3817,2
3818,2
3819,2
3820,2
3821,2
3822,2
3823,2
3824,2
3825,2
3826,2
3827,2
3828,2
3829,2
3830,2
3831,2
3832,2
3833,2
3834,2
3835,2
3836,2
3837,2
3838,2
3839,2
3840,2
3841,0
3842,0
3843,2
3844,2
3845,2
3846,2
3847,2
3848,0
3849,2
3850,2
3851,2
3852,2
3853,2
3854,2
3855,2
3856,2
3857,0
3858,2
3859,2
3860,2
3861,2
3862,0
3863,1
3864,2
3865,2
3866,2
3867,2
3868,0
3869,2
3870,2
3871,2
3872,2
3873,2
3874,2
3875,2
3876,2
3877,0
3878,2
3879,2
3880,0
3881,2
3882,2
3883,2
3884,2
3885,2
3886,0
3887,2
3888,0
3889,0
3890,2
3891,2
3892,2
3893,2
3894,2
3895,0
3896,2
3897,2
3898,0
3899,2
3900,2
3901,2
3902,2
3903,2
3904,2
3905,0
3906,2
3907,1
3908,2
3909,2
3910,0
3911,2
3912,2
3913,2
3914,2
3915,0
3916,0
3917,2
3918,1
3919,0
3920,2
3921,2
3922,2
3923,2
3924,2
3925,0
3926,2
3927,2
3928,1
3929,2
3930,2
3931,2
3932,0
3933,0
3934,2
3935,2
3936,0
3937,2
3938,2
3939,2
3940,2
3941,0
3942,2
3943,2
3944,2
3945,2
3946,2
3947,2
3948,2
3949,2
3950,2
3951,0
3952,2
3953,2
3954,0
3955,2
3956,0
3957,0
3958,2
3959,2
3960,2
3961,2
3962,1
3963,2
3964,2
3965,2
3966,0
3967,2
3968,2
3969,2
3970,2
3971,2
3972,0
3973,2
3974,2
3975,2
3976,2
3977,2
3978,2
3979,2
3980,1
3981,2
3982,2
3983,2
3984,2
3985,2
3986,2
3987,2
3988,0
3989,2
3990,2
3991,0
3992,2
3993,2
3994,2
3995,2
3996,2
3997,2
3998,2
3999,2
4000,2
4001,2
4002,2
4003,0
4004,2
4005,2
4006,2
4007,2
4008,2
4009,2
4010,2
4011,0
4012,2
4013,2
4014,2
4015,0
4016,0
4017,0
4018,2
4019,2
4020,2
4021,2
4022,2
4023,2
4024,2
4025,2
4026,0
4027,2
4028,1
4029,2
4030,2
4031,0
4032,2
4033,0
4034,2
4035,2
4036,2
4037,2
4038,2
4039,2
4040,0
4041,2
4042,2
4043,2
4044,2
4045,2
4046,2
4047,2
4048,2
4049,0
4050,2
4051,2
4052,0
4053,2
4054,2
4055,2
4056,0
4057,2
4058,2
4059,0
4060,1
4061,0
4062,2
4063,0
4064,2
4065,2
4066,2
4067,2
4068,2
4069,2
4070,0
4071,2
4072,2
4073,2
4074,2
4075,2
4076,2
4077,2
4078,2
4079,2
4080,2
4081,2
4082,2
4083,0
4084,2
4085,2
4086,0
4087,1
4088,0
4089,2
4090,2
4091,2
4092,0
4093,2
4094,2
4095,0
4096,2
4097,2
4098,0
4099,2
4100,2
4101,2
4102,0
4103,2
4104,2
4105,2
4106,2
4107,2
4108,1
4109,2
4110,2
4111,2
4112,2
4113,2
4114,2
4115,2
4116,2
4117,2
4118,2
4119,2
4120,2
4121,0
4122,2
4123,2
4124,2
4125,2
4126,0
4127,2
4128,2
4129,2
4130,2
4131,2
4132,0
4133,0
4134,0
4135,1
4136,2
4137,2
4138,2
4139,2
4140,0
4141,2
4142,2
4143,2
4144,2
4145,2
4146,2
4147,2
4148,2
4149,2
4150,2
4151,0
4152,2
4153,0
4154,2
4155,2
4156,0
4157,2
4158,1
4159,2
4160,2
4161,2
4162,2
4163,2
4164,2
4165,2
4166,2
4167,2
4168,2
4169,2
4170,2
4171,2
4172,2
4173,1
4174,2
4175,2
4176,2
4177,0
4178,2
4179,2
4180,0
4181,2
4182,2
4183,2
4184,2
4185,2
4186,2
4187,2
4188,2
4189,1
4190,2
4191,2
4192,2
4193,2
4194,2
4195,1
4196,2
4197,2
4198,2
4199,0
4200,2
4201,2
4202,0
4203,2
4204,0
4205,2
4206,0
4207,2
4208,2
4209,2
4210,0
4211,2
4212,2
4213,2
4214,2
4215,0
4216,0
4217,2
4218,2
4219,2
4220,2
4221,1
4222,0
4223,0
4224,2
4225,2
4226,2
4227,2
4228,2
4229,2
4230,2
4231,2
4232,2
4233,0
4234,2
4235,2
4236,0
4237,1
4238,2
4239,2
4240,2
4241,2
4242,2
4243,2
4244,2
4245,2
4246,0
4247,2
4248,2
4249,2
4250,2
4251,2
4252,2
4253,2
4254,2
4255,2
4256,2
4257,2
4258,0
4259,2
4260,2
4261,2
4262,2
4263,2
4264,2
4265,1
4266,1
4267,2
4268,2
4269,0
4270,2
4271,2
4272,2
4273,2
4274,2
4275,2
4276,1
4277,2
4278,2
4279,0
4280,2
4281,2
4282,2
4283,2
4284,2
4285,2
4286,2
4287,2
4288,2
4289,2
4290,0
4291,2
4292,2
4293,2
4294,0
4295,2
4296,2
4297,0
4298,2
4299,2
4300,2
4301,2
4302,0
4303,2
4304,2
4305,2
4306,2
4307,2
4308,2
4309,2
4310,2
4311,2
4312,2
4313,2
4314,2
4315,2
4316,2
4317,2
4318,2
4319,0
4320,2
4321,2
4322,2
4323,2
4324,1
4325,2
4326,0
4327,2
4328,2
4329,2
4330,2
4331,2
4332,2
4333,2
4334,0
4335,2
4336,2
4337,1
4338,0
4339,2
4340,2
4341,1
4342,2
4343,0
4344,0
4345,0
4346,2
4347,2
4348,2
4349,2
4350,2
4351,2
4352,2
4353,2
4354,2
4355,2
4356,2
4357,0
4358,2
4359,2
4360,2
4361,2
4362,2
4363,2
4364,2
4365,1
4366,2
4367,2
4368,2
4369,2
4370,0
4371,2
4372,2
4373,2
4374,2
4375,2
4376,2
4377,2
4378,2
4379,0
4380,2
4381,2
4382,2
4383,0
4384,2
4385,2
4386,2
4387,2
4388,0
4389,2
4390,2
4391,2
4392,0
4393,2
4394,2
4395,2
4396,2
4397,2
4398,2
4399,0
4400,2
4401,2
4402,0
4403,2
4404,2
4405,2
4406,2
4407,2
4408,2
4409,1
4410,2
4411,0
4412,2
4413,0
4414,0
4415,2
4416,2
4417,0
4418,2
4419,2
4420,2
4421,2
4422,2
4423,2
4424,2
4425,1
4426,2
4427,2
4428,2
4429,0
4430,0
4431,2
4432,2
4433,2
4434,0
4435,2
4436,2
4437,2
4438,2
4439,2
4440,2
4441,2
4442,2
4443,2
4444,0
4445,0
4446,2
4447,2
4448,0
4449,2
4450,2
4451,2
4452,2
4453,2
4454,2
4455,2
4456,2
4457,2
4458,2
4459,0
4460,0
4461,2
4462,0
4463,2
4464,2
4465,2
4466,2
4467,0
4468,2
4469,1
4470,2
4471,2
4472,2
4473,2
4474,2
4475,0
4476,1
4477,2
4478,2
4479,2
4480,2
4481,2
4482,0
4483,2
4484,2
4485,0
4486,2
4487,2
4488,2
4489,0
4490,0
4491,2
4492,0
4493,2
4494,2
4495,2
4496,2
4497,2
4498,2
4499,2
4500,2
4501,2
4502,2
4503,2
4504,2
4505,2
4506,2
4507,0
4508,2
4509,2
4510,0
4511,2
4512,2
4513,1
4514,0
4515,2
4516,0
4517,0
4518,2
4519,1
4520,2
4521,2
4522,2
4523,2
4524,2
4525,2
4526,2
4527,0
4528,2
4529,0
4530,2
4531,2
4532,2
4533,2
4534,2
4535,2
4536,2
4537,2
4538,2
4539,2
4540,2
4541,0
4542,2
4543,0
4544,2
4545,0
4546,1
4547,0
4548,2
4549,2
4550,1
4551,2
4552,2
4553,1
4554,1
4555,2
4556,2
4557,2
4558,2
4559,2
4560,1
4561,2
4562,2
4563,2
4564,2
4565,2
4566,0
4567,2
4568,0
4569,2
4570,2
4571,0
4572,2
4573,2
4574,0
4575,2
4576,2
4577,2
4578,2
4579,2
4580,0
4581,2
4582,2
4583,2
4584,2
4585,1
4586,2
4587,2
4588,2
4589,2
4590,0
4591,2
4592,2
4593,2
4594,2
4595,2
4596,2
4597,2
4598,2
4599,2
4600,2
4601,2
4602,2
4603,2
4604,0
4605,2
4606,2
4607,2
4608,2
4609,0
4610,0
4611,2
4612,2
4613,2
4614,2
4615,2
4616,2
4617,2
4618,2
4619,2
4620,0
4621,2
4622,2
4623,2
4624,2
4625,2
4626,1
4627,2
4628,2
4629,2
4630,2
4631,2
4632,2
4633,2
4634,2
4635,0
4636,2
4637,2
4638,2
4639,2
4640,2
4641,0
4642,2
4643,2
4644,1
4645,2
4646,2
4647,2
4648,2
4649,2
4650,2
4651,2
4652,1
4653,2
4654,2
4655,2
4656,2
4657,2
4658,2
4659,2
4660,2
4661,2
4662,0
4663,2
4664,2
4665,0
4666,0
4667,2
4668,2
4669,2
4670,2
4671,1
4672,2
4673,2
4674,2
4675,1
4676,0
4677,0
4678,2
4679,0
4680,2
4681,1
4682,1
4683,0
4684,1
4685,2
4686,2
4687,2
4688,2
4689,2
4690,0
4691,2
4692,2
4693,2
4694,2
4695,0
4696,1
4697,2
4698,0
4699,2
4700,2
4701,0
4702,0
4703,2
4704,1
4705,2
4706,2
4707,2
4708,2
4709,2
4710,2
4711,2
4712,0
4713,2
4714,2
4715,0
4716,2
4717,2
4718,2
4719,2
4720,2
4721,2
4722,2
4723,2
4724,2
4725,2
4726,0
4727,2
4728,2
4729,2
4730,2
4731,2
4732,2
4733,2
4734,2
4735,0
4736,0
4737,0
4738,0
4739,0
4740,2
4741,2
4742,2
4743,2
4744,0
4745,2
4746,0
4747,2
4748,2
4749,2
4750,2
4751,2
4752,0
4753,2
4754,2
4755,1
4756,2
4757,0
4758,2
4759,2
4760,2
4761,2
4762,0
4763,2
4764,0
4765,2
4766,0
4767,2
4768,0
4769,2
4770,2
4771,2
4772,0
4773,0
4774,2
4775,2
4776,2
4777,2
4778,2
4779,2
4780,0
4781,1
4782,2
4783,2
4784,2
4785,2
4786,2
4787,0
4788,1
4789,0
4790,2
4791,2
4792,2
4793,2
4794,0
4795,2
4796,2
4797,2
4798,2
4799,1
4800,2
4801,2
4802,1
4803,2
4804,2
4805,2
4806,0
4807,2
4808,2
4809,0
4810,1
4811,2
4812,2
4813,2
4814,2
4815,2
4816,2
4817,2
4818,2
4819,2
4820,2
4821,0
4822,2
4823,2
4824,2
4825,0
4826,2
4827,2
4828,2
4829,0
4830,2
4831,0
4832,0
4833,0
4834,2
4835,2
4836,0
4837,0
4838,2
4839,2
4840,2
4841,2
4842,0
4843,0
4844,2
4845,2
4846,2
4847,2
4848,2
4849,2
4850,2
4851,0
4852,2
4853,2
4854,1
4855,2
4856,2
4857,2
4858,2
4859,2
4860,0
4861,0
4862,2
4863,0
4864,2
4865,2
4866,0
4867,2
4868,1
4869,2
4870,2
4871,2
4872,2
4873,2
4874,0
4875,2
4876,2
4877,0
4878,2
4879,2
4880,2
4881,0
4882,0
4883,2
4884,0
4885,2
4886,2
4887,2
4888,2
4889,2
4890,2
4891,1
4892,0
4893,2
4894,0
4895,2
4896,2
4897,0
4898,2
4899,2
4900,2
4901,2
4902,2
4903,0
4904,1
4905,2
4906,2
4907,2
4908,2
4909,2
4910,2
4911,2
4912,2
4913,2
4914,0
4915,2
4916,2
4917,2
4918,0
4919,0
4920,1
4921,2
4922,2
4923,2
4924,2
4925,1
4926,2
4927,2
4928,2
4929,2
4930,2
4931,0
4932,2
4933,2
4934,2
4935,2
4936,2
4937,2
4938,2
4939,2
4940,0
4941,2
4942,2
4943,2
4944,2
4945,0
4946,2
4947,0
4948,0
4949,2
4950,2
4951,0
4952,2
4953,2
4954,2
4955,2
4956,0
4957,0
4958,2
4959,2
4960,2
4961,0
4962,2
4963,2
4964,2
4965,2
4966,2
4967,2
4968,2
4969,2
4970,2
4971,0
4972,2
4973,2
4974,2
4975,2
4976,2
4977,2
4978,2
4979,0
4980,2
4981,2
4982,2
4983,2
4984,2
4985,0
4986,0
4987,2
4988,2
4989,2
4990,2
4991,2
4992,1
4993,0
4994,2
4995,2
4996,2
4997,2
4998,0
4999,1
5000,2
5001,2
5002,0
5003,2
5004,2
5005,2
5006,2
5007,2
5008,2
5009,2
5010,2
5011,2
5012,2
5013,2
5014,2
5015,2
5016,2
5017,2
5018,0
5019,2
5020,2
5021,0
5022,1
5023,2
5024,2
5025,2
5026,2
5027,2
5028,2
5029,2
5030,2
5031,2
5032,2
5033,2
5034,0
5035,2
5036,1
5037,2
5038,0
5039,2
5040,2
5041,2
5042,0
5043,2
5044,0
5045,0
5046,2
5047,0
5048,0
5049,0
5050,2
5051,2
5052,2
5053,2
5054,0
5055,2
5056,2
5057,0
5058,2
5059,2
5060,2
5061,2
5062,2
5063,2
5064,1
5065,2
5066,2
5067,2
5068,2
5069,2
5070,2
5071,2
5072,2
5073,0
5074,2
5075,2
5076,2
5077,2
5078,0
5079,2
5080,0
5081,2
5082,2
5083,2
5084,2
5085,0
5086,2
5087,2
5088,2
5089,2
5090,2
5091,2
5092,2
5093,2
5094,2
5095,2
5096,2
5097,2
5098,0
5099,2
5100,2
5101,2
5102,2
5103,2
5104,2
5105,2
5106,2
5107,2
5108,0
5109,2
5110,2
5111,2
5112,2
5113,0
5114,2
5115,0
5116,2
5117,2
5118,2
5119,2
5120,0
5121,2
5122,2
5123,2
5124,2
5125,2
5126,2
5127,2
5128,2
5129,2
5130,2
5131,2
5132,2
5133,2
5134,2
5135,2
5136,0
5137,2
5138,0
5139,2
5140,2
5141,0
5142,2
5143,2
5144,2
5145,2
5146,2
5147,2
5148,2
5149,2
5150,2
5151,2
5152,2
5153,0
5154,2
5155,2
5156,2
5157,2
5158,0
5159,2
5160,2
5161,2
5162,2
5163,2
5164,0
5165,2
5166,2
5167,2
5168,0
5169,2
5170,0
5171,2
5172,2
5173,2
5174,2
5175,2
5176,2
5177,2
5178,0
5179,1
5180,1
5181,1
5182,2
5183,2
5184,2
5185,0
5186,2
5187,2
5188,2
5189,0
5190,2
5191,2
5192,2
5193,2
5194,1
5195,2
5196,2
5197,2
5198,2
5199,2
5200,2
5201,2
5202,1
5203,2
5204,2
5205,2
5206,2
5207,2
5208,0
5209,2
5210,2
5211,2
5212,2
5213,2
5214,2
5215,2
5216,2
5217,2
5218,2
5219,2
5220,0
5221,0
5222,2
5223,2
5224,0
5225,2
5226,2
5227,2
5228,0
5229,2
5230,2
5231,2
5232,2
5233,2
5234,2
5235,2
5236,2
5237,0
5238,2
5239,2
5240,1
5241,2
5242,2
5243,2
5244,2
5245,0
5246,2
5247,2
5248,2
5249,2
5250,2
5251,2
5252,1
5253,2
5254,2
5255,2
5256,2
5257,0
5258,2
5259,2
5260,0
5261,2
5262,2
5263,0
5264,2
5265,2
5266,0
5267,2
5268,2
5269,0
5270,2
5271,2
5272,2
5273,0
5274,2
5275,2
5276,2
5277,2
5278,2
5279,1
5280,2
5281,2
5282,2
5283,0
5284,2
5285,2
5286,1
5287,1
5288,0
5289,2
5290,2
5291,0
5292,2
5293,2
5294,2
5295,2
5296,2
5297,1
5298,2
5299,2
5300,2
5301,2
5302,2
5303,2
5304,0
5305,2
5306,1
5307,1
5308,0
5309,2
5310,2
5311,2
5312,2
5313,2
5314,2
5315,2
5316,2
5317,2
5318,2
5319,2
5320,2
5321,2
5322,2
5323,2
5324,2
5325,2
5326,2
5327,2
5328,2
5329,2
5330,2
5331,2
5332,2
5333,2
5334,1
5335,0
5336,2
5337,2
5338,2
5339,2
5340,0
5341,2
5342,2
5343,2
5344,2
5345,2
5346,2
5347,0
5348,0
5349,0
5350,2
5351,2
5352,2
5353,2
5354,2
5355,0
5356,2
5357,2
5358,2
5359,0
5360,0
5361,2
5362,0
5363,2
5364,2
5365,0
5366,2
5367,2
5368,2
5369,2
5370,0
5371,2
5372,2
5373,2
5374,0
5375,2
5376,2
5377,2
5378,2
5379,0
5380,2
5381,2
5382,2
5383,2
5384,2
5385,2
5386,2
5387,2
5388,2
5389,2
5390,0
5391,0
5392,0
5393,2
5394,2
5395,2
5396,2
5397,2
5398,0
5399,2
5400,2
5401,1
5402,2
5403,2
5404,0
5405,2
5406,2
5407,2
5408,0
5409,2
5410,2
5411,2
5412,2
5413,2
5414,2
5415,1
5416,2
5417,2
5418,1
5419,0
5420,2
5421,2
5422,2
5423,2
5424,2
5425,2
5426,2
5427,2
5428,2
5429,2
5430,0
5431,2
5432,0
5433,2
5434,2
5435,2
5436,1
5437,2
5438,0
5439,2
5440,2
5441,2
5442,2
5443,0
5444,2
5445,0
5446,2
5447,2
5448,0
5449,2
5450,1
5451,2
5452,2
5453,2
5454,2
5455,2
5456,0
5457,0
5458,2
5459,2
5460,0
5461,2
5462,0
5463,0
5464,2
5465,2
5466,2
5467,2
5468,2
5469,2
5470,2
5471,0
5472,2
5473,2
5474,2
5475,0
5476,2
5477,2
5478,0
5479,0
5480,2
5481,2
5482,0
5483,2
5484,2
5485,2
5486,2
5487,2
5488,2
5489,2
5490,0
5491,1
5492,2
5493,2
5494,2
5495,1
5496,2
5497,0
5498,2
5499,0
5500,0
5501,0
5502,2
5503,2
5504,2
5505,2
5506,2
5507,2
5508,0
5509,2
5510,1
5511,2
5512,2
5513,2
5514,2
5515,2
5516,2
5517,0
5518,0
5519,2
5520,2
5521,2
5522,2
5523,2
5524,2
5525,2
5526,2
5527,2
5528,2
5529,2
5530,2
5531,2
5532,2
5533,0
5534,0
5535,2
5536,2
5537,2
5538,0
5539,2
5540,0
5541,2
5542,2
5543,0
5544,2
5545,2
5546,2
5547,2
5548,2
5549,0
5550,2
5551,2
5552,2
5553,2
5554,2
5555,2
5556,2
5557,2
5558,0
5559,2
5560,0
5561,0
5562,2
5563,2
5564,0
5565,0
5566,2
5567,2
5568,2
5569,2
5570,0
5571,2
5572,2
5573,0
5574,0
5575,2
5576,0
5577,2
5578,2
5579,2
5580,2
5581,2
5582,2
5583,2
5584,2
5585,2
5586,0
5587,0
5588,2
5589,2
5590,2
5591,2
5592,2
5593,2
5594,2
5595,2
5596,2
5597,2
5598,2
5599,2
5600,2
5601,0
5602,2
5603,2
5604,0
5605,2
5606,1
5607,2
5608,0
5609,2
5610,2
5611,0
5612,2
5613,2
5614,2
5615,2
5616,0
5617,2
5618,2
5619,0
5620,2
5621,2
5622,2
5623,2
5624,2
5625,0
5626,1
5627,2
5628,0
5629,2
5630,2
5631,2
5632,2
5633,0
5634,1
5635,0
5636,0
5637,2
5638,2
5639,2
5640,0
5641,2
5642,2
5643,0
5644,2
5645,0
5646,2
5647,2
5648,2
5649,2
5650,0
5651,2
5652,2
5653,2
5654,2
5655,2
5656,2
5657,0
5658,2
5659,2
5660,2
5661,2
5662,2
5663,2
5664,0
5665,2
5666,1
5667,0
5668,0
5669,0
5670,2
5671,2
5672,0
5673,2
5674,0
5675,0
5676,2
5677,2
5678,2
5679,2
5680,2
5681,0
5682,2
5683,2
5684,2
5685,2
5686,2
5687,0
5688,1
5689,2
5690,2
5691,2
5692,2
5693,2
5694,2
5695,2
5696,2
5697,0
5698,2
5699,0
5700,0
5701,2
5702,0
5703,2
5704,2
5705,2
5706,2
5707,0
5708,2
5709,0
5710,2
5711,2
5712,2
5713,0
5714,2
5715,2
5716,2
5717,0
5718,2
5719,0
5720,2
5721,2
5722,2
5723,1
5724,2
5725,2
5726,2
5727,2
5728,0
5729,0
5730,2
5731,2
5732,2
5733,2
5734,2
5735,2
5736,0
5737,2
5738,2
5739,2
5740,0
5741,2
5742,0
5743,2
5744,2
5745,2
5746,2
5747,0
5748,2
5749,2
5750,2
5751,0
5752,2
5753,2
5754,2
5755,0
5756,2
5757,0
5758,1
5759,2
5760,0
5761,2
5762,2
5763,2
5764,2
5765,2
5766,1
5767,2
5768,0
5769,2
5770,2
5771,2
5772,2
5773,2
5774,2
5775,2
5776,2
5777,2
5778,0
5779,2
5780,2
5781,2
5782,0
5783,2
5784,2
5785,2
5786,0
5787,2
5788,0
5789,2
5790,2
5791,2
5792,0
5793,2
5794,2
5795,2
5796,0
5797,2
5798,2
5799,2
5800,2
5801,2
5802,2
5803,2
5804,2
5805,2
5806,2
5807,2
5808,2
5809,0
5810,2
5811,2
5812,0
5813,0
5814,2
5815,2
5816,2
5817,2
5818,2
5819,0
5820,2
5821,2
5822,2
5823,2
5824,2
5825,2
5826,2
5827,2
5828,2
5829,2
5830,2
5831,0
5832,0
5833,0
5834,2
5835,0
5836,0
5837,2
5838,2
5839,2
5840,2
5841,0
5842,0
5843,2
5844,2
5845,0
5846,2
5847,0
5848,2
5849,0
5850,0
5851,0
5852,2
5853,0
5854,2
5855,2
5856,2
5857,2
5858,0
5859,2
5860,2
5861,2
5862,2
5863,2
5864,2
5865,2
5866,2
5867,0
5868,2
5869,2
5870,0
5871,0
5872,0
5873,2
5874,2
5875,0
5876,1
5877,0
5878,2
5879,2
5880,2
5881,2
5882,0
5883,2
5884,2
5885,2
5886,2
5887,2
5888,2
5889,2
5890,2
5891,1
5892,0
5893,2
5894,2
5895,2
5896,0
5897,2
5898,0
5899,2
5900,2
5901,2
5902,0
5903,2
5904,2
5905,2
5906,0
5907,2
5908,2
5909,2
5910,0
5911,2
5912,2
5913,0
5914,0
5915,2
5916,2
5917,2
5918,2
5919,2
5920,2
5921,2
5922,2
5923,2
5924,2
5925,1
5926,2
5927,2
5928,2
5929,2
5930,2
5931,2
5932,0
5933,0
5934,2
5935,0
5936,2
5937,2
5938,2
5939,2
5940,2
5941,2
5942,2
5943,2
5944,2
5945,2
5946,2
5947,2
5948,0
5949,0
5950,2
5951,0
5952,2
5953,2
5954,2
5955,0
5956,2
5957,2
5958,0
5959,2
5960,2
5961,1
5962,2
5963,2
5964,2
5965,2
5966,2
5967,2
5968,0
5969,2
5970,2
5971,2
5972,2
5973,2
5974,0
5975,2
5976,2
5977,2
5978,0
5979,2
5980,2
5981,2
5982,2
5983,2
5984,2
5985,2
5986,2
5987,2
5988,2
5989,1
5990,0
5991,0
5992,2
5993,2
5994,2
5995,2
5996,2
5997,2
5998,2
5999,0
6000,2
6001,2
6002,2
6003,0
6004,2
6005,2
6006,2
6007,2
6008,2
6009,1
6010,2
6011,2
6012,2
6013,2
6014,2
6015,2
6016,2
6017,2
6018,2
6019,2
6020,2
6021,2
6022,2
6023,2
6024,2
6025,2
6026,1
6027,2
6028,0
6029,2
6030,2
6031,2
6032,2
6033,0
6034,2
6035,2
6036,2
6037,2
6038,2
6039,0
6040,2
6041,2
6042,2
6043,0
6044,2
6045,2
6046,0
6047,0
6048,2
6049,2
6050,0
6051,2
6052,2
6053,2
6054,2
6055,2
6056,2
6057,0
6058,2
6059,0
6060,1
6061,2
6062,0
6063,2
6064,2
6065,0
6066,2
6067,2
6068,2
6069,2
6070,0
6071,2
6072,0
6073,2
6074,2
6075,0
6076,2
6077,0
6078,2
6079,0
6080,0
6081,2
6082,0
6083,2
6084,0
6085,2
6086,0
6087,2
6088,0
6089,2
6090,0
6091,2
6092,2
6093,2
6094,2
6095,2
6096,2
6097,2
6098,2
6099,0
6100,2
6101,0
6102,0
6103,2
6104,2
6105,2
6106,2
6107,2
6108,2
6109,0
6110,0
6111,2
6112,0
6113,2
6114,2
6115,2
6116,2
6117,2
6118,2
6119,2
6120,2
6121,2
6122,0
6123,2
6124,2
6125,2
6126,2
6127,2
6128,0
6129,2
6130,2
6131,0
6132,0
6133,2
6134,2
6135,2
6136,2
6137,2
6138,2
6139,2
6140,0
6141,2
6142,0
6143,0
6144,1
6145,2
6146,0
6147,2
6148,2
6149,2
6150,2
6151,2
6152,2
6153,2
6154,2
6155,2
6156,2
6157,2
6158,2
6159,2
6160,0
6161,2
6162,2
6163,2
6164,1
6165,1
6166,1
6167,2
6168,2
6169,0
6170,2
6171,2
6172,2
6173,2
6174,2
6175,0
6176,2
6177,2
6178,2
6179,2
6180,2
6181,2
6182,2
6183,2
6184,2
6185,0
6186,2
6187,2
6188,2
6189,2
6190,2
6191,2
6192,2
6193,2
6194,2
6195,2
6196,2
6197,2
6198,0
6199,2
6200,2
6201,2
6202,2
6203,2
6204,2
6205,2
6206,0
6207,2
6208,2
6209,0
6210,0
6211,2
6212,2
6213,0
6214,2
6215,0
6216,2
6217,2
6218,2
6219,2
6220,2
6221,2
6222,2
6223,2
6224,0
6225,0
6226,0
6227,2
6228,2
6229,1
6230,2
6231,2
6232,2
6233,2
6234,0
6235,2
6236,2
6237,2
6238,2
6239,2
6240,0
6241,2
6242,1
6243,2
6244,0
6245,0
6246,0
6247,2
6248,2
6249,0
6250,2
6251,2
6252,2
6253,2
6254,2
6255,2
6256,2
6257,2
6258,2
6259,0
6260,2
6261,2
6262,1
6263,2
6264,2
6265,2
6266,2
6267,1
6268,0
6269,0
6270,2
6271,2
6272,2
6273,2
6274,0
6275,2
6276,2
6277,2
6278,2
6279,2
6280,0
6281,2
6282,2
6283,2
6284,2
6285,0
6286,0
6287,2
6288,2
6289,2
6290,0
6291,2
6292,0
6293,2
6294,2
6295,2
6296,0
6297,0
6298,2
6299,2
6300,2
6301,2
6302,2
6303,2
6304,2
6305,2
6306,2
6307,2
6308,2
6309,2
6310,2
6311,2
6312,0
6313,1
6314,2
6315,0
6316,2
6317,2
6318,0
6319,2
6320,2
6321,2
6322,2
6323,2
6324,2
6325,0
6326,2
6327,2
6328,2
6329,0
6330,2
6331,1
6332,2
6333,0
6334,0
6335,2
6336,0
6337,2
6338,2
6339,2
6340,2
6341,2
6342,2
6343,2
6344,2
6345,2
6346,2
6347,2
6348,0
6349,2
6350,2
6351,2
6352,0
6353,2
6354,2
6355,2
6356,2
6357,2
6358,2
6359,2
6360,2
6361,0
6362,2
6363,2
6364,2
6365,2
6366,2
6367,2
6368,2
6369,2
6370,2
6371,2
6372,2
6373,2
6374,0
6375,2
6376,0
6377,2
6378,2
6379,2
6380,2
6381,0
6382,2
6383,0
6384,0
6385,2
6386,2
6387,2
6388,0
6389,2
6390,2
6391,0
6392,2
6393,2
6394,2
6395,2
6396,2
6397,2
6398,2
6399,2
6400,2
6401,2
6402,2
6403,2
6404,2
6405,2
6406,2
6407,2
6408,2
6409,2
6410,2
6411,2
6412,1
6413,0
6414,2
6415,2
6416,2
6417,0
6418,2
6419,2
6420,2
6421,0
6422,0
6423,2
6424,2
6425,0
6426,2
6427,0
6428,2
6429,0
6430,2
6431,2
6432,0
6433,2
6434,2
6435,2
6436,2
6437,2
6438,2
6439,2
6440,2
6441,2
6442,2
6443,2
6444,0
6445,0
6446,2
6447,2
6448,2
6449,2
6450,2
6451,2
6452,2
6453,2
6454,2
6455,0
6456,2
6457,2
6458,2
6459,2
6460,0
6461,0
6462,2
6463,2
6464,2
6465,0
6466,1
6467,2
6468,2
6469,1
6470,2
6471,2
6472,0
6473,2
6474,2
6475,1
6476,2
6477,0
6478,0
6479,2
6480,2
6481,2
6482,2
6483,0
6484,2
6485,2
6486,2
6487,2
6488,2
6489,2
6490,0
6491,2
6492,0
6493,2
6494,2
6495,2
6496,2
6497,2
6498,0
6499,2
6500,0
6501,2
6502,0
6503,2
6504,2
6505,2
6506,2
6507,2
6508,2
6509,2
6510,2
6511,2
6512,2
6513,2
6514,2
6515,1
6516,2
6517,2
6518,2
6519,2
6520,2
6521,2
6522,2
6523,2
6524,2
6525,2
6526,2
6527,2
6528,2
6529,2
6530,2
6531,2
6532,2
6533,2
6534,2
6535,2
6536,2
6537,2
6538,2
6539,2
6540,0
6541,2
6542,2
6543,0
6544,2
6545,0
6546,2
6547,2
6548,2
6549,2
6550,2
6551,2
6552,2
6553,2
6554,2
6555,2
6556,2
6557,2
6558,2
6559,2
6560,2
6561,2
6562,2
6563,0
6564,2
6565,2
6566,0
6567,2
6568,2
6569,2
6570,2
6571,2
6572,2
6573,2
6574,2
6575,2
6576,2
6577,2
6578,0
6579,2
6580,2
6581,2
6582,1
6583,0
6584,2
6585,2
6586,2
6587,2
6588,0
6589,2
6590,2
6591,2
6592,2
6593,0
6594,2
6595,2
6596,0
6597,2
6598,0
6599,2
6600,2
6601,2
6602,0
6603,2
6604,2
6605,2
6606,2
6607,0
6608,2
6609,2
6610,0
6611,2
6612,2
6613,2
6614,2
6615,0
6616,2
6617,2
6618,2
6619,2
6620,2
6621,2
6622,2
6623,2
6624,2
6625,2
6626,2
6627,0
6628,2
6629,2
6630,2
6631,0
6632,2
6633,2
6634,2
6635,2
6636,2
6637,2
6638,2
6639,2
6640,2
6641,0
6642,2
6643,0
6644,2
6645,2
6646,2
6647,0
6648,2
6649,2
6650,2
6651,2
6652,0
6653,1
6654,2
6655,0
6656,2
6657,2
6658,2
6659,2
6660,2
6661,2
6662,2
6663,2
6664,0
6665,2
6666,2
6667,2
6668,2
6669,2
6670,2
6671,2
6672,2
6673,2
6674,2
6675,2
6676,2
6677,0
6678,2
6679,2
6680,2
6681,0
6682,0
6683,2
6684,2
6685,2
6686,0
6687,0
6688,1
6689,2
6690,2
6691,0
6692,2
6693,2
6694,0
6695,2
6696,2
6697,2
6698,2
6699,2
6700,2
6701,0
6702,2
6703,0
6704,2
6705,0
6706,2
6707,2
6708,2
6709,2
6710,2
6711,2
6712,2
6713,0
6714,2
6715,2
6716,2
6717,1
6718,2
6719,0
6720,2
6721,1
6722,0
6723,0
6724,0
6725,0
6726,2
6727,0
6728,0
6729,2
6730,2
6731,2
6732,2
6733,2
6734,2
6735,2
6736,2
6737,2
6738,2
6739,2
6740,2
6741,2
6742,2
6743,0
6744,2
6745,2
6746,2
6747,2
6748,2
6749,2
6750,0
6751,2
6752,2
6753,2
6754,2
6755,2
6756,2
6757,2
6758,2
6759,0
6760,0
6761,2
6762,2
6763,2
6764,2
6765,2
6766,0
6767,1
6768,0
6769,2
6770,2
6771,2
6772,2
6773,2
6774,1
6775,2
6776,2
6777,2
6778,2
6779,2
6780,1
6781,2
6782,0
6783,0
6784,2
6785,2
6786,2
6787,0
6788,2
6789,2
6790,2
6791,2
6792,2
6793,2
6794,0
6795,2
6796,2
6797,2
6798,0
6799,0
6800,2
6801,2
6802,2
6803,0
6804,2
6805,2
6806,2
6807,2
6808,2
6809,0
6810,2
6811,2
6812,2
6813,0
6814,2
6815,2
6816,2
6817,0
6818,2
6819,0
6820,2
6821,1
6822,2
6823,0
6824,0
6825,2
6826,2
6827,0
6828,2
6829,2
6830,0
6831,2
6832,2
6833,2
6834,2
6835,2
6836,2
6837,2
6838,2
6839,0
6840,0
6841,2
6842,2
6843,2
6844,2
6845,0
6846,0
6847,2
6848,0
6849,2
6850,2
6851,1
6852,2
6853,0
6854,0
6855,0
6856,2
6857,2
6858,2
6859,2
6860,2
6861,0
6862,0
6863,0
6864,2
6865,1
6866,2
6867,0
6868,2
6869,2
6870,0
6871,2
6872,2
6873,2
6874,2
6875,2
6876,2
6877,2
6878,2
6879,2
6880,2
6881,2
6882,2
6883,0
6884,2
6885,0
6886,2
6887,2
6888,2
6889,2
6890,2
6891,2
6892,2
6893,2
6894,1
6895,2
6896,2
6897,2
6898,2
6899,0
6900,2
6901,2
6902,0
6903,2
6904,2
6905,2
6906,2
6907,2
6908,2
6909,2
6910,2
6911,0
6912,0
6913,1
6914,2
6915,0
6916,2
6917,2
6918,1
6919,0
6920,2
6921,2
6922,2
6923,2
6924,2
6925,2
6926,2
6927,2
6928,2
6929,0
6930,2
6931,2
6932,0
6933,0
6934,2
6935,2
6936,0
6937,2
6938,0
6939,2
6940,2
6941,2
6942,2
6943,2
6944,2
6945,2
6946,2
6947,2
6948,2
6949,2
6950,2
6951,2
6952,2
6953,0
6954,2
6955,2
6956,2
6957,2
6958,2
6959,2
6960,2
6961,2
6962,2
6963,2
6964,0
6965,2
6966,2
6967,2
6968,2
6969,2
6970,2
6971,0
6972,2
6973,2
6974,2
6975,2
6976,0
6977,2
6978,2
6979,2
6980,0
6981,2
6982,2
6983,2
6984,2
6985,2
6986,2
6987,2
6988,2
6989,2
6990,2
6991,2
6992,2
6993,2
6994,2
6995,1
6996,2
6997,2
6998,2
6999,2
7000,2
7001,2
7002,2
7003,2
7004,2
7005,2
7006,0
7007,2
7008,2
7009,2
7010,2
7011,2
7012,2
7013,2
7014,2
7015,2
7016,0
7017,2
7018,2
7019,2
7020,2
7021,2
7022,0
7023,2
7024,2
7025,2
7026,2
7027,1
7028,0
7029,0
7030,2
7031,2
7032,2
7033,2
7034,2
7035,2
7036,2
7037,2
7038,0
7039,2
7040,2
7041,2
7042,2
7043,2
7044,2
7045,2
7046,2
7047,2
7048,2
7049,1
7050,2
7051,0
7052,2
7053,2
7054,2
7055,2
7056,2
7057,2
7058,2
7059,2
7060,2
7061,2
7062,2
7063,0
7064,2
7065,2
7066,2
7067,2
7068,2
7069,0
7070,2
7071,2
7072,0
7073,2
7074,0
7075,2
7076,2
7077,2
7078,2
7079,1
7080,2
7081,1
7082,1
7083,2
7084,0
7085,0
7086,2
7087,2
7088,2
7089,0
7090,0
7091,0
7092,2
7093,2
7094,1
7095,2
7096,2
7097,2
7098,2
7099,2
7100,0
7101,0
7102,2
7103,2
7104,2
7105,2
7106,2
7107,2
7108,2
7109,2
7110,2
7111,0
7112,0
7113,2
7114,2
7115,2
7116,2
7117,0
7118,2
7119,0
7120,2
7121,2
7122,0
7123,0
7124,0
7125,0
7126,0
7127,2
7128,0
7129,2
7130,1
7131,2
7132,0
7133,0
7134,2
7135,2
7136,2
7137,0
7138,2
7139,2
7140,2
7141,0
7142,2
7143,2
7144,2
7145,0
7146,2
7147,1
7148,2
7149,2
7150,2
7151,2
7152,2
7153,0
7154,0
7155,2
7156,2
7157,2
7158,2
7159,2
7160,2
7161,2
7162,2
7163,0
7164,2
7165,2
7166,2
7167,0
7168,2
7169,2
7170,2
7171,2
7172,2
7173,2
7174,2
7175,2
7176,2
7177,1
7178,2
7179,2
7180,2
7181,2
7182,2
7183,2
7184,2
7185,2
7186,2
7187,2
7188,2
7189,0
7190,2
7191,0
7192,2
7193,2
7194,2
7195,2
7196,2
7197,2
7198,2
7199,2
7200,2
7201,2
7202,0
7203,2
7204,2
7205,2
7206,0
7207,2
7208,2
7209,0
7210,0
7211,2
7212,2
7213,2
7214,2
7215,2
7216,2
7217,0
7218,2
7219,2
7220,2
7221,2
7222,0
7223,2
7224,2
7225,2
7226,2
7227,2
7228,2
7229,2
7230,2
7231,2
7232,0
7233,2
7234,2
7235,2
7236,2
7237,2
7238,2
7239,2
7240,0
7241,2
7242,2
7243,2
7244,2
7245,2
7246,2
7247,2
7248,2
7249,1
7250,2
7251,2
7252,2
7253,2
7254,2
7255,2
7256,2
7257,0
7258,2
7259,2
7260,2
7261,2
7262,2
7263,0
7264,2
7265,2
7266,2
7267,2
7268,2
7269,2
7270,2
7271,2
7272,0
7273,2
7274,2
7275,2
7276,2
7277,2
7278,2
7279,0
7280,2
7281,2
7282,1
7283,2
7284,2
7285,2
7286,2
7287,2
7288,2
7289,2
7290,2
7291,2
7292,0
7293,0
7294,2
7295,2
7296,2
7297,2
7298,0
7299,2
7300,2
7301,2
7302,2
7303,2
7304,2
7305,0
7306,2
7307,2
7308,2
7309,2
7310,2
7311,0
7312,2
7313,0
7314,2
7315,2
7316,2
7317,0
7318,2
7319,0
7320,2
7321,0
7322,0
7323,2
7324,0
7325,2
7326,2
7327,2
7328,2
7329,0
7330,2
7331,2
7332,2
7333,2
7334,1
7335,2
7336,2
7337,2
7338,2
7339,2
7340,0
7341,0
7342,2
7343,2
7344,0
7345,0
7346,2
7347,2
7348,2
7349,2
7350,2
7351,2
7352,0
7353,2
7354,2
7355,2
7356,2
7357,1
7358,2
7359,0
7360,2
7361,2
7362,0
7363,1
7364,2
7365,2
7366,0
7367,2
7368,0
7369,2
7370,2
7371,2
7372,0
7373,2
7374,2
7375,2
7376,2
7377,0
7378,2
7379,2
7380,2
7381,0
7382,2
7383,2
7384,2
7385,2
7386,2
7387,2
7388,2
7389,0
7390,2
7391,1
7392,2
7393,2
7394,0
7395,2
7396,1
7397,2
7398,2
7399,2
7400,2
7401,2
7402,2
7403,2
7404,2
7405,2
7406,2
7407,2
7408,2
7409,2
7410,2
7411,2
7412,2
7413,2
7414,2
7415,2
7416,2
7417,0
7418,2
7419,2
7420,2
7421,2
7422,2
7423,2
7424,2
7425,2
7426,0
7427,1
7428,2
7429,0
7430,2
7431,2
7432,0
7433,2
7434,2
7435,2
7436,0
7437,2
7438,2
7439,2
7440,2
7441,2
7442,2
7443,2
7444,2
7445,2
7446,2
7447,0
7448,0
7449,2
7450,2
7451,0
7452,2
7453,2
7454,2
7455,0
7456,2
7457,0
7458,0
7459,2
7460,2
7461,0
7462,2
7463,2
7464,2
7465,2
7466,1
7467,0
7468,0
7469,2
7470,0
7471,0
7472,2
7473,2
7474,2
7475,2
7476,2
7477,2
7478,2
7479,0
7480,2
7481,0
7482,2
7483,2
7484,0
7485,2
7486,2
7487,2
7488,2
7489,2
7490,0
7491,2
7492,2
7493,2
7494,2
7495,0
7496,2
7497,2
7498,2
7499,2
7500,2
7501,2
7502,2
7503,2
7504,2
7505,2
7506,2
7507,2
7508,2
7509,2
7510,0
7511,2
7512,2
7513,0
7514,2
7515,2
7516,2
7517,2
7518,2
7519,0
7520,2
7521,0
7522,2
7523,2
7524,2
7525,2
7526,2
7527,0
7528,2
7529,2
7530,2
7531,1
7532,2
7533,1
7534,2
7535,2
7536,2
7537,2
7538,0
7539,2
7540,2
7541,2
7542,2
7543,2
7544,2
7545,2
7546,2
7547,2
7548,2
7549,2
7550,2
7551,2
7552,0
7553,2
7554,2
7555,2
7556,0
7557,2
7558,2
7559,0
7560,2
7561,2
7562,2
7563,2
7564,0
7565,2
7566,1
7567,2
7568,2
7569,2
7570,2
7571,2
7572,0
7573,2
7574,1
7575,2
7576,0
7577,2
7578,0
7579,2
7580,2
7581,0
7582,2
7583,2
7584,0
7585,0
7586,0
7587,2
7588,2
7589,2
7590,2
7591,2
7592,2
7593,2
7594,0
7595,2
7596,2
7597,0
7598,2
7599,2
7600,1
7601,2
7602,2
7603,2
7604,2
7605,2
7606,2
7607,0
7608,2
7609,2
7610,2
7611,0
7612,2
7613,2
7614,0
7615,2
7616,2
7617,2
7618,2
7619,2
7620,2
7621,2
7622,0
7623,2
7624,2
7625,2
7626,2
7627,2
7628,2
7629,0
7630,2
7631,2
7632,2
7633,2
7634,2
7635,2
7636,2
7637,0
7638,0
7639,2
7640,2
7641,2
7642,2
7643,2
7644,2
7645,2
7646,2
7647,2
7648,2
7649,2
7650,2
7651,2
7652,0
7653,0
7654,2
7655,2
7656,2
7657,2
7658,2
7659,2
7660,2
7661,2
7662,2
7663,0
7664,2
7665,2
7666,2
7667,2
7668,2
7669,2
7670,0
7671,2
7672,0
7673,2
7674,2
7675,2
7676,0
7677,2
7678,2
7679,2
7680,2
7681,0
7682,2
7683,0
7684,2
7685,2
7686,2
7687,2
7688,0
7689,2
7690,2
7691,2
7692,0
7693,0
7694,1
7695,2
7696,2
7697,2
7698,0
7699,2
7700,2
7701,2
7702,2
7703,2
7704,0
7705,1
7706,2
7707,2
7708,2
7709,1
7710,2
7711,2
7712,2
7713,2
7714,0
7715,0
7716,2
7717,0
7718,2
7719,2
7720,2
7721,2
7722,2
7723,2
7724,1
7725,2
7726,0
7727,2
7728,2
7729,2
7730,2
7731,2
7732,2
7733,2
7734,2
7735,2
7736,2
7737,2
7738,0
7739,2
7740,0
7741,2
7742,2
7743,0
7744,2
7745,2
7746,2
7747,2
7748,2
7749,0
7750,2
7751,2
7752,0
7753,0
7754,2
7755,2
7756,2
7757,0
7758,2
7759,1
7760,2
7761,2
7762,2
7763,2
7764,2
7765,0
7766,0
7767,2
7768,2
7769,2
7770,1
7771,2
7772,2
7773,2
7774,2
7775,2
7776,2
7777,2
7778,0
7779,2
7780,2
7781,2
7782,2
7783,2
7784,2
7785,2
7786,2
7787,2
7788,2
7789,2
7790,2
7791,2
7792,2
7793,2
7794,2
7795,2
7796,2
7797,2
7798,2
7799,2
7800,2
7801,2
7802,2
7803,2
7804,2
7805,2
7806,2
7807,2
7808,0
7809,2
7810,2
7811,1
7812,2
7813,2
7814,2
7815,2
7816,2
7817,2
7818,2
7819,2
7820,2
7821,0
7822,2
7823,2
7824,2
7825,0
7826,2
7827,2
7828,0
7829,2
7830,0
7831,2
7832,1
7833,2
7834,2
7835,2
7836,0
7837,2
7838,0
7839,0
7840,2
7841,2
7842,2
7843,2
7844,2
7845,2
7846,2
7847,2
7848,2
7849,2
7850,2
7851,0
7852,2
7853,2
7854,0
7855,2
7856,2
7857,1
7858,2
7859,2
7860,2
7861,2
7862,2
7863,0
7864,0
7865,2
7866,2
7867,2
7868,2
7869,2
7870,0
7871,2
7872,0
7873,0
7874,2
7875,2
7876,2
7877,2
7878,1
7879,0
7880,1
7881,2
7882,2
7883,2
7884,0
7885,0
7886,2
7887,0
7888,0
7889,2
7890,2
7891,2
7892,0
7893,2
7894,0
7895,2
7896,0
7897,2
7898,2
7899,2
7900,0
7901,2
7902,2
7903,2
7904,2
7905,2
7906,2
7907,2
7908,2
7909,2
7910,2
7911,0
7912,0
7913,0
7914,2
7915,0
7916,2
7917,2
7918,2
7919,2
7920,2
7921,2
7922,2
7923,2
7924,2
7925,0
7926,2
7927,2
7928,0
7929,2
7930,2
7931,2
7932,2
7933,2
7934,2
7935,2
7936,2
7937,2
7938,2
7939,0
7940,0
7941,2
7942,2
7943,2
7944,2
7945,2
7946,2
7947,2
7948,2
7949,2
7950,2
7951,0
7952,2
7953,2
7954,0
7955,2
7956,2
7957,2
7958,0
7959,2
7960,2
7961,2
7962,2
7963,2
7964,2
7965,2
7966,2
7967,2
7968,2
7969,2
7970,2
7971,2
7972,2
7973,2
7974,2
7975,2
7976,2
7977,2
7978,2
7979,2
7980,2
7981,2
7982,2
7983,0
7984,2
7985,2
7986,0
7987,2
7988,2
7989,2
7990,2
7991,2
7992,2
7993,2
7994,2
7995,2
7996,0
7997,2
7998,0
7999,2
8000,2
8001,2
8002,2
8003,0
8004,2
8005,2
8006,1
8007,2
8008,2
8009,2
8010,2
8011,2
8012,2
8013,0
8014,2
8015,2
8016,2
8017,0
8018,1
8019,0
8020,2
8021,2
8022,0
8023,2
8024,0
8025,2
8026,2
8027,0
8028,0
8029,0
8030,2
8031,2
8032,2
8033,2
8034,2
8035,1
8036,0
8037,2
8038,2
8039,2
8040,2
8041,2
8042,2
8043,0
8044,2
8045,1
8046,0
8047,2
8048,2
8049,2
8050,2
8051,2
8052,2
8053,2
8054,2
8055,2
8056,2
8057,2
8058,2
8059,0
8060,2
8061,2
8062,2
8063,2
8064,0
8065,2
8066,2
8067,0
8068,2
8069,2
8070,2
8071,2
8072,2
8073,2
8074,2
8075,2
8076,2
8077,2
8078,2
8079,2
8080,2
8081,2
8082,2
8083,2
8084,2
8085,0
8086,1
8087,2
8088,2
8089,2
8090,2
8091,0
8092,2
8093,0
8094,2
8095,2
8096,2
8097,1
8098,0
8099,2
8100,2
8101,2
8102,2
8103,0
8104,0
8105,0
8106,2
8107,2
8108,2
8109,2
8110,2
8111,2
8112,2
8113,2
8114,2
8115,2
8116,2
8117,2
8118,0
8119,2
8120,2
8121,2
8122,2
8123,0
8124,0
8125,2
8126,2
8127,2
8128,2
8129,2
8130,2
8131,0
8132,2
8133,2
8134,2
8135,2
8136,2
8137,2
8138,0
8139,0
8140,2
8141,2
8142,2
8143,2
8144,2
8145,2
8146,2
8147,2
8148,2
8149,2
8150,0
8151,2
8152,2
8153,0
8154,2
8155,2
8156,0
8157,2
8158,2
8159,0
8160,2
8161,2
8162,2
8163,0
8164,2
8165,1
8166,2
8167,2
8168,2
8169,0
8170,2
8171,0
8172,2
8173,0
8174,0
8175,2
8176,2
8177,0
8178,2
8179,2
8180,2
8181,0
8182,2
8183,0
8184,0
8185,2
8186,2
8187,0
8188,0
8189,2
8190,2
8191,0
8192,2
8193,0
8194,2
8195,2
8196,2
8197,2
8198,0
8199,2
8200,0
8201,2
8202,2
8203,0
8204,2
8205,0
8206,0
8207,2
8208,2
8209,2
8210,2
8211,2
8212,0
8213,2
8214,2
8215,2
8216,0
8217,2
8218,2
8219,2
8220,2
8221,0
8222,2
8223,2
8224,2
8225,2
8226,2
8227,2
8228,0
8229,2
8230,1
8231,2
8232,2
8233,2
8234,2
8235,2
8236,1
8237,2
8238,2
8239,0
8240,2
8241,2
8242,0
8243,2
8244,2
8245,0
8246,2
8247,2
8248,1
8249,0
8250,0
8251,0
8252,2
8253,2
8254,0
8255,2
8256,2
8257,2
8258,0
8259,0
8260,2
8261,2
8262,0
8263,0
8264,2
8265,2
8266,0
8267,0
8268,2
8269,2
8270,2
8271,2
8272,2
8273,2
8274,2
8275,2
8276,0
8277,2
8278,2
8279,2
8280,2
8281,2
8282,2
8283,0
8284,2
8285,2
8286,2
8287,0
8288,2
8289,2
8290,2
8291,2
8292,2
8293,2
8294,2
8295,0
8296,0
8297,2
8298,2
8299,2
8300,2
8301,1
8302,2
8303,2
8304,2
8305,1
8306,2
8307,2
8308,0
8309,2
8310,2
8311,2
8312,2
8313,1
8314,2
8315,0
8316,2
8317,1
8318,2
8319,2
8320,2
8321,2
8322,2
8323,0
8324,2
8325,2
8326,2
8327,2
8328,2
8329,0
8330,2
8331,2
8332,0
8333,2
8334,1
8335,2
8336,2
8337,0
8338,2
8339,0
8340,2
8341,2
8342,2
8343,1
8344,2
8345,2
8346,2
8347,2
8348,2
8349,2
8350,2
8351,2
8352,1
8353,2
8354,0
8355,0
8356,0
8357,2
8358,2
8359,0
8360,2
8361,2
8362,2
8363,2
8364,2
8365,2
8366,2
8367,2
8368,0
8369,2
8370,2
8371,2
8372,2
8373,2
8374,2
8375,2
8376,2
8377,2
8378,2
8379,2
8380,2
8381,2
8382,2
8383,2
8384,2
8385,0
8386,2
8387,2
8388,2
8389,2
8390,2
8391,2
8392,2
8393,2
8394,2
8395,2
8396,2
8397,2
8398,2
8399,2
8400,2
8401,2
8402,2
8403,2
8404,2
8405,2
8406,2
8407,2
8408,2
8409,2
8410,0
8411,2
8412,2
8413,2
8414,2
8415,2
8416,2
8417,2
8418,2
8419,0
8420,2
8421,2
8422,2
8423,2
8424,0
8425,0
8426,2
8427,2
8428,0
8429,0
8430,1
8431,2
8432,2
8433,0
8434,2
8435,2
8436,0
8437,0
8438,2
8439,2
8440,0
8441,2
8442,2
8443,0
8444,2
8445,2
8446,2
8447,2
8448,2
8449,2
8450,2
8451,0
8452,2
8453,2
8454,1
8455,2
8456,0
8457,0
8458,1
8459,1
8460,2
8461,2
8462,2
8463,2
8464,1
8465,0
8466,2
8467,2
8468,0
8469,2
8470,2
8471,2
8472,2
8473,2
8474,2
8475,0
8476,2
8477,2
8478,2
8479,2
8480,2
8481,2
8482,2
8483,2
8484,2
8485,0
8486,2
8487,0
8488,0
8489,0
8490,2
8491,2
8492,2
8493,2
8494,2
8495,2
8496,2
8497,2
8498,2
8499,2
8500,2
8501,1
8502,2
8503,2
8504,2
8505,2
8506,0
8507,2
8508,2
8509,2
8510,2
8511,2
8512,2
8513,2
8514,0
8515,2
8516,2
8517,2
8518,2
8519,2
8520,0
8521,2
8522,0
8523,2
8524,2
8525,2
8526,0
8527,2
8528,0
8529,2
8530,2
8531,2
8532,2
8533,0
8534,2
8535,2
8536,2
8537,2
8538,2
8539,2
8540,2
8541,2
8542,2
8543,2
8544,2
8545,2
8546,2
8547,2
8548,0
8549,2
8550,2
8551,2
8552,2
8553,2
8554,2
8555,0
8556,2
8557,2
8558,2
8559,0
8560,2
8561,2
8562,2
8563,2
8564,2
8565,2
8566,0
8567,0
8568,2
8569,2
8570,2
8571,2
8572,2
8573,2
8574,2
8575,2
8576,2
8577,0
8578,2
8579,2
8580,2
8581,0
8582,2
8583,1
8584,0
8585,2
8586,1
8587,2
8588,2
8589,2
8590,2
8591,0
8592,2
8593,2
8594,2
8595,2
8596,2
8597,2
8598,2
8599,2
8600,2
8601,2
8602,1
8603,2
8604,2
8605,2
8606,0
8607,2
8608,2
8609,2
8610,0
8611,2
8612,2
8613,2
8614,2
8615,2
8616,2
8617,2
8618,2
8619,2
8620,2
8621,1
8622,2
8623,2
8624,2
8625,2
8626,0
8627,2
8628,0
8629,0
8630,2
8631,2
8632,2
8633,2
8634,2
8635,2
8636,2
8637,2
8638,2
8639,2
8640,2
8641,2
8642,2
8643,2
8644,2
8645,2
8646,0
8647,2
8648,2
8649,0
8650,2
8651,2
8652,2
8653,2
8654,2
8655,2
8656,2
8657,2
8658,2
8659,0
8660,2
8661,0
8662,2
8663,1
8664,0
8665,2
8666,0
8667,2
8668,2
8669,0
8670,2
8671,0
8672,2
8673,2
8674,2
8675,2
8676,2
8677,0
8678,2
8679,2
8680,2
8681,2
8682,1
8683,2
8684,0
8685,2
8686,2
8687,2
8688,2
8689,2
8690,2
8691,2
8692,2
8693,2
8694,2
8695,2
8696,2
8697,2
8698,0
8699,2
8700,2
8701,2
8702,2
8703,0
8704,0
8705,0
8706,0
8707,0
8708,2
8709,0
8710,2
8711,2
8712,2
8713,2
8714,2
8715,2
8716,2
8717,0
8718,2
8719,2
8720,2
8721,2
8722,0
8723,2
8724,2
8725,2
8726,2
8727,2
8728,2
8729,2
8730,2
8731,2
8732,2
8733,2
8734,0
8735,2
8736,2
8737,2
8738,2
8739,2
8740,2
8741,2
8742,2
8743,2
8744,0
8745,2
8746,2
8747,2
8748,0
8749,0
8750,2
8751,0
8752,2
8753,2
8754,2
8755,2
8756,2
8757,0
8758,2
8759,0
8760,2
8761,2
8762,2
8763,0
8764,1
8765,2
8766,2
8767,2
8768,2
8769,2
8770,0
8771,2
8772,0
8773,1
8774,2
8775,2
8776,0
8777,2
8778,2
8779,2
8780,2
8781,2
8782,2
8783,2
8784,2
8785,2
8786,0
8787,2
8788,2
8789,2
8790,1
8791,2
8792,2
8793,2
8794,2
8795,2
8796,2
8797,2
8798,2
8799,2
8800,2
8801,2
8802,2
8803,2
8804,2
8805,2
8806,2
8807,2
8808,2
8809,2
8810,2
8811,2
8812,2
8813,2
8814,2
8815,2
8816,2
8817,2
8818,2
8819,2
8820,2
8821,2
8822,2
8823,0
8824,2
8825,2
8826,2
8827,2
8828,0
8829,2
8830,2
8831,2
8832,2
8833,1
8834,0
8835,2
8836,0
8837,2
8838,2
8839,2
8840,1
8841,2
8842,2
8843,2
8844,2
8845,2
8846,2
8847,2
8848,2
8849,0
8850,2
8851,2
8852,2
8853,1
8854,2
8855,2
8856,0
8857,2
8858,2
8859,2
8860,2
8861,2
8862,2
8863,2
8864,2
8865,2
8866,2
8867,2
8868,0
8869,2
8870,2
8871,0
8872,2
8873,2
8874,2
8875,2
8876,2
8877,2
8878,2
8879,2
8880,1
8881,1
8882,2
8883,0
8884,2
8885,2
8886,2
8887,2
8888,2
8889,2
8890,2
8891,0
8892,2
8893,0
8894,2
8895,2
8896,2
8897,0
8898,2
8899,2
8900,0
8901,2
8902,2
8903,2
8904,0
8905,0
8906,2
8907,2
8908,2
8909,2
8910,2
8911,2
8912,2
8913,2
8914,2
8915,2
8916,2
8917,2
8918,2
8919,0
8920,2
8921,2
8922,2
8923,2
8924,0
8925,2
8926,2
8927,1
8928,2
8929,2
8930,2
8931,0
8932,2
8933,0
8934,2
8935,2
8936,2
8937,2
8938,2
8939,2
8940,2
8941,0
8942,0
8943,2
8944,0
8945,0
8946,2
8947,2
8948,2
8949,2
8950,2
8951,0
8952,2
8953,2
8954,2
8955,2
8956,2
8957,2
8958,2
8959,0
8960,2
8961,2
8962,0
8963,1
8964,2
8965,2
8966,2
8967,2
8968,0
8969,2
8970,2
8971,0
8972,2
8973,2
8974,2
8975,0
8976,0
8977,2
8978,0
8979,2
8980,0
8981,2
8982,2
8983,0
8984,2
8985,2
8986,2
8987,2
8988,0
8989,2
8990,0
8991,0
8992,2
8993,2
8994,2
8995,2
8996,2
8997,2
8998,0
8999,2
9000,2
9001,2
9002,2
9003,2
9004,2
9005,2
9006,2
9007,0
9008,2
9009,2
9010,2
9011,2
9012,1
9013,0
9014,2
9015,2
9016,2
9017,2
9018,2
9019,2
9020,0
9021,2
9022,2
9023,2
9024,2
9025,2
9026,2
9027,2
9028,2
9029,2
9030,2
9031,2
9032,2
9033,2
9034,0
9035,2
9036,2
9037,2
9038,2
9039,0
9040,2
9041,2
9042,2
9043,2
9044,2
9045,1
9046,2
9047,2
9048,2
9049,2
9050,2
9051,2
9052,2
9053,2
9054,2
9055,2
9056,2
9057,2
9058,2
9059,2
9060,0
9061,2
9062,1
9063,2
9064,2
9065,2
9066,2
9067,2
9068,2
9069,2
9070,2
9071,2
9072,1
9073,0
9074,2
9075,2
9076,2
9077,2
9078,2
9079,2
9080,2
9081,2
9082,0
9083,2
9084,0
9085,2
9086,2
9087,2
9088,2
9089,2
9090,0
9091,0
9092,1
9093,2
9094,2
9095,0
9096,2
9097,2
9098,2
9099,2
9100,2
9101,2
9102,2
9103,0
9104,2
9105,2
9106,0
9107,2
9108,0
9109,2
9110,2
9111,0
9112,1
9113,2
9114,1
9115,1
9116,2
9117,2
9118,2
9119,2
9120,2
9121,2
9122,2
9123,2
9124,2
9125,2
9126,2
9127,2
9128,2
9129,1
9130,2
9131,2
9132,2
9133,0
9134,2
9135,0
9136,1
9137,2
9138,2
9139,2
9140,0
9141,2
9142,2
9143,2
9144,2
9145,2
9146,2
9147,2
9148,2
9149,2
9150,0
9151,2
9152,2
9153,2
9154,0
9155,2
9156,2
9157,2
9158,0
9159,2
9160,0
9161,2
9162,0
9163,2
9164,2
9165,2
9166,0
9167,2
9168,2
9169,2
9170,2
9171,2
9172,2
9173,2
9174,2
9175,2
9176,0
9177,2
9178,2
9179,2
9180,2
9181,1
9182,0
9183,2
9184,2
9185,2
9186,2
9187,2
9188,2
9189,2
9190,2
9191,2
9192,0
9193,0
9194,0
9195,2
9196,2
9197,2
9198,2
9199,2
9200,0
9201,1
9202,2
9203,1
9204,2
9205,2
9206,2
9207,0
9208,2
9209,2
9210,2
9211,0
9212,2
9213,2
9214,0
9215,2
9216,2
9217,2
9218,0
9219,2
9220,2
9221,0
9222,2
9223,2
9224,2
9225,2
9226,2
9227,2
9228,2
9229,2
9230,1
9231,2
9232,2
9233,2
9234,0
9235,2
9236,2
9237,2
9238,2
9239,0
9240,2
9241,2
9242,2
9243,0
9244,0
9245,2
9246,2
9247,2
9248,2
9249,2
9250,2
9251,0
9252,2
9253,2
9254,2
9255,2
9256,2
9257,2
9258,2
9259,2
9260,2
9261,2
9262,2
9263,2
9264,2
9265,2
9266,2
9267,2
9268,2
9269,2
9270,2
9271,0
9272,2
9273,2
9274,2
9275,2
9276,2
9277,2
9278,2
9279,0
9280,2
9281,0
9282,2
9283,2
9284,1
9285,2
9286,2
9287,2
9288,2
9289,2
9290,0
9291,0
9292,2
9293,0
9294,2
9295,0
9296,2
9297,2
9298,0
9299,2
9300,2
9301,2
9302,2
9303,2
9304,0
9305,2
9306,0
9307,2
9308,2
9309,2
9310,0
9311,2
9312,0
9313,2
9314,2
9315,2
9316,1
9317,2
9318,0
9319,0
9320,2
9321,0
9322,1
9323,2
9324,1
9325,2
9326,2
9327,2
9328,2
9329,2
9330,2
9331,1
9332,2
9333,2
9334,0
9335,2
9336,1
9337,2
9338,2
9339,2
9340,2
9341,2
9342,2
9343,2
9344,0
9345,2
9346,0
9347,2
9348,2
9349,2
9350,2
9351,2
9352,2
9353,2
9354,2
9355,2
9356,2
9357,2
9358,2
9359,2
9360,0
9361,2
9362,2
9363,0
9364,0
9365,0
9366,2
9367,2
9368,2
9369,0
9370,0
9371,2
9372,2
9373,2
9374,2
9375,2
9376,2
9377,2
9378,2
9379,2
9380,2
9381,2
9382,2
9383,2
9384,2
9385,2
9386,2
9387,2
9388,2
9389,2
9390,2
9391,0
9392,2
9393,2
9394,0
9395,0
9396,2
9397,2
9398,2
9399,0
9400,0
9401,2
9402,0
9403,2
9404,0
9405,0
9406,2
9407,2
9408,2
9409,2
9410,2
9411,2
9412,0
9413,2
9414,0
9415,2
9416,1
9417,2
9418,2
9419,2
9420,0
9421,2
9422,2
9423,0
9424,2
9425,2
9426,2
9427,0
9428,2
9429,2
9430,2
9431,2
9432,2
9433,2
9434,2
9435,2
9436,2
9437,0
9438,2
9439,2
9440,2
9441,2
9442,2
9443,2
9444,2
9445,0
9446,2
9447,0
9448,2
9449,0
9450,2
9451,0
9452,2
9453,2
9454,2
9455,2
9456,0
9457,0
9458,2
9459,2
9460,0
9461,2
9462,2
9463,2
9464,2
9465,2
9466,2
9467,2
9468,2
9469,2
9470,2
9471,2
9472,2
9473,1
9474,0
9475,0
9476,2
9477,2
9478,2
9479,2
9480,2
9481,2
9482,2
9483,1
9484,0
9485,2
9486,2
9487,2
9488,2
9489,2
9490,2
9491,2
9492,2
9493,2
9494,2
9495,0
9496,2
9497,0
9498,0
9499,2
9500,0
9501,2
9502,1
9503,2
9504,2
9505,2
9506,2
9507,2
9508,2
9509,2
9510,2
9511,2
9512,2
9513,2
9514,1
9515,0
9516,2
9517,0
9518,2
9519,0
9520,2
9521,2
9522,0
9523,0
9524,2
9525,2
9526,2
9527,2
9528,2
9529,2
9530,0
9531,2
9532,2
9533,2
9534,2
9535,0
9536,2
9537,0
9538,2
9539,2
9540,2
9541,2
9542,2
9543,2
9544,1
9545,2
9546,0
9547,2
9548,0
9549,2
9550,2
9551,0
9552,2
9553,2
9554,2
9555,2
9556,0
9557,1
9558,2
9559,0
9560,2
9561,2
9562,0
9563,0
9564,2
9565,2
9566,0
9567,2
9568,2
9569,2
9570,2
9571,2
9572,2
9573,2
9574,2
9575,2
9576,2
9577,2
9578,2
9579,0
9580,2
9581,2
9582,2
9583,2
9584,2
9585,2
9586,2
9587,0
9588,2
9589,2
9590,2
9591,2
9592,2
9593,0
9594,2
9595,2
9596,2
9597,2
9598,0
9599,2
9600,2
9601,2
9602,2
9603,2
9604,2
9605,2
9606,2
9607,2
9608,2
9609,2
9610,2
9611,2
9612,2
9613,2
9614,0
9615,1
9616,2
9617,2
9618,2
9619,2
9620,2
9621,2
9622,2
9623,2
9624,2
9625,2
9626,2
9627,2
9628,2
9629,2
9630,2
9631,0
9632,0
9633,2
9634,2
9635,2
9636,0
9637,0
9638,2
9639,2
9640,0
9641,2
9642,0
9643,0
9644,2
9645,2
9646,2
9647,2
9648,2
9649,2
9650,2
9651,2
9652,2
9653,2
9654,2
9655,2
9656,2
9657,2
9658,2
9659,2
9660,0
9661,2
9662,2
9663,2
9664,2
9665,2
9666,2
9667,2
9668,2
9669,0
9670,2
9671,2
9672,2
9673,0
9674,2
9675,2
9676,2
9677,2
9678,2
9679,2
9680,2
9681,1
9682,2
9683,2
9684,1
9685,0
9686,2
9687,2
9688,1
9689,0
9690,2
9691,0
9692,2
9693,2
9694,0
9695,2
9696,2
9697,2
9698,2
9699,2
9700,0
9701,2
9702,2
9703,2
9704,2
9705,2
9706,2
9707,2
9708,0
9709,2
9710,2
9711,2
9712,2
9713,2
9714,2
9715,2
9716,0
9717,1
9718,2
9719,2
9720,0
9721,2
9722,0
9723,2
9724,0
9725,2
9726,2
9727,2
9728,0
9729,2
9730,2
9731,2
9732,0
9733,2
9734,2
9735,2
9736,2
9737,2
9738,2
9739,2
9740,2
9741,2
9742,2
9743,2
9744,2
9745,2
9746,0
9747,2
9748,0
9749,2
9750,2
9751,0
9752,2
9753,2
9754,0
9755,2
9756,2
9757,2
9758,0
9759,0
9760,2
9761,0
9762,1
9763,2
9764,0
9765,2
9766,2
9767,2
9768,0
9769,2
9770,2
9771,2
9772,2
9773,2
9774,0
9775,2
9776,2
9777,2
9778,2
9779,0
9780,0
9781,2
9782,2
9783,2
9784,2
9785,2
9786,2
9787,2
9788,0
9789,2
9790,0
9791,2
9792,2
9793,0
9794,0
9795,2
9796,0
9797,2
9798,0
9799,2
9800,2
9801,2
9802,2
9803,2
9804,2
9805,2
9806,2
9807,0
9808,2
9809,2
9810,2
9811,2
9812,0
9813,0
9814,2
9815,2
9816,2
9817,2
9818,2
9819,2
9820,2
9821,2
9822,2
9823,2
9824,2
9825,2
9826,2
9827,2
9828,2
9829,2
9830,2
9831,2
9832,2
9833,2
9834,2
9835,2
9836,2
9837,0
9838,2
9839,0
9840,2
9841,2
9842,2
9843,2
9844,2
9845,2
9846,2
9847,2
9848,2
9849,0
9850,2
9851,2
9852,0
9853,2
9854,2
9855,2
9856,2
9857,2
9858,2
9859,2
9860,2
9861,0
9862,2
9863,2
9864,1
9865,2
9866,2
9867,2
9868,2
9869,2
9870,2
9871,2
9872,2
9873,2
9874,0
9875,2
9876,2
9877,2
9878,0
9879,2
9880,2
9881,0
9882,2
9883,2
9884,2
9885,2
9886,2
9887,0
9888,0
9889,0
9890,2
9891,2
9892,2
9893,0
9894,2
9895,1
9896,2
9897,2
9898,2
9899,0
9900,1
9901,2
9902,2
9903,2
9904,2
9905,2
9906,2
9907,2
9908,2
9909,2
9910,2
9911,2
9912,0
9913,2
9914,2
9915,0
9916,2
9917,2
9918,0
9919,2
9920,2
9921,0
9922,2
9923,2
9924,2
9925,2
9926,2
9927,2
9928,2
9929,2
9930,2
9931,2
9932,2
9933,2
9934,2
9935,2
9936,2
9937,2
9938,2
9939,0
9940,2
9941,2
9942,2
9943,2
9944,0
9945,2
9946,2
9947,2
9948,0
9949,2
9950,2
9951,2
9952,2
9953,2
9954,2
9955,2
9956,2
9957,2
9958,2
9959,2
9960,2
9961,0
9962,0
9963,2
9964,0
9965,2
9966,2
9967,0
9968,2
9969,2
9970,0
9971,2
9972,2
9973,2
9974,2
9975,2
9976,0
9977,2
9978,0
9979,2
9980,2
9981,0
9982,2
9983,2
9984,0
9985,2
9986,2
9987,2
9988,2
9989,2
9990,0
9991,2
9992,2
9993,2
9994,2
9995,2
9996,2
9997,2
9998,0
9999,2
10000,2
10001,2
10002,2
10003,2
10004,2
10005,2
10006,0
10007,0
10008,2
10009,2
10010,2
10011,2
10012,2
10013,2
10014,2
10015,2
10016,2
10017,0
10018,1
10019,0
10020,2
10021,2
10022,2
10023,2
10024,2
10025,0
10026,2
10027,2
10028,2
10029,2
10030,2
10031,2
10032,2
10033,2
10034,2
10035,0
10036,0
10037,2
10038,1
10039,2
10040,0
10041,2
10042,2
10043,2
10044,2
10045,2
10046,2
10047,2
10048,2
10049,2
10050,2
10051,2
10052,2
10053,2
10054,2
10055,2
10056,2
10057,2
10058,1
10059,2
10060,2
10061,2
10062,2
10063,2
10064,0
10065,2
10066,2
10067,2
10068,2
10069,2
10070,0
10071,2
10072,2
10073,2
10074,0
10075,2
10076,2
10077,2
10078,2
10079,0
10080,2
10081,2
10082,2
10083,2
10084,2
10085,0
10086,2
10087,0
10088,2
10089,2
10090,0
10091,0
10092,0
10093,2
10094,2
10095,0
10096,2
10097,2
10098,0
10099,2
10100,2
10101,2
10102,2
10103,2
10104,2
10105,2
10106,2
10107,2
10108,2
10109,2
10110,1
10111,2
10112,2
10113,2
10114,2
10115,2
10116,2
10117,2
10118,2
10119,0
10120,0
10121,0
10122,0
10123,2
10124,2
10125,2
10126,2
10127,2
10128,2
10129,0
10130,2
10131,0
10132,0
10133,2
10134,2
10135,2
10136,2
10137,2
10138,2
10139,2
10140,2
10141,2
10142,2
10143,2
10144,2
10145,2
10146,2
10147,2
10148,2
10149,2
10150,2
10151,2
10152,2
10153,2
10154,2
10155,0
10156,2
10157,2
10158,1
10159,2
10160,2
10161,2
10162,2
10163,2
10164,0
10165,0
10166,0
10167,2
10168,2
10169,2
10170,2
10171,2
10172,2
10173,2
10174,2
10175,2
10176,2
10177,2
10178,2
10179,2
10180,2
10181,2
10182,0
10183,2
10184,2
10185,1
10186,2
10187,2
10188,2
10189,2
10190,1
10191,2
10192,2
10193,2
10194,2
10195,2
10196,2
10197,2
10198,2
10199,2
10200,2
10201,2
10202,2
10203,2
10204,2
10205,0
10206,0
10207,2
10208,0
10209,2
10210,2
10211,2
10212,2
10213,2
10214,2
10215,0
10216,2
10217,2
10218,2
10219,2
10220,2
10221,2
10222,2
10223,0
10224,0
10225,2
10226,0
10227,2
10228,2
10229,2
10230,2
10231,0
10232,2
10233,2
10234,2
10235,2
10236,2
10237,2
10238,2
10239,2
10240,2
10241,2
10242,2
10243,0
10244,2
10245,2
10246,2
10247,0
10248,2
10249,2
10250,2
10251,2
10252,2
10253,2
10254,2
10255,2
10256,2
10257,0
10258,2
10259,2
10260,2
10261,0
10262,2
10263,2
10264,2
10265,2
10266,2
10267,2
10268,2
10269,2
10270,2
10271,2
10272,2
10273,2
10274,2
10275,2
10276,0
10277,2
10278,2
10279,2
10280,1
10281,0
10282,2
10283,0
10284,2
10285,0
10286,0
10287,2
10288,2
10289,2
10290,2
10291,2
10292,2
10293,2
10294,2
10295,2
10296,0
10297,2
10298,0
10299,2
10300,2
10301,0
10302,0
10303,2
10304,2
10305,0
10306,2
10307,2
10308,2
10309,2
10310,0
10311,2
10312,0
10313,2
10314,2
10315,2
10316,2
10317,2
10318,0
10319,2
10320,0
10321,2
10322,2
10323,2
10324,2
10325,0
10326,2
10327,2
10328,2
10329,2
10330,0
10331,2
10332,2
10333,2
10334,2
10335,2
10336,2
10337,2
10338,2
10339,2
10340,2
10341,2
10342,0
10343,2
10344,2
10345,0
10346,2
10347,2
10348,2
10349,0
10350,2
10351,2
10352,2
10353,2
10354,2
10355,2
10356,2
10357,2
10358,0
10359,2
10360,2
10361,0
10362,2
10363,2
10364,2
10365,2
10366,2
10367,2
10368,0
10369,2
10370,0
10371,2
10372,2
10373,2
10374,2
10375,2
10376,2
10377,2
10378,2
10379,2
10380,0
10381,2
10382,2
10383,2
10384,2
10385,2
10386,2
10387,2
10388,2
10389,2
10390,2
10391,0
10392,0
10393,2
10394,2
10395,2
10396,0
10397,2
10398,2
10399,2
10400,2
10401,1
10402,2
10403,2
10404,2
10405,2
10406,2
10407,2
10408,0
10409,0
10410,2
10411,2
10412,2
10413,2
10414,2
10415,2
10416,2
10417,2
10418,2
10419,2
10420,2
10421,2
10422,2
10423,2
10424,0
10425,0
10426,2
10427,2
10428,2
10429,1
10430,2
10431,2
10432,0
10433,1
10434,2
10435,2
10436,0
10437,0
10438,2
10439,2
10440,2
10441,2
10442,2
10443,0
10444,0
10445,2
10446,1
10447,2
10448,2
10449,2
10450,2
10451,2
10452,2
10453,2
10454,2
10455,0
10456,0
10457,0
10458,2
10459,2
10460,2
10461,2
10462,2
10463,0
10464,0
10465,0
10466,0
10467,2
10468,0
10469,0
10470,2
10471,2
10472,2
10473,2
10474,2
10475,2
10476,2
10477,2
10478,2
10479,1
10480,0
10481,2
10482,0
10483,2
10484,2
10485,2
10486,2
10487,2
10488,0
10489,0
10490,0
10491,2
10492,1
10493,2
10494,2
10495,2
10496,2
10497,1
10498,2
10499,2
10500,2
10501,2
10502,2
10503,1
10504,2
10505,2
10506,2
10507,2
10508,2
10509,2
10510,0
10511,0
10512,2
10513,0
10514,2
10515,0
10516,2
10517,1
10518,2
10519,0
10520,2
10521,2
10522,2
10523,2
10524,2
10525,2
10526,2
10527,2
10528,2
10529,2
10530,2
10531,2
10532,2
10533,0
10534,2
10535,2
10536,2
10537,2
10538,2
10539,2
10540,1
10541,2
10542,2
10543,2
10544,2
10545,0
10546,2
10547,2
10548,2
10549,2
10550,1
10551,2
10552,2
10553,1
10554,0
10555,2
10556,2
10557,2
10558,2
10559,0
10560,2
10561,2
10562,2
10563,0
10564,2
10565,0
10566,2
10567,2
10568,2
10569,2
10570,0
10571,2
10572,2
10573,2
10574,2
10575,2
10576,0
10577,2
10578,2
10579,0
10580,2
10581,2
10582,2
10583,2
10584,2
10585,2
10586,2
10587,0
10588,2
10589,2
10590,2
10591,2
10592,2
10593,2
10594,2
10595,2
10596,2
10597,2
10598,0
10599,2
10600,2
10601,2
10602,2
10603,2
10604,2
10605,1
10606,2
10607,2
10608,2
10609,2
10610,2
10611,2
10612,2
10613,2
10614,2
10615,2
10616,0
10617,2
10618,1
10619,1
10620,2
10621,2
10622,2
10623,2
10624,2
10625,2
10626,2
10627,0
10628,2
10629,2
10630,2
10631,2
10632,0
10633,2
10634,2
10635,2
10636,2
10637,2
10638,2
10639,0
10640,2
10641,2
10642,2
10643,0
10644,2
10645,0
10646,2
10647,2
10648,0
10649,2
10650,2
10651,0
10652,2
10653,2
10654,2
10655,2
10656,2
10657,2
10658,2
10659,2
10660,2
10661,2
10662,0
10663,2
10664,2
10665,2
10666,0
10667,0
10668,2
10669,2
10670,2
10671,2
10672,2
10673,2
10674,2
10675,1
10676,2
10677,2
10678,2
10679,2
10680,2
10681,2
10682,2
10683,0
10684,2
10685,2
10686,0
10687,2
10688,2
10689,2
10690,2
10691,1
10692,0
10693,0
10694,0
10695,2
10696,0
10697,2
10698,2
10699,2
10700,0
10701,2
10702,2
10703,2
10704,2
10705,0
10706,2
10707,2
10708,2
10709,0
10710,2
10711,2
10712,2
10713,2
10714,2
10715,2
10716,2
10717,2
10718,2
10719,2
10720,0
10721,0
10722,2
10723,2
10724,0
10725,2
10726,0
10727,0
10728,2
10729,0
10730,2
10731,0
10732,2
10733,0
10734,2
10735,2
10736,2
10737,2
10738,2
10739,2
10740,0
10741,2
10742,2
10743,2
10744,2
10745,2
10746,2
10747,2
10748,0
10749,2
10750,2
10751,2
10752,2
10753,0
10754,2
10755,2
10756,2
10757,2
10758,2
10759,2
10760,2
10761,2
10762,2
10763,2
10764,2
10765,2
10766,2
10767,2
10768,2
10769,1
10770,2
10771,2
10772,2
10773,2
10774,2
10775,2
10776,0
10777,2
10778,2
10779,2
10780,2
10781,1
10782,2
10783,2
10784,0
10785,2
10786,2
10787,2
10788,1
10789,2
10790,2
10791,2
10792,2
10793,0
10794,0
10795,2
10796,0
10797,0
10798,2
10799,2
10800,2
10801,2
10802,2
10803,2
10804,0
10805,2
10806,2
10807,2
10808,0
10809,2
10810,2
10811,2
10812,2
10813,2
10814,0
10815,2
10816,2
10817,2
10818,2
10819,0
10820,2
10821,2
10822,2
10823,0
10824,2
10825,2
10826,2
10827,2
10828,2
10829,0
10830,0
10831,2
10832,2
10833,0
10834,2
10835,2
10836,0
10837,2
10838,2
10839,0
10840,1
10841,2
10842,2
10843,2
10844,2
10845,0
10846,2
10847,2
10848,0
10849,2
10850,2
10851,0
10852,2
10853,2
10854,0
10855,2
10856,2
10857,0
10858,2
10859,2
10860,2
10861,2
10862,2
10863,2
10864,2
10865,2
10866,2
10867,2
10868,2
10869,2
10870,2
10871,2
10872,2
10873,2
10874,2
10875,0
10876,2
10877,2
10878,2
10879,2
10880,1
10881,2
10882,0
10883,0
10884,2
10885,2
10886,2
10887,2
10888,2
10889,0
10890,2
10891,2
10892,0
10893,2
10894,2
10895,2
10896,1
10897,2
10898,2
10899,2
10900,2
10901,2
10902,2
10903,2
10904,2
10905,2
10906,2
10907,2
10908,2
10909,2
10910,0
10911,1
10912,2
10913,2
10914,2
10915,0
10916,2
10917,2
10918,0
10919,0
10920,0
10921,2
10922,1
10923,2
10924,2
10925,0
10926,2
10927,2
10928,2
10929,2
10930,2
10931,0
10932,0
10933,2
10934,1
10935,2
10936,0
10937,0
10938,0
10939,2
10940,0
10941,2
10942,2
10943,2
10944,0
10945,2
10946,0
10947,2
10948,2
10949,0
10950,2
10951,2
10952,2
10953,1
10954,0
10955,2
10956,0
10957,2
10958,0
10959,1
10960,0
10961,1
10962,2
10963,2
10964,2
10965,2
10966,2
10967,2
10968,0
10969,2
10970,0
10971,2
10972,2
10973,2
10974,2
10975,2
10976,2
10977,2
10978,2
10979,0
10980,2
10981,2
10982,2
10983,2
10984,2
10985,2
10986,2
10987,2
10988,2
10989,2
10990,0
10991,0
10992,2
10993,2
10994,0
10995,1
10996,1
10997,2
10998,1
10999,2
11000,2
11001,2
11002,2
11003,0
11004,2
11005,2
11006,2
11007,2
11008,1
11009,2
11010,2
11011,2
11012,2
11013,2
11014,2
11015,0
11016,2
11017,2
11018,2
11019,0
11020,2
11021,2
11022,0
11023,2
11024,2
11025,2
11026,2
11027,2
11028,1
11029,2
11030,2
11031,2
11032,2
11033,2
11034,2
11035,2
11036,2
11037,2
11038,2
11039,0
11040,2
11041,2
11042,2
11043,0
11044,0
11045,2
11046,0
11047,2
11048,2
11049,2
11050,0
11051,2
11052,2
11053,0
11054,2
11055,2
11056,2
11057,2
11058,2
11059,2
11060,0
11061,2
11062,2
11063,2
11064,2
11065,1
11066,2
11067,2
11068,2
11069,2
11070,2
11071,0
11072,2
11073,2
11074,2
11075,2
11076,2
11077,0
11078,2
11079,1
11080,0
11081,2
11082,2
11083,2
11084,2
11085,0
11086,2
11087,0
11088,2
11089,2
11090,0
11091,1
11092,2
11093,2
11094,0
11095,2
11096,2
11097,2
11098,2
11099,2
11100,0
11101,0
11102,2
11103,2
11104,1
11105,2
11106,2
11107,2
11108,0
11109,2
11110,2
11111,2
11112,2
11113,2
11114,0
11115,2
11116,0
11117,2
11118,2
11119,2
11120,2
11121,2
11122,2
11123,2
11124,2
11125,2
11126,0
11127,2
11128,2
11129,2
11130,2
11131,2
11132,0
11133,2
11134,0
11135,2
11136,2
11137,0
11138,2
11139,2
11140,2
11141,2
11142,0
11143,2
11144,0
11145,2
11146,0
11147,2
11148,2
11149,2
11150,2
11151,2
11152,2
11153,2
11154,2
11155,2
11156,2
11157,2
11158,2
11159,2
11160,2
11161,2
11162,2
11163,2
11164,2
11165,2
11166,0
11167,0
11168,2
11169,2
11170,2
11171,2
11172,2
11173,2
11174,0
11175,2
11176,0
11177,0
11178,2
11179,2
11180,2
11181,0
11182,0
11183,2
11184,2
11185,0
11186,0
11187,2
11188,2
11189,0
11190,0
11191,2
11192,2
11193,0
11194,2
11195,2
11196,2
11197,2
11198,0
11199,0
11200,2
11201,0
11202,2
11203,2
11204,0
11205,2
11206,2
11207,2
11208,2
11209,0
11210,2
11211,2
11212,0
11213,2
11214,2
11215,2
11216,2
11217,2
11218,2
11219,2
11220,2
11221,2
11222,2
11223,2
11224,0
11225,2
11226,2
11227,2
11228,2
11229,2
11230,2
11231,2
11232,2
11233,2
11234,0
11235,2
11236,2
11237,1
11238,2
11239,2
11240,0
11241,2
11242,2
11243,0
11244,2
11245,2
11246,1
11247,2
11248,2
11249,2
11250,2
11251,0
11252,0
11253,0
11254,0
11255,2
11256,2
11257,2
11258,0
11259,2
11260,2
11261,2
11262,2
11263,2
11264,2
11265,2
11266,2
11267,2
11268,2
11269,2
11270,0
11271,2
11272,2
11273,2
11274,2
11275,2
11276,2
11277,0
11278,2
11279,2
11280,2
11281,2
11282,1
11283,2
11284,2
11285,2
11286,2
11287,2
11288,2
11289,2
11290,2
11291,2
11292,2
11293,2
11294,2
11295,2
11296,2
11297,2
11298,2
11299,2
11300,0
11301,2
11302,2
11303,0
11304,2
11305,0
11306,2
11307,2
11308,2
11309,2
11310,2
11311,2
11312,2
11313,0
11314,2
11315,2
11316,2
11317,2
11318,0
11319,2
11320,2
11321,0
11322,2
11323,2
11324,2
11325,2
11326,2
11327,0
11328,2
11329,2
11330,0
11331,1
11332,2
11333,2
11334,2
11335,2
11336,2
11337,2
11338,2
11339,2
11340,2
11341,2
11342,2
11343,2
11344,2
11345,2
11346,2
11347,2
11348,2
11349,0
11350,2
11351,2
11352,2
11353,2
11354,0
11355,2
11356,2
11357,2
11358,2
11359,2
11360,0
11361,2
11362,0
11363,2
11364,2
11365,2
11366,2
11367,0
11368,2
11369,2
11370,2
11371,2
11372,2
11373,2
11374,2
11375,1
11376,2
11377,2
11378,2
11379,2
11380,2
11381,0
11382,2
11383,2
11384,2
11385,2
11386,2
11387,2
11388,2
11389,2
11390,0
11391,2
11392,2
11393,2
11394,2
11395,2
11396,2
11397,2
11398,2
11399,0
11400,2
11401,0
11402,2
11403,2
11404,2
11405,2
11406,2
11407,2
11408,1
11409,0
11410,2
11411,2
11412,2
11413,2
11414,2
11415,2
11416,0
11417,2
11418,2
11419,2
11420,2
11421,2
11422,2
11423,2
11424,2
11425,2
11426,2
11427,2
11428,0
11429,0
11430,2
11431,2
11432,2
11433,2
11434,2
11435,0
11436,2
11437,2
11438,2
11439,2
11440,2
11441,1
11442,2
11443,2
11444,2
11445,2
11446,2
11447,2
11448,2
11449,2
11450,2
11451,2
11452,2
11453,2
11454,2
11455,2
11456,2
11457,2
11458,2
11459,2
11460,2
11461,2
11462,2
11463,2
11464,2
11465,2
11466,2
11467,2
11468,2
11469,2
11470,2
11471,2
11472,2
11473,2
11474,2
11475,2
11476,2
11477,2
11478,2
11479,2
11480,2
11481,2
11482,2
11483,2
11484,2
11485,2
11486,2
11487,2
11488,0
11489,2
11490,2
11491,0
11492,0
11493,0
11494,2
11495,2
11496,2
11497,2
11498,1
11499,2
11500,2
11501,2
11502,2
11503,2
11504,2
11505,2
11506,2
11507,2
11508,1
11509,2
11510,0
11511,2
11512,2
11513,2
11514,2
11515,0
11516,2
11517,0
11518,2
11519,2
11520,2
11521,0
11522,2
11523,2
11524,2
11525,2
11526,2
11527,2
11528,2
11529,0
11530,2
11531,0
11532,0
11533,2
11534,0
11535,2
11536,2
11537,0
11538,2
11539,2
11540,2
11541,2
11542,2
11543,2
11544,1
11545,2
11546,0
11547,2
11548,0
11549,2
11550,2
11551,2
11552,2
11553,2
11554,0
11555,0
11556,2
11557,2
11558,1
11559,2
11560,1
11561,2
11562,2
11563,0
11564,2
11565,2
11566,2
11567,2
11568,2
11569,1
11570,2
11571,0
11572,2
11573,2
11574,2
11575,2
11576,2
11577,2
11578,2
11579,0
11580,2
11581,2
11582,2
11583,2
11584,2
11585,0
11586,2
11587,2
11588,1
11589,2
11590,2
11591,0
11592,2
11593,2
11594,2
11595,2
11596,2
11597,2
11598,2
11599,2
11600,2
11601,2
11602,0
11603,2
11604,0
11605,2
11606,2
11607,2
11608,2
11609,2
11610,2
11611,2
11612,1
11613,2
11614,2
11615,2
11616,2
11617,2
11618,0
11619,2
11620,2
11621,0
11622,0
11623,2
11624,2
11625,0
11626,2
11627,2
11628,2
11629,0
11630,0
11631,2
11632,2
11633,0
11634,2
11635,1
11636,2
11637,2
11638,2
11639,2
11640,2
11641,2
11642,2
11643,2
11644,2
11645,2
11646,2
11647,2
11648,0
11649,2
11650,2
11651,2
11652,2
11653,2
11654,2
11655,2
11656,2
11657,2
11658,2
11659,2
11660,2
11661,2
11662,2
11663,0
11664,2
11665,0
11666,2
11667,0
11668,2
11669,2
11670,0
11671,2
11672,2
11673,0
11674,2
11675,0
11676,1
11677,2
11678,2
11679,0
11680,2
11681,0
11682,0
11683,2
11684,2
11685,2
11686,1
11687,0
11688,0
11689,2
11690,2
11691,2
11692,0
11693,0
11694,2
11695,2
11696,2
11697,2
11698,2
11699,2
11700,2
11701,0
11702,2
11703,0
11704,2
11705,2
11706,2
11707,2
11708,0
11709,2
11710,2
11711,2
11712,2
11713,0
11714,2
11715,2
11716,2
11717,2
11718,2
11719,2
11720,2
11721,0
11722,1
11723,2
11724,0
11725,2
11726,2
11727,2
11728,0
11729,2
11730,2
11731,2
11732,2
11733,2
11734,2
11735,2
11736,2
11737,1
11738,2
11739,0
11740,2
11741,2
11742,2
11743,2
11744,2
11745,2
11746,2
11747,2
11748,2
11749,2
11750,2
11751,2
11752,2
11753,2
11754,0
11755,2
11756,2
11757,2
11758,2
11759,2
11760,0
11761,2
11762,0
11763,0
11764,2
11765,2
11766,2
11767,2
11768,2
11769,0
11770,2
11771,2
11772,2
11773,2
11774,2
11775,2
11776,2
11777,2
11778,2
11779,2
11780,2
11781,2
11782,2
11783,2
11784,2
11785,2
11786,2
11787,2
11788,2
11789,2
11790,2
11791,2
11792,2
11793,2
11794,2
11795,2
11796,0
11797,2
11798,2
11799,2
11800,2
11801,2
11802,2
11803,2
11804,2
11805,2
11806,2
11807,0
11808,2
11809,2
11810,2
11811,2
11812,2
11813,2
11814,2
11815,2
11816,2
11817,2
11818,2
11819,2
11820,0
11821,2
11822,2
11823,2
11824,1
11825,2
11826,2
11827,2
11828,2
11829,2
11830,2
11831,2
11832,2
11833,2
11834,0
11835,2
11836,2
11837,2
11838,2
11839,2
11840,2
11841,0
11842,1
11843,2
11844,2
11845,2
11846,2
11847,0
11848,1
11849,2
11850,2
11851,2
11852,2
11853,2
11854,0
11855,2
11856,1
11857,2
11858,2
11859,2
11860,0
11861,2
11862,2
11863,0
11864,0
11865,2
11866,2
11867,2
11868,1
11869,2
11870,2
11871,2
11872,2
11873,2
11874,0
11875,2
11876,2
11877,2
11878,0
11879,2
11880,2
11881,0
11882,2
11883,2
11884,2
11885,0
11886,2
11887,2
11888,2
11889,2
11890,2
11891,2
11892,2
11893,2
11894,2
11895,2
11896,2
11897,0
11898,2
11899,2
11900,2
11901,2
11902,2
11903,2
11904,2
11905,2
11906,2
11907,0
11908,2
11909,2
11910,2
11911,2
11912,2
11913,1
11914,2
11915,2
11916,0
11917,2
11918,2
11919,2
11920,2
11921,2
11922,2
11923,2
11924,1
11925,2
11926,2
11927,0
11928,2
11929,2
11930,2
11931,2
11932,2
11933,2
11934,2
11935,2
11936,0
11937,2
11938,2
11939,0
11940,2
11941,0
11942,2
11943,2
11944,2
11945,2
11946,2
11947,2
11948,2
11949,2
11950,0
11951,2
11952,2
11953,2
11954,2
11955,2
11956,0
11957,0
11958,2
11959,0
11960,2
11961,0
11962,0
11963,2
11964,2
11965,0
11966,2
11967,1
11968,2
11969,2
11970,0
11971,2
11972,2
11973,2
11974,2
11975,2
11976,2
11977,2
11978,1
11979,2
11980,2
11981,2
11982,2
11983,2
11984,0
11985,2
11986,2
11987,2
11988,2
11989,2
11990,2
11991,2
11992,2
11993,0
11994,2
11995,2
11996,2
11997,2
11998,2
11999,2
12000,2
12001,2
12002,0
12003,2
12004,2
12005,2
12006,2
12007,0
12008,0
12009,2
12010,2
12011,0
12012,2
12013,2
12014,2
12015,0
12016,0
12017,2
12018,2
12019,2
12020,0
12021,2
12022,2
12023,2
12024,2
12025,2
12026,0
12027,2
12028,2
12029,2
12030,2
12031,2
12032,2
12033,2
12034,2
12035,2
12036,2
12037,2
12038,2
12039,0
12040,2
12041,0
12042,2
12043,2
12044,2
12045,2
12046,2
12047,2
12048,2
12049,2
12050,2
12051,2
12052,2
12053,2
12054,2
12055,2
12056,2
12057,2
12058,2
12059,2
12060,2
12061,2
12062,0
12063,2
12064,2
12065,2
12066,2
12067,2
12068,2
12069,0
12070,2
12071,0
12072,2
12073,0
12074,0
12075,2
12076,2
12077,0
12078,2
12079,2
12080,0
12081,2
12082,2
12083,2
12084,2
12085,2
12086,1
12087,2
12088,2
12089,0
12090,0
12091,2
12092,2
12093,2
12094,2
12095,2
12096,2
12097,2
12098,0
12099,2
12100,0
12101,2
12102,2
12103,2
12104,2
12105,2
12106,0
12107,2
12108,2
12109,2
12110,2
12111,2
12112,2
12113,0
12114,2
12115,2
12116,2
12117,0
12118,2
12119,2
12120,2
12121,1
12122,2
12123,0
12124,0
12125,0
12126,2
12127,2
12128,2
12129,2
12130,2
12131,0
12132,2
12133,0
12134,0
12135,2
12136,2
12137,2
12138,2
12139,2
12140,0
12141,2
12142,2
12143,2
12144,2
12145,2
12146,2
12147,2
12148,2
12149,0
12150,2
12151,1
12152,2
12153,2
12154,2
12155,2
12156,2
12157,2
12158,2
12159,2
12160,2
12161,2
12162,2
12163,2
12164,2
12165,0
12166,2
12167,2
12168,2
12169,2
12170,2
12171,2
12172,2
12173,2
12174,0
12175,2
12176,2
12177,2
12178,2
12179,0
12180,2
12181,2
12182,2
12183,2
12184,2
12185,2
12186,2
12187,2
12188,2
12189,2
12190,2
12191,0
12192,2
12193,2
12194,2
12195,2
12196,0
12197,2
12198,0
12199,0
12200,2
12201,2
12202,2
12203,2
12204,2
12205,2
12206,2
12207,2
12208,2
12209,2
12210,2
12211,2
12212,2
12213,2
12214,2
12215,2
12216,0
12217,1
12218,2
12219,0
12220,2
12221,0
12222,2
12223,2
12224,2
12225,0
12226,2
12227,1
12228,2
12229,2
12230,2
12231,2
12232,2
12233,2
12234,2
12235,0
12236,2
12237,0
12238,2
12239,2
12240,0
12241,1
12242,2
12243,1
12244,2
12245,0
12246,2
12247,2
12248,2
12249,1
12250,2
12251,2
12252,2
12253,2
12254,2
12255,2
12256,2
12257,0
12258,2
12259,2
12260,2
12261,2
12262,0
12263,2
12264,2
12265,2
12266,2
12267,2
12268,2
12269,0
12270,2
12271,2
12272,2
12273,2
12274,2
12275,2
12276,2
12277,0
12278,2
12279,2
12280,2
12281,2
12282,2
12283,2
12284,2
12285,2
12286,0
12287,2
12288,2
12289,2
12290,0
12291,2
12292,2
12293,2
12294,2
12295,2
12296,0
12297,2
12298,2
12299,2
12300,2
12301,2
12302,2
12303,2
12304,1
12305,2
12306,2
12307,2
12308,1
12309,2
12310,2
12311,2
12312,0
12313,2
12314,2
12315,2
12316,2
12317,2
12318,0
12319,2
12320,2
12321,0
12322,0
12323,2
12324,2
12325,2
12326,2
12327,0
12328,2
12329,1
12330,2
12331,1
12332,2
12333,2
12334,2
12335,2
12336,0
12337,2
12338,2
12339,2
12340,2
12341,2
12342,0
12343,2
12344,2
12345,2
12346,2
12347,0
12348,2
12349,0
12350,2
12351,2
12352,1
12353,2
12354,2
12355,2
12356,2
12357,0
12358,2
12359,2
12360,2
12361,2
12362,0
12363,2
12364,2
12365,2
12366,2
12367,0
12368,2
12369,2
12370,2
12371,2
12372,2
12373,0
12374,2
12375,2
12376,0
12377,0
12378,2
12379,2
12380,2
12381,2
12382,2
12383,2
12384,2
12385,1
12386,2
12387,2
12388,2
12389,2
12390,2
12391,0
12392,0
12393,2
12394,2
12395,2
12396,2
12397,2
12398,2
12399,0
12400,2
12401,2
12402,2
12403,2
12404,2
12405,0
12406,2
12407,0
12408,2
12409,2
12410,2
12411,2
12412,2
12413,2
12414,2
12415,2
12416,1
12417,2
12418,2
12419,2
12420,2
12421,0
12422,2
12423,2
12424,0
12425,2
12426,2
12427,2
12428,2
12429,2
12430,2
12431,2
12432,2
12433,2
12434,2
12435,2
12436,2
12437,2
12438,2
12439,2
12440,2
12441,2
12442,1
12443,2
12444,2
12445,2
12446,2
12447,2
12448,0
12449,2
12450,2
12451,2
12452,2
12453,2
12454,2
12455,2
12456,2
12457,2
12458,2
12459,2
12460,2
12461,2
12462,2
12463,0
12464,2
12465,2
12466,2
12467,2
12468,2
12469,2
12470,0
12471,2
12472,0
12473,0
12474,2
12475,0
12476,2
12477,1
12478,2
12479,2
12480,2
12481,0
12482,2
12483,2
12484,2
12485,2
12486,2
12487,0
12488,2
12489,2
12490,2
12491,2
12492,2
12493,2
12494,2
12495,0
12496,2
12497,2
12498,0
12499,2
12500,0
12501,2
12502,2
12503,2
12504,2
12505,0
12506,2
12507,2
12508,2
12509,2
12510,2
12511,2
12512,2
12513,2
12514,2
12515,2
12516,2
12517,2
12518,2
12519,0
12520,0
12521,1
12522,2
12523,2
12524,2
12525,2
12526,1
12527,2
12528,2
12529,2
12530,2
12531,0
12532,2
12533,2
12534,2
12535,0
12536,2
12537,2
12538,2
12539,2
12540,2
12541,2
12542,1
12543,2
12544,0
12545,2
12546,2
12547,2
12548,2
12549,2
12550,2
12551,2
12552,2
12553,0
12554,2
12555,2
12556,0
12557,2
12558,2
12559,2
12560,0
12561,2
12562,0
12563,2
12564,2
12565,2
12566,2
12567,2
12568,0
12569,2
12570,0
12571,2
12572,2
12573,2
12574,2
12575,2
12576,2
12577,2
12578,2
12579,0
12580,2
12581,2
12582,2
12583,2
12584,2
12585,2
12586,2
12587,0
12588,2
12589,2
12590,2
12591,2
12592,2
12593,2
12594,2
12595,2
12596,2
12597,2
12598,2
12599,2
12600,2
12601,2
12602,2
12603,2
12604,0
12605,2
12606,2
12607,2
12608,2
12609,2
12610,2
12611,2
12612,2
12613,2
12614,2
12615,1
12616,2
12617,2
12618,0
12619,2
12620,2
12621,2
12622,0
12623,0
12624,2
12625,2
12626,0
12627,2
12628,2
12629,0
12630,2
12631,2
12632,2
12633,2
12634,2
12635,0
12636,1
12637,2
12638,2
12639,2
12640,1
12641,2
12642,2
12643,2
12644,2
12645,2
12646,1
12647,2
12648,1
12649,2
12650,2
12651,0
12652,1
12653,2
12654,0
12655,2
12656,0
12657,2
12658,0
12659,2
12660,2
12661,2
12662,2
12663,2
12664,2
12665,2
12666,2
12667,0
12668,2
12669,2
12670,2
12671,0
12672,2
12673,0
12674,1
12675,2
12676,2
12677,2
12678,2
12679,2
12680,2
12681,2
12682,0
12683,2
12684,2
12685,2
12686,0
12687,0
12688,2
12689,2
12690,1
12691,2
12692,2
12693,2
12694,2
12695,0
12696,2
12697,1
12698,2
12699,2
12700,2
12701,1
12702,0
12703,2
12704,2
12705,2
12706,2
12707,2
12708,2
12709,2
12710,1
12711,2
12712,0
12713,2
12714,2
12715,0
12716,1
12717,2
12718,2
12719,0
12720,2
12721,2
12722,2
12723,0
12724,2
12725,2
12726,0
12727,2
12728,0
12729,2
12730,2
12731,2
12732,0
12733,2
12734,2
12735,2
12736,2
12737,2
12738,2
12739,2
12740,2
12741,2
12742,0
12743,2
12744,1
12745,2
12746,2
12747,2
12748,2
12749,2
12750,2
12751,2
12752,1
12753,2
12754,2
12755,2
12756,2
12757,0
12758,2
12759,2
12760,2
12761,2
12762,2
12763,2
12764,1
12765,0
12766,2
12767,2
12768,0
12769,2
12770,2
12771,0
12772,2
12773,2
12774,1
12775,2
12776,2
12777,0
12778,2
12779,2
12780,2
12781,2
12782,2
12783,0
12784,2
12785,2
12786,2
12787,0
12788,0
12789,2
12790,0
12791,2
12792,2
12793,2
12794,2
12795,2
12796,2
12797,2
12798,0
12799,0
12800,2
12801,2
12802,2
12803,0
12804,0
12805,2
12806,2
12807,0
12808,0
12809,0
12810,2
12811,2
12812,0
12813,0
12814,2
12815,1
12816,2
12817,2
12818,2
12819,2
12820,2
12821,2
12822,0
12823,0
12824,0
12825,2
12826,2
12827,2
12828,2
12829,2
12830,1
12831,2
12832,2
12833,0
12834,1
12835,2
12836,2
12837,2
12838,0
12839,2
12840,2
12841,2
12842,0
12843,0
12844,2
12845,0
12846,0
12847,2
12848,2
12849,2
12850,2
12851,2
12852,2
12853,0
12854,2
12855,2
12856,0
12857,2
12858,2
12859,2
12860,0
12861,2
12862,2
12863,2
12864,2
12865,2
12866,1
12867,2
12868,2
12869,2
12870,2
12871,2
12872,2
12873,2
12874,2
12875,0
12876,2
12877,2
12878,2
12879,1
12880,2
12881,2
12882,2
12883,0
12884,2
12885,2
12886,2
12887,2
12888,2
12889,2
12890,2
12891,0
12892,2
12893,0
12894,0
12895,2
12896,2
12897,0
12898,2
12899,2
12900,2
12901,2
12902,1
12903,2
12904,0
12905,2
12906,2
12907,2
12908,2
12909,0
12910,0
12911,2
12912,2
12913,2
12914,0
12915,2
12916,0
12917,2
12918,2
12919,2
12920,0
12921,2
12922,2
12923,2
12924,2
12925,2
12926,0
12927,0
12928,2
12929,2
12930,2
12931,2
12932,1
12933,2
12934,0
12935,2
12936,1
12937,1
12938,2
12939,0
12940,2
12941,2
12942,2
12943,2
12944,2
12945,0
12946,2
12947,0
12948,0
12949,0
12950,2
12951,2
12952,2
12953,2
12954,2
12955,2
12956,2
12957,2
12958,0
12959,2
12960,2
12961,2
12962,2
12963,2
12964,2
12965,0
12966,2
12967,1
12968,2
12969,2
12970,2
12971,1
12972,2
12973,2
12974,2
12975,2
12976,2
12977,2
12978,0
12979,2
12980,2
12981,2
12982,2
12983,2
12984,2
12985,1
12986,0
12987,0
12988,2
12989,2
12990,2
12991,2
12992,2
12993,2
12994,2
12995,0
12996,2
12997,1
12998,2
12999,2
13000,2
13001,2
13002,2
13003,2
13004,0
13005,2
13006,2
13007,2
13008,2
13009,2
13010,0
13011,2
13012,2
13013,2
13014,2
13015,2
13016,2
13017,2
13018,2
13019,2
13020,2
13021,2
13022,2
13023,2
13024,2
13025,2
13026,2
13027,2
13028,2
13029,0
13030,2
13031,0
13032,2
13033,0
13034,2
13035,2
13036,2
13037,2
13038,2
13039,0
13040,0
13041,2
13042,2
13043,2
13044,2
13045,2
13046,0
13047,0
13048,2
13049,2
13050,2
13051,2
13052,2
13053,2
13054,1
13055,2
13056,1
13057,2
13058,2
13059,2
13060,2
13061,2
13062,2
13063,2
13064,2
13065,2
13066,2
13067,2
13068,2
13069,0
13070,2
13071,2
13072,2
13073,2
13074,0
13075,0
13076,2
13077,0
13078,2
13079,2
13080,2
13081,2
13082,2
13083,2
13084,2
13085,2
13086,0
13087,2
13088,0
13089,2
13090,1
13091,0
13092,2
13093,2
13094,0
13095,2
13096,2
13097,2
13098,2
13099,1
13100,2
13101,2
13102,0
13103,2
13104,2
13105,2
13106,2
13107,2
13108,2
13109,0
13110,0
13111,2
13112,2
13113,0
13114,1
13115,2
13116,0
13117,0
13118,2
13119,0
13120,2
13121,2
13122,2
13123,2
13124,2
13125,2
13126,2
13127,2
13128,2
13129,1
13130,2
13131,2
13132,2
13133,2
13134,1
13135,0
13136,2
13137,2
13138,2
13139,0
13140,2
13141,2
13142,2
13143,2
13144,2
13145,2
13146,2
13147,2
13148,0
13149,2
13150,2
13151,1
13152,0
13153,2
13154,0
13155,2
13156,2
13157,0
13158,2
13159,2
13160,2
13161,2
13162,0
13163,2
13164,2
13165,2
13166,2
13167,2
13168,2
13169,0
13170,2
13171,2
13172,0
13173,2
13174,0
13175,0
13176,2
13177,2
13178,2
13179,2
13180,0
13181,2
13182,2
13183,2
13184,2
13185,2
13186,0
13187,1
13188,0
13189,2
13190,2
13191,2
13192,0
13193,2
13194,2
13195,0
13196,2
13197,2
13198,0
13199,0
13200,2
13201,2
13202,0
13203,2
13204,2
13205,2
13206,2
13207,2
13208,2
13209,2
13210,2
13211,2
13212,2
13213,2
13214,2
13215,2
13216,0
13217,2
13218,1
13219,2
13220,2
13221,2
13222,2
13223,2
13224,2
13225,2
13226,2
13227,2
13228,2
13229,0
13230,2
13231,2
13232,2
13233,2
13234,2
13235,2
13236,2
13237,2
13238,2
13239,2
13240,2
13241,2
13242,2
13243,2
13244,2
13245,2
13246,0
13247,0
13248,2
13249,2
13250,2
13251,2
13252,2
13253,0
13254,2
13255,2
13256,0
13257,2
13258,2
13259,0
13260,2
13261,2
13262,2
13263,2
13264,2
13265,2
13266,2
13267,0
13268,2
13269,0
13270,2
13271,2
13272,2
13273,2
13274,2
13275,2
13276,2
13277,2
13278,2
13279,0
13280,2
13281,2
13282,2
13283,2
13284,0
13285,2
13286,2
13287,2
13288,0
13289,0
13290,1
13291,2
13292,2
13293,2
13294,2
13295,2
13296,2
13297,2
13298,2
13299,2
13300,2
13301,2
13302,2
13303,2
13304,0
13305,2
13306,2
13307,2
13308,2
13309,1
13310,2
13311,0
13312,2
13313,2
13314,2
13315,2
13316,2
13317,2
13318,0
13319,2
13320,0
13321,2
13322,0
13323,2
13324,2
13325,2
13326,0
13327,2
13328,2
13329,1
13330,2
13331,2
13332,2
13333,2
13334,2
13335,2
13336,0
13337,2
13338,2
13339,2
13340,2
13341,1
13342,0
13343,2
13344,0
13345,2
13346,2
13347,2
13348,2
13349,2
13350,2
13351,2
13352,2
13353,2
13354,2
13355,0
13356,2
13357,2
13358,2
13359,0
13360,2
13361,0
13362,2
13363,2
13364,0
13365,2
13366,2
13367,2
13368,2
13369,2
13370,0
13371,2
13372,2
13373,2
13374,2
13375,0
13376,2
13377,2
13378,2
13379,2
13380,0
13381,1
13382,2
13383,2
13384,2
13385,2
13386,0
13387,0
13388,1
13389,2
13390,2
13391,2
13392,2
13393,2
13394,0
13395,2
13396,2
13397,2
13398,2
13399,0
13400,2
13401,2
13402,0
13403,0
13404,2
13405,2
13406,2
13407,2
13408,0
13409,2
13410,2
13411,2
13412,2
13413,2
13414,2
13415,2
13416,0
13417,2
13418,2
13419,2
13420,2
13421,0
13422,0
13423,2
13424,2
13425,0
13426,2
13427,2
13428,2
13429,2
13430,2
13431,2
13432,2
13433,2
13434,2
13435,2
13436,2
13437,1
13438,0
13439,2
13440,2
13441,2
13442,2
13443,1
13444,2
13445,1
13446,1
13447,2
13448,0
13449,2
13450,0
13451,2
13452,2
13453,2
13454,2
13455,2
13456,0
13457,2
13458,2
13459,2
13460,0
13461,2
13462,2
13463,2
13464,2
13465,2
13466,2
13467,2
13468,2
13469,2
13470,2
13471,2
13472,2
13473,2
13474,2
13475,2
13476,2
13477,2
13478,0
13479,2
13480,0
13481,0
13482,2
13483,2
13484,2
13485,2
13486,2
13487,2
13488,2
13489,2
13490,2
13491,0
13492,0
13493,2
13494,2
13495,0
13496,1
13497,0
13498,2
13499,0
13500,2
13501,2
13502,2
13503,2
13504,2
13505,2
13506,2
13507,0
13508,2
13509,2
13510,2
13511,1
13512,2
13513,2
13514,1
13515,2
13516,2
13517,2
13518,0
13519,2
13520,2
13521,2
13522,0
13523,2
13524,2
13525,2
13526,2
13527,0
13528,2
13529,2
13530,2
13531,2
13532,0
13533,0
13534,2
13535,2
13536,2
13537,2
13538,2
13539,2
13540,2
13541,2
13542,2
13543,0
13544,2
13545,2
13546,2
13547,2
13548,2
13549,2
13550,2
13551,2
13552,2
13553,0
13554,0
13555,0
13556,0
13557,2
13558,2
13559,2
13560,2
13561,2
13562,1
13563,2
13564,2
13565,2
13566,2
13567,2
13568,2
13569,2
13570,2
13571,2
13572,2
13573,2
13574,2
13575,2
13576,2
13577,2
13578,2
13579,2
13580,2
13581,2
13582,2
13583,0
13584,2
13585,2
13586,2
13587,2
13588,2
13589,2
13590,0
13591,2
13592,0
13593,0
13594,2
13595,2
13596,2
13597,2
13598,2
13599,2
13600,2
13601,2
13602,2
13603,2
13604,2
13605,1
13606,2
13607,2
13608,0
13609,0
13610,0
13611,2
13612,0
13613,2
13614,1
13615,2
13616,2
13617,2
13618,2
13619,2
13620,2
13621,2
13622,2
13623,2
13624,2
13625,2
13626,2
13627,2
13628,2
13629,2
13630,2
13631,0
13632,2
13633,0
13634,0
13635,0
13636,2
13637,2
13638,2
13639,1
13640,2
13641,2
13642,2
13643,0
13644,2
13645,2
13646,0
13647,2
13648,2
13649,0
13650,2
13651,2
13652,2
13653,0
13654,2
13655,2
13656,2
13657,0
13658,0
13659,2
13660,0
13661,2
13662,2
13663,0
13664,2
13665,2
13666,2
13667,2
13668,2
13669,0
13670,2
13671,2
13672,0
13673,2
13674,2
13675,2
13676,1
13677,0
13678,2
13679,2
13680,2
13681,2
13682,2
13683,0
13684,1
13685,2
13686,0
13687,2
13688,2
13689,0
13690,0
13691,2
13692,2
13693,2
13694,1
13695,2
13696,2
13697,2
13698,2
13699,2
13700,2
13701,2
13702,0
13703,2
13704,2
13705,2
13706,2
13707,2
13708,2
13709,1
13710,2
13711,2
13712,2
13713,2
13714,2
13715,2
13716,2
13717,2
13718,2
13719,2
13720,2
13721,0
13722,2
13723,2
13724,2
13725,2
13726,1
13727,2
13728,2
13729,2
13730,2
13731,2
13732,2
13733,1
13734,2
13735,2
13736,2
13737,2
13738,2
13739,2
13740,2
13741,2
13742,2
13743,2
13744,2
13745,2
13746,2
13747,2
13748,0
13749,2
13750,2
13751,2
13752,2
13753,0
13754,2
13755,0
13756,2
13757,2
13758,2
13759,0
13760,2
13761,2
13762,0
13763,0
13764,2
13765,2
13766,2
13767,2
13768,2
13769,2
13770,1
13771,2
13772,0
13773,2
13774,2
13775,2
13776,2
13777,2
13778,2
13779,2
13780,2
13781,2
13782,1
13783,1
13784,2
13785,2
13786,2
13787,0
13788,2
13789,0
13790,2
13791,2
13792,2
13793,2
13794,2
13795,2
13796,2
13797,2
13798,2
13799,2
13800,2
13801,2
13802,2
13803,2
13804,2
13805,2
13806,2
13807,2
13808,2
13809,2
13810,2
13811,2
13812,2
13813,0
13814,2
13815,2
13816,0
13817,2
13818,2
13819,2
13820,2
13821,2
13822,1
13823,2
13824,2
13825,0
13826,2
13827,2
13828,2
13829,2
13830,2
13831,0
13832,2
13833,2
13834,2
13835,0
13836,1
13837,2
13838,2
13839,2
13840,2
13841,2
13842,0
13843,1
13844,2
13845,2
13846,2
13847,2
13848,2
13849,2
13850,0
13851,0
13852,2
13853,2
13854,0
13855,2
13856,0
13857,2
13858,2
13859,2
13860,2
13861,2
13862,0
13863,2
13864,1
13865,2
13866,2
13867,2
13868,1
13869,2
13870,2
13871,0
13872,2
13873,2
13874,0
13875,0
13876,2
13877,2
13878,2
13879,2
13880,2
13881,1
13882,2
13883,2
13884,2
13885,2
13886,2
13887,2
13888,0
13889,2
13890,2
13891,2
13892,2
13893,2
13894,0
13895,0
13896,2
13897,2
13898,2
13899,2
13900,2
13901,2
13902,2
13903,2
13904,2
13905,2
13906,2
13907,2
13908,2
13909,0
13910,2
13911,0
13912,0
13913,2
13914,2
13915,2
13916,1
13917,1
13918,2
13919,0
13920,2
13921,0
13922,0
13923,2
13924,0
13925,2
13926,2
13927,2
13928,2
13929,2
13930,2
13931,2
13932,2
13933,2
13934,2
13935,2
13936,0
13937,2
13938,2
13939,2
13940,2
13941,2
13942,2
13943,2
13944,2
13945,0
13946,2
13947,0
13948,1
13949,2
13950,2
13951,2
13952,0
13953,2
13954,0
13955,2
13956,0
13957,2
13958,2
13959,0
13960,2
13961,0
13962,0
13963,2
13964,1
13965,2
13966,2
13967,2
13968,0
13969,0
13970,2
13971,2
13972,2
13973,2
13974,2
13975,2
13976,2
13977,2
13978,0
13979,0
13980,2
13981,2
13982,2
13983,1
13984,2
13985,0
13986,2
13987,0
13988,2
13989,2
13990,0
13991,2
13992,1
13993,2
13994,2
13995,2
13996,2
13997,0
13998,0
13999,2
14000,2
14001,2
14002,2
14003,2
14004,2
14005,2
14006,0
14007,2
14008,2
14009,2
14010,2
14011,2
14012,2
14013,2
14014,2
14015,0
14016,2
14017,2
14018,2
14019,2
14020,1
14021,2
14022,2
14023,2
14024,2
14025,2
14026,2
14027,0
14028,2
14029,2
14030,2
14031,2
14032,2
14033,0
14034,2
14035,0
14036,2
14037,2
14038,0
14039,0
14040,2
14041,2
14042,2
14043,2
14044,2
14045,0
14046,2
14047,2
14048,0
14049,2
14050,2
14051,2
14052,2
14053,2
14054,2
14055,2
14056,2
14057,2
14058,0
14059,2
14060,0
14061,2
14062,2
14063,2
14064,2
14065,2
14066,2
14067,0
14068,2
14069,2
14070,2
14071,2
14072,2
14073,2
14074,2
14075,2
14076,1
14077,0
14078,0
14079,2
14080,2
14081,2
14082,0
14083,2
14084,1
14085,0
14086,0
14087,2
14088,2
14089,0
14090,0
14091,2
14092,2
14093,2
14094,1
14095,0
14096,2
14097,2
14098,2
14099,2
14100,2
14101,2
14102,0
14103,2
14104,2
14105,2
14106,2
14107,2
14108,2
14109,2
14110,2
14111,2
14112,2
14113,2
14114,2
14115,2
14116,2
14117,1
14118,2
14119,2
14120,0
14121,2
14122,1
14123,2
14124,0
14125,2
14126,2
14127,2
14128,2
14129,2
14130,2
14131,0
14132,2
14133,1
14134,2
14135,2
14136,0
14137,2
14138,2
14139,2
14140,2
14141,2
14142,2
14143,2
14144,2
14145,0
14146,2
14147,2
14148,0
14149,2
14150,2
14151,2
14152,2
14153,2
14154,2
14155,0
14156,2
14157,2
14158,2
14159,2
14160,2
14161,2
14162,2
14163,2
14164,2
14165,0
14166,0
14167,2
14168,2
14169,2
14170,2
14171,2
14172,2
14173,0
14174,2
14175,2
14176,0
14177,2
14178,2
14179,2
14180,0
14181,2
14182,0
14183,0
14184,0
14185,2
14186,2
14187,0
14188,2
14189,2
14190,2
14191,2
14192,2
14193,2
14194,2
14195,1
14196,2
14197,2
14198,2
14199,2
14200,2
14201,2
14202,0
14203,2
14204,0
14205,2
14206,0
14207,2
14208,2
14209,2
14210,2
14211,2
14212,2
14213,2
14214,2
14215,2
14216,2
14217,2
14218,0
14219,2
14220,2
14221,2
14222,2
14223,2
14224,2
14225,2
14226,2
14227,2
14228,2
14229,2
14230,2
14231,2
14232,2
14233,2
14234,2
14235,2
14236,2
14237,2
14238,2
14239,0
14240,2
14241,2
14242,2
14243,0
14244,2
14245,2
14246,0
14247,0
14248,2
14249,0
14250,2
14251,1
14252,2
14253,2
14254,2
14255,2
14256,2
14257,2
14258,2
14259,2
14260,2
14261,2
14262,2
14263,2
14264,2
14265,2
14266,0
14267,1
14268,2
14269,2
14270,2
14271,2
14272,2
14273,2
14274,0
14275,0
14276,1
14277,2
14278,2
14279,2
14280,2
14281,0
14282,2
14283,2
14284,2
14285,2
14286,0
14287,2
14288,0
14289,2
14290,1
14291,2
14292,2
14293,2
14294,2
14295,2
14296,2
14297,1
14298,2
14299,2
14300,0
14301,1
14302,2
14303,2
14304,2
14305,2
14306,2
14307,2
14308,1
14309,1
14310,2
14311,0
14312,2
14313,2
14314,2
14315,2
14316,2
14317,2
14318,2
14319,2
14320,1
14321,2
14322,2
14323,2
14324,2
14325,2
14326,2
14327,2
14328,2
14329,2
14330,2
14331,2
14332,2
14333,0
14334,2
14335,0
14336,2
14337,0
14338,2
14339,2
14340,2
14341,2
14342,2
14343,2
14344,1
14345,2
14346,2
14347,2
14348,2
14349,2
14350,2
14351,2
14352,2
14353,2
14354,2
14355,2
14356,1
14357,0
14358,2
14359,0
14360,0
14361,0
14362,1
14363,2
14364,2
14365,2
14366,0
14367,2
14368,0
14369,2
14370,0
14371,0
14372,2
14373,2
14374,2
14375,2
14376,2
14377,2
14378,0
14379,2
14380,2
14381,2
14382,2
14383,2
14384,2
14385,0
14386,2
14387,2
14388,2
14389,2
14390,2
14391,2
14392,2
14393,2
14394,2
14395,0
14396,2
14397,2
14398,2
14399,2
14400,2
14401,2
14402,2
14403,2
14404,0
14405,2
14406,2
14407,2
14408,2
14409,2
14410,2
14411,2
14412,2
14413,2
14414,2
14415,2
14416,0
14417,2
14418,2
14419,2
14420,2
14421,2
14422,2
14423,2
14424,2
14425,0
14426,2
14427,2
14428,2
14429,2
14430,0
14431,2
14432,0
14433,0
14434,2
14435,2
14436,0
14437,2
14438,2
14439,2
14440,2
14441,2
14442,1
14443,2
14444,2
14445,1
14446,2
14447,2
14448,2
14449,0
14450,0
14451,0
14452,2
14453,2
14454,2
14455,2
14456,0
14457,0
14458,2
14459,2
14460,0
14461,2
14462,2
14463,2
14464,2
14465,0
14466,2
14467,2
14468,2
14469,2
14470,0
14471,2
14472,0
14473,2
14474,2
14475,0
14476,2
14477,2
14478,2
14479,2
14480,2
14481,2
14482,2
14483,2
14484,2
14485,0
14486,2
14487,2
14488,2
14489,2
14490,2
14491,2
14492,0
14493,0
14494,0
14495,0
14496,2
14497,2
14498,0
14499,0
14500,2
14501,1
14502,2
14503,0
14504,2
14505,0
14506,2
14507,2
14508,0
14509,2
14510,2
14511,2
14512,1
14513,2
14514,1
14515,2
14516,0
14517,2
14518,0
14519,2
14520,2
14521,2
14522,2
14523,2
14524,2
14525,0
14526,0
14527,2
14528,2
14529,0
14530,1
14531,2
14532,2
14533,2
14534,2
14535,2
14536,2
14537,2
14538,2
14539,0
14540,2
14541,2
14542,2
14543,2
14544,0
14545,0
14546,2
14547,0
14548,2
14549,2
14550,2
14551,2
14552,0
14553,2
14554,1
14555,0
14556,0
14557,0
14558,1
14559,2
14560,2
14561,0
14562,2
14563,2
14564,2
14565,1
14566,2
14567,0
14568,2
14569,0
14570,2
14571,2
14572,2
14573,0
14574,2
14575,2
14576,2
14577,0
14578,0
14579,2
14580,2
14581,2
14582,2
14583,0
14584,2
14585,2
14586,2
14587,2
14588,0
14589,1
14590,2
14591,2
14592,2
14593,2
14594,0
14595,2
14596,2
14597,2
14598,2
14599,2
14600,2
14601,2
14602,2
14603,2
14604,0
14605,1
14606,2
14607,0
14608,2
14609,0
14610,2
14611,2
14612,0
14613,2
14614,0
14615,2
14616,0
14617,2
14618,2
14619,2
14620,2
14621,2
14622,2
14623,2
14624,2
14625,0
14626,2
14627,2
14628,2
14629,2
14630,0
14631,2
14632,2
14633,2
14634,2
14635,0
14636,2
14637,2
14638,2
14639,2
14640,2
14641,2
14642,2
14643,2
14644,2
14645,2
14646,2
14647,2
14648,2
14649,2
14650,0
14651,2
14652,2
14653,2
14654,2
14655,2
14656,2
14657,2
14658,2
14659,2
14660,2
14661,2
14662,2
14663,2
14664,2
14665,2
14666,2
14667,2
14668,2
14669,2
14670,2
14671,2
14672,2
14673,2
14674,2
14675,2
14676,2
14677,2
14678,2
14679,2
14680,2
14681,2
14682,0
14683,2
14684,2
14685,2
14686,2
14687,2
14688,2
14689,0
14690,2
14691,2
14692,2
14693,0
14694,0
14695,2
14696,2
14697,0
14698,2
14699,0
14700,2
14701,2
14702,0
14703,2
14704,2
14705,2
14706,2
14707,2
14708,2
14709,2
14710,0
14711,2
14712,2
14713,0
14714,2
14715,2
14716,0
14717,2
14718,2
14719,0
14720,2
14721,2
14722,0
14723,2
14724,2
14725,2
14726,2
14727,1
14728,0
14729,2
14730,2
14731,2
14732,0
14733,0
14734,2
14735,2
14736,2
14737,2
14738,2
14739,1
14740,0
14741,2
14742,2
14743,0
14744,0
14745,2
14746,2
14747,2
14748,2
14749,2
14750,2
14751,2
14752,2
14753,0
14754,2
14755,0
14756,2
14757,0
14758,2
14759,0
14760,2
14761,2
14762,2
14763,0
14764,1
14765,2
14766,2
14767,2
14768,2
14769,0
14770,1
14771,2
14772,2
14773,2
14774,2
14775,0
14776,2
14777,0
14778,2
14779,2
14780,2
14781,2
14782,2
14783,2
14784,2
14785,2
14786,2
14787,2
14788,0
14789,2
14790,2
14791,2
14792,2
14793,2
14794,2
14795,2
14796,2
14797,2
14798,0
14799,2
14800,2
14801,2
14802,2
14803,0
14804,2
14805,2
14806,2
14807,1
14808,2
14809,2
14810,2
14811,2
14812,2
14813,2
14814,2
14815,2
14816,2
14817,2
14818,2
14819,2
14820,1
14821,2
14822,2
14823,2
14824,2
14825,2
14826,2
14827,2
14828,2
14829,2
14830,2
14831,2
14832,2
14833,2
14834,2
14835,0
14836,2
14837,2
14838,1
14839,2
14840,2
14841,2
14842,2
14843,2
14844,2
14845,0
14846,2
14847,2
14848,0
14849,0
14850,2
14851,2
14852,2
14853,2
14854,1
14855,2
14856,2
14857,2
14858,2
14859,2
14860,2
14861,0
14862,2
14863,2
14864,2
14865,2
14866,2
14867,1
14868,0
14869,2
14870,2
14871,2
14872,2
14873,2
14874,2
14875,2
14876,2
14877,2
14878,0
14879,2
14880,2
14881,0
14882,2
14883,2
14884,2
14885,2
14886,2
14887,2
14888,2
14889,2
14890,2
14891,2
14892,2
14893,1
14894,2
14895,2
14896,0
14897,2
14898,0
14899,2
14900,2
14901,2
14902,2
14903,0
14904,2
14905,2
14906,2
14907,2
14908,0
14909,2
14910,2
14911,0
14912,2
14913,2
14914,2
14915,2
14916,0
14917,0
14918,2
14919,2
14920,0
14921,2
14922,0
14923,2
14924,2
14925,1
14926,0
14927,2
14928,2
14929,0
14930,2
14931,0
14932,2
14933,2
14934,2
14935,2
14936,2
14937,0
14938,0
14939,0
14940,2
14941,2
14942,0
14943,2
14944,2
14945,2
14946,2
14947,0
14948,2
14949,2
14950,2
14951,2
14952,2
14953,2
14954,2
14955,2
14956,2
14957,2
14958,2
14959,2
14960,2
14961,2
14962,2
14963,2
14964,0
14965,2
14966,2
14967,0
14968,2
14969,2
14970,2
14971,2
14972,2
14973,2
14974,2
14975,2
14976,2
14977,2
14978,2
14979,2
14980,2
14981,2
14982,2
14983,2
14984,2
14985,2
14986,2
14987,2
14988,1
14989,2
14990,2
14991,0
14992,2
14993,2
14994,0
14995,2
14996,2
14997,2
14998,2
14999,2
15000,2
15001,2
15002,0
15003,2
15004,2
15005,0
15006,2
15007,2
15008,0
15009,2
15010,2
15011,0
15012,2
15013,2
15014,2
15015,1
15016,2
15017,2
15018,2
15019,2
15020,2
15021,2
15022,2
15023,2
15024,2
15025,2
15026,2
15027,2
15028,0
15029,2
15030,0
15031,0
15032,2
15033,2
15034,0
15035,2
15036,2
15037,2
15038,0
15039,2
15040,2
15041,2
15042,2
15043,2
15044,0
15045,2
15046,2
15047,2
15048,2
15049,2
15050,2
15051,2
15052,0
15053,0
15054,2
15055,1
15056,0
15057,2
15058,2
15059,0
15060,2
15061,2
15062,2
15063,0
15064,2
15065,2
15066,0
15067,1
15068,2
15069,1
15070,2
15071,2
15072,0
15073,2
15074,0
15075,2
15076,0
15077,2
15078,2
15079,2
15080,2
15081,1
15082,0
15083,0
15084,2
15085,2
15086,2
15087,0
15088,2
15089,2
15090,0
15091,2
15092,0
15093,2
15094,2
15095,2
15096,2
15097,2
15098,0
15099,2
15100,2
15101,0
15102,2
15103,2
15104,0
15105,1
15106,2
15107,2
15108,2
15109,0
15110,0
15111,2
15112,2
15113,2
15114,2
15115,2
15116,2
15117,2
15118,2
15119,1
15120,2
15121,1
15122,2
15123,2
15124,2
15125,1
15126,1
15127,0
15128,2
15129,2
15130,0
15131,2
15132,2
15133,2
15134,1
15135,2
15136,2
15137,0
15138,2
15139,2
15140,1
15141,2
15142,2
15143,2
15144,2
15145,2
15146,0
15147,2
15148,2
15149,2
15150,1
15151,2
15152,2
15153,2
15154,2
15155,2
15156,0
15157,2
15158,2
15159,2
15160,2
15161,0
15162,2
15163,2
15164,2
15165,2
15166,2
15167,2
15168,2
15169,2
15170,2
15171,2
15172,2
15173,2
15174,2
15175,2
15176,2
15177,0
15178,2
15179,2
15180,2
15181,2
15182,2
15183,2
15184,2
15185,2
15186,2
15187,2
15188,2
15189,2
15190,0
15191,2
15192,1
15193,2
15194,0
15195,2
15196,2
15197,0
15198,0
15199,0
15200,2
15201,0
15202,2
15203,2
15204,2
15205,2
15206,2
15207,2
15208,2
15209,0
15210,2
15211,2
15212,2
15213,2
15214,2
15215,2
15216,2
15217,2
15218,2
15219,0
15220,2
15221,2
15222,2
15223,2
15224,1
15225,2
15226,0
15227,0
15228,2
15229,0
15230,2
15231,2
15232,2
15233,2
15234,0
15235,2
15236,2
15237,2
15238,2
15239,2
15240,0
15241,2
15242,2
15243,2
15244,2
15245,2
15246,2
15247,0
15248,2
15249,0
15250,2
15251,2
15252,2
15253,2
15254,2
15255,1
15256,2
15257,2
15258,2
15259,2
15260,2
15261,2
15262,2
15263,1
15264,2
15265,2
15266,0
15267,2
15268,2
15269,2
15270,2
15271,2
15272,2
15273,2
15274,2
15275,0
15276,2
15277,2
15278,0
15279,2
15280,2
15281,0
15282,2
15283,1
15284,2
15285,0
15286,2
15287,0
15288,2
15289,2
15290,2
15291,0
15292,2
15293,2
15294,2
15295,2
15296,2
15297,2
15298,2
15299,0
15300,2
15301,0
15302,0
15303,2
15304,0
15305,0
15306,2
15307,2
15308,0
15309,2
15310,2
15311,2
15312,2
15313,2
15314,2
15315,2
15316,2
15317,1
15318,2
15319,2
15320,2
15321,2
15322,2
15323,2
15324,2
15325,2
15326,2
15327,2
15328,0
15329,2
15330,2
15331,1
15332,2
15333,0
15334,2
15335,0
15336,2
15337,2
15338,0
15339,0
15340,2
15341,2
15342,0
15343,2
15344,2
15345,0
15346,2
15347,2
15348,2
15349,2
15350,2
15351,2
15352,2
15353,2
15354,0
15355,2
15356,2
15357,1
15358,2
15359,2
15360,2
15361,2
15362,0
15363,0
15364,2
15365,2
15366,2
15367,2
15368,2
15369,2
15370,2
15371,0
15372,2
15373,0
15374,2
15375,2
15376,1
15377,0
15378,2
15379,2
15380,2
15381,0
15382,2
15383,1
15384,2
15385,2
15386,2
15387,2
15388,2
15389,0
15390,0
15391,2
15392,0
15393,2
15394,2
15395,2
15396,0
15397,2
15398,2
15399,2
15400,2
15401,2
15402,2
15403,0
15404,0
15405,2
15406,2
15407,2
15408,0
15409,2
15410,1
15411,2
15412,2
15413,0
15414,2
15415,2
15416,2
15417,2
15418,0
15419,2
15420,2
15421,2
15422,1
15423,1
15424,2
15425,0
15426,2
15427,2
15428,2
15429,2
15430,2
15431,2
15432,0
15433,2
15434,2
15435,2
15436,2
15437,2
15438,2
15439,2
15440,0
15441,0
15442,2
15443,2
15444,2
15445,2
15446,2
15447,2
15448,2
15449,2
15450,2
15451,2
15452,0
15453,0
15454,1
15455,2
15456,2
15457,0
15458,2
15459,2
15460,2
15461,2
15462,2
15463,2
15464,0
15465,2
15466,0
15467,0
15468,0
15469,2
15470,2
15471,0
15472,2
15473,0
15474,2
15475,2
15476,2
15477,2
15478,0
15479,2
15480,2
15481,0
15482,2
15483,2
15484,2
15485,2
15486,2
15487,2
15488,2
15489,2
15490,2
15491,2
15492,0
15493,0
15494,2
15495,2
15496,2
15497,2
15498,2
15499,0
15500,2
15501,2
15502,2
15503,0
15504,2
15505,2
15506,2
15507,0
15508,2
15509,2
15510,2
15511,2
15512,2
15513,2
15514,0
15515,0
15516,2
15517,2
15518,2
15519,2
15520,0
15521,2
15522,2
15523,2
15524,0
15525,2
15526,0
15527,2
15528,0
15529,1
15530,0
15531,0
15532,2
15533,2
15534,2
15535,2
15536,2
15537,2
15538,2
15539,0
15540,2
15541,1
15542,2
15543,2
15544,2
15545,2
15546,0
15547,2
15548,2
15549,2
15550,2
15551,2
15552,2
15553,2
15554,2
15555,2
15556,2
15557,2
15558,0
15559,2
15560,2
15561,0
15562,1
15563,0
15564,2
15565,2
15566,2
15567,2
15568,1
15569,0
15570,2
15571,2
15572,2
15573,2
15574,1
15575,2
15576,0
15577,2
15578,2
15579,0
15580,2
15581,2
15582,2
15583,1
15584,2
15585,2
15586,0
15587,1
15588,2
15589,0
15590,0
15591,2
15592,2
15593,2
15594,1
15595,2
15596,2
15597,2
15598,2
15599,2
15600,2
15601,2
15602,0
15603,2
15604,2
15605,2
15606,2
15607,0
15608,2
15609,2
15610,2
15611,2
15612,2
15613,2
15614,0
15615,0
15616,2
15617,2
15618,2
15619,2
15620,2
15621,2
15622,0
15623,2
15624,2
15625,2
15626,2
15627,2
15628,2
15629,2
15630,2
15631,2
15632,2
15633,2
15634,2
15635,2
15636,0
15637,2
15638,2
15639,2
15640,1
15641,2
15642,1
15643,2
15644,2
15645,2
15646,2
15647,2
15648,2
15649,1
15650,2
15651,2
15652,0
15653,1
15654,2
15655,2
15656,2
15657,2
15658,2
15659,0
15660,2
15661,2
15662,2
15663,0
15664,2
15665,0
15666,2
15667,0
15668,2
15669,2
15670,2
15671,0
15672,2
15673,2
15674,2
15675,2
15676,2
15677,2
15678,2
15679,2
15680,2
15681,0
15682,2
15683,0
15684,2
15685,0
15686,2
15687,0
15688,2
15689,0
15690,2
15691,2
15692,2
15693,2
15694,1
15695,2
15696,2
15697,2
15698,2
15699,0
15700,2
15701,0
15702,2
15703,0
15704,2
15705,2
15706,2
15707,2
15708,2
15709,0
15710,2
15711,2
15712,2
15713,2
15714,2
15715,2
15716,0
15717,2
15718,2
15719,2
15720,0
15721,2
15722,2
15723,1
15724,0
15725,0
15726,2
15727,2
15728,2
15729,2
15730,2
15731,2
15732,2
15733,2
15734,2
15735,2
15736,2
15737,0
15738,2
15739,0
15740,2
15741,0
15742,2
15743,2
15744,2
15745,2
15746,2
15747,2
15748,0
15749,2
15750,2
15751,2
15752,2
15753,2
15754,2
15755,2
15756,2
15757,2
15758,2
15759,2
15760,2
15761,2
15762,2
15763,2
15764,0
15765,2
15766,2
15767,2
15768,2
15769,2
15770,2
15771,2
15772,2
15773,2
15774,2
15775,2
15776,2
15777,2
15778,2
15779,2
15780,2
15781,0
15782,2
15783,2
15784,2
15785,2
15786,2
15787,2
15788,0
15789,2
15790,2
15791,2
15792,2
15793,2
15794,2
15795,2
15796,2
15797,0
15798,2
15799,2
15800,2
15801,2
15802,2
15803,0
15804,2
15805,2
15806,2
15807,0
15808,0
15809,0
15810,2
15811,2
15812,2
15813,2
15814,2
15815,2
15816,2
15817,2
15818,0
15819,2
15820,2
15821,2
15822,2
15823,2
15824,2
15825,2
15826,2
15827,2
15828,0
15829,2
15830,2
15831,2
15832,2
15833,2
15834,2
15835,2
15836,2
15837,2
15838,2
15839,0
15840,0
15841,2
15842,2
15843,1
15844,2
15845,2
15846,2
15847,2
15848,0
15849,0
15850,0
15851,2
15852,2
15853,2
15854,2
15855,0
15856,0
15857,2
15858,2
15859,2
15860,2
15861,2
15862,2
15863,0
15864,2
15865,2
15866,2
15867,2
15868,0
15869,2
15870,0
15871,1
15872,2
15873,0
15874,2
15875,2
15876,0
15877,2
15878,2
15879,2
15880,2
15881,2
15882,2
15883,2
15884,2
15885,2
15886,2
15887,2
15888,0
15889,0
15890,2
15891,2
15892,0
15893,2
15894,2
15895,0
15896,2
15897,2
15898,2
15899,0
15900,2
15901,2
15902,0
15903,0
15904,2
15905,0
15906,2
15907,0
15908,0
15909,2
15910,2
15911,2
15912,2
15913,0
15914,2
15915,2
15916,2
15917,2
15918,0
15919,0
15920,2
15921,2
15922,0
15923,2
15924,2
15925,2
15926,2
15927,0
15928,2
15929,0
15930,2
15931,2
15932,0
15933,2
15934,2
15935,2
15936,2
15937,2
15938,2
15939,2
15940,2
15941,2
15942,0
15943,0
15944,0
15945,0
15946,2
15947,2
15948,2
15949,0
15950,0
15951,2
15952,2
15953,0
15954,2
15955,2
15956,2
15957,2
15958,0
15959,2
15960,2
15961,0
15962,2
15963,0
15964,0
15965,2
15966,2
15967,0
15968,2
15969,2
15970,2
15971,2
15972,0
15973,2
15974,2
15975,2
15976,2
15977,2
15978,2
15979,0
15980,2
15981,2
15982,2
15983,2
15984,2
15985,1
15986,2
15987,2
15988,2
15989,2
15990,2
15991,0
15992,2
15993,2
15994,2
15995,1
15996,0
15997,0
15998,2
15999,2
16000,2
16001,2
16002,2
16003,2
16004,0
16005,2
16006,2
16007,2
16008,2
16009,2
16010,0
16011,2
16012,2
16013,2
16014,2
16015,2
16016,2
16017,0
16018,2
16019,0
16020,2
16021,2
16022,2
16023,0
16024,2
16025,2
16026,2
16027,0
16028,2
16029,2
16030,2
16031,1
16032,2
16033,2
16034,0
16035,0
16036,2
16037,2
16038,2
16039,2
16040,2
16041,2
16042,2
16043,2
16044,2
16045,2
16046,0
16047,2
16048,2
16049,2
16050,2
16051,2
16052,1
16053,2
16054,2
16055,0
16056,0
16057,2
16058,2
16059,0
16060,2
16061,2
16062,2
16063,2
16064,2
16065,2
16066,0
16067,2
16068,0
16069,2
16070,2
16071,2
16072,2
16073,2
16074,2
16075,2
16076,0
16077,2
16078,0
16079,2
16080,0
16081,0
16082,0
16083,2
16084,2
16085,2
16086,2
16087,0
16088,2
16089,2
16090,2
16091,2
16092,0
16093,2
16094,1
16095,0
16096,2
16097,2
16098,2
16099,2
16100,2
16101,2
16102,2
16103,0
16104,2
16105,2
16106,0
16107,2
16108,0
16109,2
16110,0
16111,2
16112,0
16113,1
16114,2
16115,0
16116,2
16117,1
16118,2
16119,2
16120,0
16121,2
16122,2
16123,2
16124,2
16125,2
16126,2
16127,2
16128,2
16129,0
16130,2
16131,2
16132,2
16133,2
16134,2
16135,2
16136,2
16137,0
16138,2
16139,2
16140,2
16141,2
16142,0
16143,2
16144,2
16145,0
16146,2
16147,2
16148,0
16149,1
16150,2
16151,2
16152,2
16153,2
16154,2
16155,2
16156,2
16157,2
16158,2
16159,0
16160,0
16161,0
16162,0
16163,2
16164,2
16165,2
16166,2
16167,2
16168,0
16169,2
16170,2
16171,2
16172,2
16173,2
16174,2
16175,0
16176,2
16177,2
16178,2
16179,2
16180,2
16181,2
16182,2
16183,2
16184,2
16185,0
16186,2
16187,2
16188,2
16189,0
16190,0
16191,2
16192,2
16193,0
16194,2
16195,0
16196,2
16197,0
16198,2
16199,2
16200,2
16201,2
16202,1
16203,2
16204,2
16205,2
16206,2
16207,0
16208,0
16209,0
16210,2
16211,2
16212,2
16213,2
16214,2
16215,2
16216,2
16217,2
16218,2
16219,0
16220,2
16221,2
16222,0
16223,0
16224,2
16225,2
16226,2
16227,2
16228,2
16229,2
16230,0
16231,2
16232,1
16233,2
16234,0
16235,2
16236,2
16237,2
16238,2
16239,2
16240,2
16241,2
16242,2
16243,2
16244,0
16245,2
16246,2
16247,2
16248,2
16249,0
16250,2
16251,2
16252,2
16253,0
16254,0
16255,2
16256,2
16257,2
16258,0
16259,0
16260,2
16261,2
16262,2
16263,2
16264,0
16265,2
16266,2
16267,0
16268,2
16269,0
16270,0
16271,0
16272,2
16273,2
16274,2
16275,2
16276,2
16277,2
16278,1
16279,2
16280,0
16281,2
16282,2
16283,2
16284,0
16285,2
16286,2
16287,0
16288,2
16289,2
16290,0
16291,0
16292,2
16293,2
16294,2
16295,0
16296,0
16297,2
16298,2
16299,2
16300,2
16301,0
16302,2
16303,2
16304,2
16305,2
16306,2
16307,2
16308,2
16309,2
16310,2
16311,0
16312,2
16313,0
16314,0
16315,2
16316,2
16317,0
16318,2
16319,2
16320,2
16321,2
16322,2
16323,2
16324,2
16325,2
16326,2
16327,2
16328,2
16329,2
16330,0
16331,2
16332,2
16333,0
16334,2
16335,2
16336,2
16337,2
16338,2
16339,1
16340,2
16341,2
16342,2
16343,0
16344,1
16345,2
16346,0
16347,2
16348,0
16349,2
16350,2
16351,2
16352,0
16353,2
16354,2
16355,0
16356,2
16357,0
16358,2
16359,2
16360,2
16361,2
16362,2
16363,2
16364,2
16365,2
16366,2
16367,2
16368,1
16369,0
16370,0
16371,2
16372,2
16373,2
16374,0
16375,2
16376,2
16377,2
16378,0
16379,2
16380,2
16381,2
16382,2
16383,2
16384,2
16385,2
16386,2
16387,2
16388,0
16389,2
16390,2
16391,2
16392,2
16393,2
16394,2
16395,2
16396,2
16397,0
16398,2
16399,2
16400,2
16401,2
16402,2
16403,2
16404,2
16405,2
16406,2
16407,2
16408,2
16409,0
16410,0
16411,2
16412,2
16413,2
16414,2
16415,2
16416,2
16417,2
16418,0
16419,2
16420,2
16421,0
16422,2
16423,0
16424,2
16425,0
16426,2
16427,0
16428,2
16429,2
16430,2
16431,0
16432,2
16433,0
16434,2
16435,2
16436,2
16437,2
16438,0
16439,2
16440,2
16441,2
16442,2
16443,2
16444,2
16445,2
16446,2
16447,2
16448,2
16449,2
16450,2
16451,2
16452,2
16453,2
16454,2
16455,2
16456,0
16457,2
16458,0
16459,2
16460,2
16461,0
16462,2
16463,0
16464,2
16465,2
16466,2
16467,2
16468,2
16469,2
16470,2
16471,2
16472,0
16473,2
16474,0
16475,2
16476,2
16477,2
16478,2
16479,2
16480,2
16481,2
16482,1
16483,2
16484,2
16485,2
16486,1
16487,0
16488,2
16489,2
16490,2
16491,2
16492,2
16493,2
16494,2
16495,2
16496,0
16497,2
16498,2
16499,2
16500,2
16501,2
16502,2
16503,2
16504,2
16505,2
16506,2
16507,0
16508,2
16509,2
16510,2
16511,2
16512,2
16513,2
16514,2
16515,2
16516,2
16517,0
16518,2
16519,2
16520,1
16521,2
16522,2
16523,2
16524,2
16525,2
16526,2
16527,2
16528,0
16529,2
16530,1
16531,2
16532,2
16533,2
16534,1
16535,1
16536,2
16537,0
16538,2
16539,2
16540,2
16541,2
16542,2
16543,2
16544,2
16545,2
16546,2
16547,0
16548,2
16549,2
16550,2
16551,0
16552,2
16553,2
16554,2
16555,2
16556,2
16557,0
16558,2
16559,2
16560,0
16561,2
16562,2
16563,2
16564,2
16565,0
16566,2
16567,2
16568,2
16569,2
16570,2
16571,2
16572,2
16573,0
16574,2
16575,2
16576,2
16577,0
16578,0
16579,2
16580,2
16581,2
16582,2
16583,2
16584,2
16585,2
16586,0
16587,2
16588,0
16589,0
16590,2
16591,2
16592,2
16593,2
16594,2
16595,2
16596,2
16597,2
16598,0
16599,2
16600,2
16601,2
16602,0
16603,0
16604,1
16605,0
16606,2
16607,2
16608,2
16609,2
16610,2
16611,2
16612,2
16613,0
16614,2
16615,2
16616,2
16617,1
16618,2
16619,2
16620,0
16621,2
16622,2
16623,2
16624,0
16625,0
16626,2
16627,0
16628,2
16629,2
16630,0
16631,2
16632,2
16633,2
16634,2
16635,2
16636,0
16637,2
16638,2
16639,2
16640,2
16641,2
16642,0
16643,2
16644,2
16645,2
16646,0
16647,2
16648,2
16649,2
16650,2
16651,2
16652,2
16653,2
16654,0
16655,2
16656,2
16657,2
16658,0
16659,2
16660,2
16661,2
16662,0
16663,0
16664,2
16665,0
16666,2
16667,2
16668,2
16669,2
16670,2
16671,2
16672,2
16673,2
16674,0
16675,2
16676,2
16677,2
16678,2
16679,2
16680,0
16681,2
16682,2
16683,1
16684,2
16685,2
16686,2
16687,2
16688,2
16689,2
16690,0
16691,0
16692,2
16693,2
16694,0
16695,2
16696,2
16697,2
16698,0
16699,2
16700,1
16701,2
16702,0
16703,2
16704,2
16705,2
16706,2
16707,1
16708,2
16709,0
16710,0
16711,2
16712,2
16713,2
16714,1
16715,2
16716,0
16717,2
16718,2
16719,2
16720,0
16721,2
16722,2
16723,0
16724,2
16725,0
16726,2
16727,2
16728,2
16729,2
16730,2
16731,0
16732,2
16733,1
16734,2
16735,2
16736,2
16737,2
16738,2
16739,2
16740,2
16741,2
16742,2
16743,2
16744,2
16745,2
16746,2
16747,2
16748,2
16749,0
16750,2
16751,2
16752,2
16753,2
16754,2
16755,2
16756,2
16757,0
16758,2
16759,2
16760,2
16761,2
16762,2
16763,2
16764,2
16765,0
16766,2
16767,2
16768,2
16769,2
16770,2
16771,2
16772,0
16773,2
16774,2
16775,2
16776,2
16777,2
16778,1
16779,1
16780,2
16781,2
16782,2
16783,2
16784,2
16785,2
16786,2
16787,2
16788,2
16789,2
16790,0
16791,2
16792,2
16793,2
16794,2
16795,2
16796,0
16797,2
16798,2
16799,2
16800,2
16801,2
16802,2
16803,2
16804,0
16805,2
16806,2
16807,2
16808,0
16809,2
16810,0
16811,0
16812,2
16813,0
16814,2
16815,2
16816,2
16817,2
16818,2
16819,2
16820,2
16821,2
16822,2
16823,2
16824,2
16825,2
16826,2
16827,2
16828,2
16829,0
16830,0
16831,2
16832,2
16833,2
16834,2
16835,2
16836,2
16837,0
16838,2
16839,2
16840,2
16841,0
16842,2
16843,2
16844,2
16845,2
16846,2
16847,2
16848,2
16849,2
16850,0
16851,2
16852,2
16853,2
16854,2
16855,2
16856,2
16857,0
16858,2
16859,2
16860,2
16861,0
16862,2
16863,2
16864,2
16865,0
16866,2
16867,2
16868,0
16869,2
16870,2
16871,0
16872,2
16873,2
16874,2
16875,0
16876,2
16877,0
16878,2
16879,0
16880,2
16881,2
16882,2
16883,2
16884,2
16885,2
16886,2
16887,2
16888,0
16889,2
16890,2
16891,2
16892,2
16893,2
16894,2
16895,2
16896,2
16897,2
16898,1
16899,1
16900,1
16901,2
16902,0
16903,2
16904,0
16905,2
16906,2
16907,2
16908,2
16909,2
16910,2
16911,0
16912,2
16913,2
16914,2
16915,2
16916,2
16917,0
16918,1
16919,1
16920,2
16921,2
16922,0
16923,2
16924,2
16925,1
16926,2
16927,2
16928,2
16929,2
16930,2
16931,2
16932,2
16933,2
16934,2
16935,2
16936,2
16937,2
16938,2
16939,2
16940,1
16941,0
16942,2
16943,2
16944,2
16945,0
16946,0
16947,2
16948,2
16949,2
16950,2
16951,2
16952,0
16953,2
16954,2
16955,2
16956,0
16957,1
16958,2
16959,0
16960,2
16961,2
16962,1
16963,0
16964,2
16965,2
16966,2
16967,0
16968,2
16969,2
16970,2
16971,2
16972,2
16973,2
16974,2
16975,2
16976,2
16977,2
16978,2
16979,2
16980,2
16981,2
16982,2
16983,2
16984,2
16985,2
16986,1
16987,2
16988,2
16989,2
16990,2
16991,2
16992,2
16993,0
16994,2
16995,2
16996,2
16997,2
16998,2
16999,2
17000,2
17001,2
17002,2
17003,2
17004,2
17005,2
17006,2
17007,2
17008,2
17009,2
17010,1
17011,2
17012,2
17013,2
17014,2
17015,2
17016,2
17017,2
17018,2
17019,2
17020,2
17021,2
17022,2
17023,2
17024,2
17025,2
17026,2
17027,2
17028,2
17029,2
17030,2
17031,2
17032,2
17033,2
17034,2
17035,2
17036,2
17037,2
17038,2
17039,2
17040,0
17041,2
17042,2
17043,2
17044,2
17045,2
17046,2
17047,2
17048,2
17049,2
17050,2
17051,2
17052,2
17053,0
17054,2
17055,2
17056,2
17057,2
17058,2
17059,2
17060,2
17061,2
17062,2
17063,2
17064,2
17065,2
17066,0
17067,2
17068,2
17069,0
17070,2
17071,0
17072,2
17073,2
17074,2
17075,0
17076,2
17077,0
17078,0
17079,2
17080,0
17081,2
17082,2
17083,2
17084,2
17085,2
17086,2
17087,2
17088,2
17089,2
17090,0
17091,0
17092,2
17093,2
17094,0
17095,2
17096,2
17097,2
17098,0
17099,2
17100,2
17101,2
17102,2
17103,2
17104,2
17105,2
17106,2
17107,2
17108,2
17109,2
17110,2
17111,2
17112,2
17113,0
17114,2
17115,2
17116,2
17117,2
17118,2
17119,0
17120,0
17121,2
17122,2
17123,2
17124,0
17125,2
17126,2
17127,2
17128,0
17129,2
17130,2
17131,2
17132,2
17133,2
17134,2
17135,0
17136,2
17137,0
17138,2
17139,2
17140,2
17141,2
17142,0
17143,2
17144,2
17145,2
17146,0
17147,2
17148,2
17149,2
17150,2
17151,2
17152,0
17153,0
17154,0
17155,2
17156,2
17157,0
17158,2
17159,2
17160,0
17161,0
17162,0
17163,2
17164,2
17165,2
17166,2
17167,2
17168,2
17169,2
17170,2
17171,2
17172,2
17173,0
17174,2
17175,1
17176,2
17177,1
17178,2
17179,0
17180,2
17181,0
17182,2
17183,2
17184,0
17185,2
17186,2
17187,2
17188,2
17189,2
17190,2
17191,2
17192,0
17193,2
17194,2
17195,0
17196,2
17197,2
17198,2
17199,2
17200,2
17201,2
17202,1
17203,2
17204,2
17205,2
17206,2
17207,2
17208,2
17209,2
17210,2
17211,2
17212,2
17213,2
17214,2
17215,2
17216,2
17217,2
17218,2
17219,2
17220,2
17221,2
17222,2
17223,0
17224,2
17225,2
17226,2
17227,0
17228,0
17229,0
17230,2
17231,0
17232,0
17233,2
17234,2
17235,2
17236,2
17237,0
17238,2
17239,2
17240,2
17241,2
17242,2
17243,2
17244,0
17245,2
17246,2
17247,2
17248,2
17249,2
17250,0
17251,0
17252,2
17253,0
17254,2
17255,2
17256,2
17257,2
17258,0
17259,0
17260,2
17261,0
17262,2
17263,2
17264,2
17265,0
17266,0
17267,2
17268,2
17269,2
17270,0
17271,0
17272,2
17273,2
17274,2
17275,2
17276,2
17277,2
17278,2
17279,2
17280,2
17281,2
17282,2
17283,2
17284,0
17285,2
17286,2
17287,0
17288,2
17289,2
17290,2
17291,0
17292,2
17293,0
17294,2
17295,2
17296,0
17297,0
17298,0
17299,2
17300,2
17301,0
17302,2
17303,2
17304,2
17305,0
17306,2
17307,2
17308,2
17309,2
17310,0
17311,0
17312,2
17313,2
17314,2
17315,2
17316,2
17317,2
17318,2
17319,0
17320,0
17321,2
17322,0
17323,0
17324,0
17325,0
17326,2
17327,2
17328,2
17329,2
17330,0
17331,2
17332,2
17333,2
17334,2
17335,2
17336,0
17337,2
17338,0
17339,2
17340,2
17341,0
17342,0
17343,2
17344,2
17345,2
17346,2
17347,0
17348,0
17349,0
17350,0
17351,2
17352,2
17353,2
17354,2
17355,2
17356,2
17357,0
17358,2
17359,2
17360,2
17361,0
17362,2
17363,2
17364,2
17365,2
17366,1
17367,2
17368,2
17369,0
17370,2
17371,0
17372,2
17373,2
17374,2
17375,2
17376,1
17377,2
17378,2
17379,2
17380,2
17381,1
17382,0
17383,1
17384,1
17385,2
17386,2
17387,2
17388,0
17389,0
17390,2
17391,2
17392,2
17393,2
17394,2
17395,2
17396,0
17397,2
17398,2
17399,0
17400,2
17401,2
17402,2
17403,2
17404,2
17405,2
17406,2
17407,2
17408,2
17409,2
17410,2
17411,2
17412,2
17413,2
17414,2
17415,2
17416,0
17417,2
17418,0
17419,2
17420,0
17421,2
17422,2
17423,2
17424,2
17425,0
17426,2
17427,2
17428,2
17429,0
17430,0
17431,2
17432,2
17433,2
17434,2
17435,2
17436,1
17437,2
17438,2
17439,2
17440,0
17441,2
17442,2
17443,0
17444,2
17445,2
17446,1
17447,2
17448,0
17449,2
17450,2
17451,2
17452,0
17453,2
17454,2
17455,0
17456,0
17457,0
17458,2
17459,0
17460,2
17461,2
17462,2
17463,0
17464,2
17465,2
17466,0
17467,2
17468,0
17469,2
17470,2
17471,2
17472,0
17473,2
17474,2
17475,2
17476,0
17477,2
17478,2
17479,2
17480,2
17481,2
17482,2
17483,2
17484,2
17485,2
17486,2
17487,2
17488,0
17489,2
17490,2
17491,2
17492,2
17493,2
17494,2
17495,2
17496,2
17497,2
17498,2
17499,2
17500,2
17501,2
17502,0
17503,0
17504,0
17505,2
17506,0
17507,2
17508,1
17509,1
17510,2
17511,2
17512,2
17513,2
17514,2
17515,1
17516,0
17517,2
17518,0
17519,1
17520,2
17521,0
17522,0
17523,2
17524,2
17525,2
17526,2
17527,1
17528,2
17529,1
17530,2
17531,2
17532,2
17533,0
17534,2
17535,2
17536,0
17537,2
17538,2
17539,2
17540,2
17541,2
17542,2
17543,2
17544,2
17545,2
17546,2
17547,2
17548,2
17549,2
17550,2
17551,0
17552,2
17553,2
17554,2
17555,2
17556,2
17557,2
17558,2
17559,2
17560,2
17561,2
17562,2
17563,2
17564,2
17565,2
17566,2
17567,2
17568,2
17569,2
17570,2
17571,0
17572,2
17573,0
17574,2
17575,2
17576,2
17577,0
17578,2
17579,2
17580,0
17581,0
17582,2
17583,2
17584,2
17585,2
17586,2
17587,2
17588,2
17589,2
17590,2
17591,1
17592,2
17593,0
17594,0
17595,2
17596,2
17597,2
17598,2
17599,2
17600,2
17601,2
17602,0
17603,2
17604,0
17605,2
17606,2
17607,2
17608,2
17609,2
17610,2
17611,2
17612,0
17613,0
17614,0
17615,2
17616,0
17617,2
17618,1
17619,2
17620,0
17621,2
17622,2
17623,2
17624,2
17625,2
17626,0
17627,0
17628,2
17629,2
17630,2
17631,2
17632,2
17633,2
17634,2
17635,2
17636,0
17637,2
17638,2
17639,0
17640,2
17641,2
17642,0
17643,0
17644,0
17645,2
17646,2
17647,1
17648,2
17649,0
17650,0
17651,2
17652,2
17653,0
17654,2
17655,2
17656,2
17657,2
17658,2
17659,2
17660,2
17661,1
17662,2
17663,1
17664,2
17665,0
17666,2
17667,0
17668,0
17669,2
17670,0
17671,0
17672,2
17673,0
17674,2
17675,2
17676,2
17677,0
17678,0
17679,0
17680,2
17681,2
17682,2
17683,2
17684,2
17685,2
17686,2
17687,0
17688,2
17689,1
17690,0
17691,1
17692,2
17693,2
17694,2
17695,2
17696,0
17697,0
17698,2
17699,2
17700,2
17701,2
17702,2
17703,2
17704,0
17705,2
17706,2
17707,2
17708,0
17709,0
17710,2
17711,0
17712,0
17713,2
17714,0
17715,2
17716,1
17717,0
17718,2
17719,2
17720,2
17721,2
17722,2
17723,2
17724,2
17725,2
17726,0
17727,2
17728,2
17729,2
17730,2
17731,2
17732,2
17733,2
17734,2
17735,0
17736,1
17737,2
17738,2
17739,2
17740,2
17741,2
17742,2
17743,2
17744,2
17745,2
17746,2
17747,2
17748,2
17749,0
17750,2
17751,2
17752,2
17753,0
17754,2
17755,2
17756,0
17757,2
17758,1
17759,2
17760,0
17761,2
17762,2
17763,0
17764,2
17765,2
17766,2
17767,0
17768,1
17769,2
17770,1
17771,2
17772,2
17773,0
17774,0
17775,0
17776,0
17777,2
17778,2
17779,2
17780,2
17781,2
17782,2
17783,2
17784,2
17785,2
17786,1
17787,2
17788,2
17789,0
17790,2
17791,2
17792,2
17793,2
17794,0
17795,2
17796,1
17797,2
17798,2
17799,2
17800,2
17801,2
17802,2
17803,2
17804,2
17805,0
17806,2
17807,2
17808,2
17809,2
17810,2
17811,2
17812,2
17813,2
17814,2
17815,2
17816,2
17817,2
17818,2
17819,2
17820,2
17821,2
17822,2
17823,2
17824,2
17825,2
17826,2
17827,0
17828,2
17829,2
17830,2
17831,0
17832,2
17833,2
17834,2
17835,2
17836,2
17837,0
17838,2
17839,2
17840,2
17841,2
17842,2
17843,2
17844,0
17845,2
17846,0
17847,0
17848,0
17849,2
17850,2
17851,2
17852,2
17853,2
17854,2
17855,2
17856,0
17857,2
17858,0
17859,2
17860,2
17861,2
17862,2
17863,2
17864,2
17865,2
17866,2
17867,2
17868,2
17869,2
17870,2
17871,2
17872,2
17873,2
17874,2
17875,2
17876,0
17877,2
17878,2
17879,2
17880,2
17881,2
17882,2
17883,0
17884,2
17885,2
17886,2
17887,2
17888,2
17889,0
17890,2
17891,2
17892,2
17893,2
17894,2
17895,0
17896,2
17897,2
17898,0
17899,2
17900,2
17901,2
17902,2
17903,2
17904,2
17905,2
17906,2
17907,2
17908,2
17909,0
17910,2
17911,2
17912,2
17913,0
17914,2
17915,2
17916,2
17917,0
17918,2
17919,0
17920,2
17921,2
17922,0
17923,1
17924,2
17925,2
17926,1
17927,2
17928,2
17929,2
17930,0
17931,2
17932,1
17933,0
17934,2
17935,2
17936,0
17937,2
17938,0
17939,1
17940,0
17941,2
17942,2
17943,0
17944,0
17945,2
17946,2
17947,2
17948,2
17949,2
17950,0
17951,0
17952,0
17953,2
17954,2
17955,2
17956,2
17957,2
17958,2
17959,2
17960,0
17961,2
17962,0
17963,0
17964,0
17965,2
17966,2
17967,2
17968,0
17969,2
17970,2
17971,2
17972,2
17973,2
17974,2
17975,2
17976,2
17977,2
17978,1
17979,2
17980,2
17981,2
17982,0
17983,2
17984,2
17985,2
17986,1
17987,2
17988,0
17989,2
17990,2
17991,2
17992,2
17993,1
17994,2
17995,2
17996,2
17997,2
17998,2
17999,0
18000,2
18001,0
18002,0
18003,2
18004,2
18005,1
18006,2
18007,2
18008,2
18009,0
18010,1
18011,2
18012,2
18013,2
18014,0
18015,0
18016,2
18017,2
18018,2
18019,2
18020,0
18021,2
18022,2
18023,2
18024,2
18025,2
18026,2
18027,0
18028,2
18029,2
18030,0
18031,2
18032,2
18033,2
18034,1
18035,2
18036,2
18037,0
18038,2
18039,2
18040,2
18041,2
18042,2
18043,2
18044,2
18045,2
18046,2
18047,2
18048,2
18049,2
18050,2
18051,2
18052,2
18053,1
18054,2
18055,0
18056,2
18057,2
18058,2
18059,2
18060,2
18061,0
18062,0
18063,2
18064,2
18065,2
18066,2
18067,0
18068,2
18069,2
18070,0
18071,2
18072,2
18073,2
18074,0
18075,2
18076,2
18077,2
18078,1
18079,1
18080,2
18081,2
18082,0
18083,2
18084,2
18085,2
18086,2
18087,2
18088,2
18089,0
18090,0
18091,0
18092,0
18093,0
18094,1
18095,2
18096,0
18097,2
18098,2
18099,2
18100,2
18101,2
18102,0
18103,2
18104,2
18105,2
18106,0
18107,0
18108,2
18109,1
18110,2
18111,0
18112,2
18113,0
18114,2
18115,2
18116,0
18117,2
18118,0
18119,0
18120,0
18121,0
18122,2
18123,2
18124,2
18125,1
18126,2
18127,0
18128,0
18129,2
18130,2
18131,2
18132,2
18133,0
18134,2
18135,2
18136,2
18137,2
18138,2
18139,0
18140,2
18141,1
18142,2
18143,2
18144,0
18145,2
18146,2
18147,2
18148,0
18149,2
18150,1
18151,2
18152,2
18153,2
18154,2
18155,2
18156,2
18157,0
18158,2
18159,0
18160,2
18161,2
18162,2
18163,2
18164,2
18165,0
18166,2
18167,2
18168,2
18169,1
18170,2
18171,2
18172,2
18173,0
18174,2
18175,0
18176,2
18177,2
18178,2
18179,2
18180,2
18181,2
18182,2
18183,2
18184,2
18185,2
18186,0
18187,0
18188,2
18189,2
18190,2
18191,2
18192,2
18193,2
18194,2
18195,1
18196,2
18197,0
18198,2
18199,2
18200,2
18201,1
18202,1
18203,1
18204,0
18205,1
18206,2
18207,2
18208,2
18209,1
18210,1
18211,2
18212,2
18213,2
18214,1
18215,0
18216,0
18217,0
18218,2
18219,2
18220,2
18221,2
18222,2
18223,0
18224,2
18225,0
18226,2
18227,2
18228,2
18229,2
18230,2
18231,0
18232,0
18233,2
18234,0
18235,2
18236,2
18237,2
18238,0
18239,2
18240,0
18241,2
18242,2
18243,0
18244,2
18245,2
18246,1
18247,2
18248,1
18249,2
18250,2
18251,2
18252,1
18253,2
18254,2
18255,2
18256,0
18257,2
18258,2
18259,2
18260,2
18261,2
18262,2
18263,2
18264,2
18265,0
18266,2
18267,2
18268,2
18269,2
18270,2
18271,2
18272,2
18273,2
18274,2
18275,1
18276,0
18277,0
18278,2
18279,2
18280,0
18281,2
18282,2
18283,0
18284,0
18285,2
18286,2
18287,2
18288,1
18289,2
18290,2
18291,2
18292,2
18293,2
18294,2
18295,2
18296,2
18297,2
18298,1
18299,2
18300,0
18301,2
18302,2
18303,2
18304,2
18305,2
18306,2
18307,2
18308,2
18309,2
18310,2
18311,2
18312,2
18313,2
18314,2
18315,2
18316,2
18317,2
18318,2
18319,2
18320,0
18321,2
18322,2
18323,2
18324,2
18325,2
18326,2
18327,0
18328,2
18329,2
18330,2
18331,0
18332,2
18333,0
18334,2
18335,2
18336,2
18337,2
18338,2
18339,2
18340,2
18341,2
18342,2
18343,2
18344,2
18345,2
18346,2
18347,2
18348,2
18349,2
18350,2
18351,2
18352,2
18353,2
18354,2
18355,2
18356,2
18357,2
18358,2
18359,2
18360,2
18361,2
18362,2
18363,2
18364,0
18365,2
18366,2
18367,2
18368,2
18369,2
18370,2
18371,2
18372,0
18373,2
18374,2
18375,2
18376,2
18377,2
18378,2
18379,2
18380,2
18381,2
18382,2
18383,2
18384,2
18385,2
18386,2
18387,2
18388,2
18389,2
18390,2
18391,2
18392,2
18393,2
18394,2
18395,1
18396,2
18397,2
18398,2
18399,2
18400,0
18401,2
18402,2
18403,2
18404,2
18405,2
18406,2
18407,2
18408,2
18409,2
18410,2
18411,2
18412,0
18413,2
18414,2
18415,2
18416,2
18417,2
18418,2
18419,2
18420,2
18421,2
18422,2
18423,2
18424,2
18425,2
18426,2
18427,2
18428,2
18429,2
18430,2
18431,2
18432,2
18433,1
18434,2
18435,2
18436,0
18437,2
18438,2
18439,2
18440,2
18441,2
18442,0
18443,2
18444,0
18445,2
18446,2
18447,2
18448,0
18449,2
18450,2
18451,2
18452,2
18453,2
18454,2
18455,2
18456,2
18457,2
18458,2
18459,2
18460,2
18461,2
18462,0
18463,2
18464,0
18465,2
18466,2
18467,2
18468,2
18469,2
18470,2
18471,2
18472,2
18473,2
18474,2
18475,2
18476,2
18477,0
18478,2
18479,2
18480,0
18481,0
18482,2
18483,2
18484,2
18485,2
18486,0
18487,2
18488,2
18489,0
18490,2
18491,2
18492,0
18493,2
18494,2
18495,0
18496,2
18497,2
18498,0
18499,2
18500,2
18501,0
18502,2
18503,2
18504,2
18505,0
18506,0
18507,2
18508,2
18509,2
18510,2
18511,2
18512,2
18513,2
18514,2
18515,2
18516,2
18517,2
18518,2
18519,2
18520,2
18521,2
18522,2
18523,2
18524,2
18525,2
18526,2
18527,2
18528,2
18529,0
18530,2
18531,2
18532,2
18533,2
18534,2
18535,2
18536,0
18537,0
18538,2
18539,2
18540,2
18541,2
18542,0
18543,2
18544,2
18545,2
18546,2
18547,2
18548,2
18549,2
18550,2
18551,2
18552,2
18553,2
18554,2
18555,2
18556,2
18557,2
18558,2
18559,2
18560,2
18561,2
18562,0
18563,2
18564,0
18565,0
18566,2
18567,1
18568,2
18569,2
18570,2
18571,2
18572,2
18573,2
18574,2
18575,2
18576,2
18577,0
18578,2
18579,0
18580,2
18581,2
18582,2
18583,2
18584,0
18585,2
18586,0
18587,2
18588,0
18589,2
18590,2
18591,2
18592,2
18593,2
18594,2
18595,2
18596,2
18597,2
18598,2
18599,2
18600,0
18601,2
18602,2
18603,0
18604,2
18605,2
18606,2
18607,2
18608,2
18609,0
18610,2
18611,2
18612,0
18613,0
18614,2
18615,2
18616,0
18617,2
18618,0
18619,2
18620,0
18621,2
18622,2
18623,2
18624,2
18625,2
18626,2
18627,2
18628,2
18629,2
18630,2
18631,2
18632,2
18633,2
18634,2
18635,2
18636,0
18637,2
18638,1
18639,2
18640,2
18641,1
18642,2
18643,0
18644,2
18645,2
18646,0
18647,1
18648,2
18649,2
18650,2
18651,2
18652,0
18653,2
18654,0
18655,2
18656,2
18657,0
18658,0
18659,2
18660,2
18661,0
18662,2
18663,2
18664,2
18665,2
18666,2
18667,2
18668,1
18669,2
18670,2
18671,2
18672,2
18673,2
18674,2
18675,2
18676,2
18677,2
18678,0
18679,2
18680,2
18681,2
18682,2
18683,2
18684,2
18685,2
18686,2
18687,2
18688,2
18689,2
18690,2
18691,2
18692,2
18693,2
18694,2
18695,2
18696,2
18697,2
18698,2
18699,2
18700,0
18701,2
18702,2
18703,0
18704,2
18705,0
18706,0
18707,2
18708,2
18709,2
18710,2
18711,0
18712,2
18713,2
18714,0
18715,2
18716,2
18717,2
18718,2
18719,2
18720,0
18721,2
18722,2
18723,0
18724,0
18725,2
18726,0
18727,2
18728,2
18729,0
18730,2
18731,2
18732,2
18733,2
18734,2
18735,2
18736,2
18737,2
18738,2
18739,2
18740,2
18741,2
18742,2
18743,2
18744,2
18745,0
18746,2
18747,2
18748,2
18749,2
18750,2
18751,2
18752,1
18753,2
18754,0
18755,2
18756,2
18757,0
18758,0
18759,2
18760,0
18761,2
18762,2
18763,2
18764,2
18765,0
18766,2
18767,2
18768,2
18769,2
18770,2
18771,2
18772,2
18773,2
18774,2
18775,2
18776,2
18777,2
18778,2
18779,2
18780,2
18781,2
18782,2
18783,2
18784,2
18785,0
18786,2
18787,2
18788,2
18789,2
18790,2
18791,2
18792,0
18793,2
18794,0
18795,2
18796,2
18797,2
18798,2
18799,0
18800,2
18801,2
18802,2
18803,2
18804,0
18805,0
18806,2
18807,2
18808,2
18809,2
18810,2
18811,2
18812,2
18813,2
18814,2
18815,0
18816,0
18817,0
18818,0
18819,2
18820,2
18821,2
18822,0
18823,2
18824,2
18825,0
18826,2
18827,2
18828,0
18829,0
18830,2
18831,0
18832,2
18833,2
18834,2
18835,2
18836,2
18837,2
18838,0
18839,0
18840,2
18841,2
18842,2
18843,2
18844,2
18845,2
18846,0
18847,0
18848,2
18849,2
18850,0
18851,2
18852,2
18853,2
18854,0
18855,2
18856,2
18857,2
18858,2
18859,2
18860,0
18861,2
18862,2
18863,2
18864,0
18865,2
18866,2
18867,0
18868,0
18869,2
18870,2
18871,2
18872,2
18873,2
18874,2
18875,2
18876,2
18877,2
18878,2
18879,2
18880,2
18881,2
18882,2
18883,2
18884,2
18885,2
18886,2
18887,0
18888,2
18889,0
18890,1
18891,0
18892,2
18893,0
18894,2
18895,2
18896,2
18897,2
18898,2
18899,0
18900,2
18901,0
18902,0
18903,2
18904,2
18905,2
18906,2
18907,2
18908,2
18909,2
18910,2
18911,2
18912,2
18913,2
18914,2
18915,2
18916,2
18917,2
18918,2
18919,0
18920,2
18921,2
18922,2
18923,0
18924,2
18925,2
18926,2
18927,0
18928,1
18929,2
18930,2
18931,2
18932,2
18933,2
18934,2
18935,2
18936,2
18937,2
18938,0
18939,2
18940,0
18941,2
18942,2
18943,2
18944,0
18945,2
18946,2
18947,2
18948,0
18949,2
18950,0
18951,2
18952,2
18953,2
18954,2
18955,2
18956,2
18957,2
18958,0
18959,2
18960,2
18961,2
18962,0
18963,0
18964,2
18965,2
18966,2
18967,2
18968,0
18969,2
18970,0
18971,2
18972,2
18973,2
18974,2
18975,0
18976,2
18977,2
18978,2
18979,2
18980,2
18981,2
18982,0
18983,2
18984,0
18985,0
18986,0
18987,2
18988,1
18989,0
18990,2
18991,2
18992,0
18993,2
18994,2
18995,0
18996,2
18997,2
18998,1
18999,2
19000,0
19001,2
19002,2
19003,2
19004,2
19005,2
19006,0
19007,2
19008,2
19009,2
19010,1
19011,1
19012,2
19013,2
19014,2
19015,2
19016,2
19017,0
19018,2
19019,2
19020,0
19021,1
19022,2
19023,2
19024,2
19025,2
19026,1
19027,2
19028,2
19029,1
19030,2
19031,2
19032,2
19033,2
19034,2
19035,2
19036,2
19037,2
19038,2
19039,2
19040,2
19041,0
19042,2
19043,2
19044,2
19045,2
19046,2
19047,2
19048,0
19049,2
19050,0
19051,2
19052,2
19053,2
19054,2
19055,2
19056,2
19057,2
19058,2
19059,2
19060,2
19061,2
19062,0
19063,0
19064,2
19065,2
19066,0
19067,2
19068,2
19069,2
19070,2
19071,2
19072,0
19073,2
19074,2
19075,0
19076,0
19077,0
19078,2
19079,2
19080,2
19081,1
19082,2
19083,2
19084,2
19085,2
19086,0
19087,0
19088,2
19089,2
19090,1
19091,2
19092,2
19093,0
19094,2
19095,2
19096,2
19097,2
19098,2
19099,0
19100,2
19101,2
19102,2
19103,2
19104,2
19105,2
19106,0
19107,2
19108,2
19109,2
19110,0
19111,2
19112,2
19113,2
19114,2
19115,2
19116,2
19117,0
19118,2
19119,2
19120,2
19121,0
19122,2
19123,0
19124,2
19125,2
19126,2
19127,2
19128,0
19129,2
19130,2
19131,2
19132,0
19133,2
19134,2
19135,0
19136,2
19137,2
19138,2
19139,2
19140,2
19141,2
19142,2
19143,2
19144,0
19145,2
19146,2
19147,2
19148,2
19149,0
19150,2
19151,0
19152,0
19153,0
19154,2
19155,2
19156,2
19157,2
19158,2
19159,2
19160,2
19161,2
19162,2
19163,1
19164,1
19165,2
19166,0
19167,2
19168,2
19169,2
19170,2
19171,0
19172,2
19173,0
19174,2
19175,2
19176,2
19177,2
19178,2
19179,0
19180,2
19181,0
19182,2
19183,0
19184,2
19185,2
19186,2
19187,2
19188,1
19189,2
19190,0
19191,2
19192,2
19193,2
19194,0
19195,1
19196,2
19197,2
19198,2
19199,2
19200,2
19201,2
19202,2
19203,0
19204,2
19205,2
19206,2
19207,2
19208,0
19209,0
19210,2
19211,2
19212,2
19213,0
19214,2
19215,0
19216,2
19217,2
19218,0
19219,2
19220,2
19221,2
19222,0
19223,0
19224,2
19225,2
19226,2
19227,2
19228,2
19229,2
19230,2
19231,2
19232,2
19233,2
19234,2
19235,2
19236,2
19237,2
19238,2
19239,2
19240,2
19241,2
19242,2
19243,2
19244,2
19245,2
19246,2
19247,2
19248,2
19249,2
19250,2
19251,2
19252,0
19253,2
19254,2
19255,2
19256,2
19257,2
19258,0
19259,2
19260,2
19261,0
19262,2
19263,2
19264,2
19265,2
19266,0
19267,2
19268,2
19269,2
19270,2
19271,2
19272,0
19273,0
19274,2
19275,2
19276,2
19277,0
19278,2
19279,2
19280,2
19281,2
19282,2
19283,2
19284,0
19285,2
19286,2
19287,1
19288,2
19289,0
19290,2
19291,2
19292,2
19293,2
19294,2
19295,0
19296,2
19297,2
19298,2
19299,0
19300,1
19301,2
19302,1
19303,2
19304,2
19305,2
19306,2
19307,2
19308,2
19309,2
19310,0
19311,2
19312,2
19313,2
19314,2
19315,2
19316,2
19317,2
19318,2
19319,0
19320,2
19321,2
19322,1
19323,0
19324,2
19325,2
19326,2
19327,2
19328,2
19329,2
19330,2
19331,0
19332,2
19333,2
19334,2
19335,2
19336,2
19337,2
19338,0
19339,2
19340,2
19341,2
19342,0
19343,2
19344,0
19345,2
19346,2
19347,2
19348,2
19349,2
19350,2
19351,2
19352,2
19353,2
19354,2
19355,2
19356,2
19357,2
19358,2
19359,0
19360,2
19361,2
19362,2
19363,0
19364,2
19365,2
19366,2
19367,0
19368,0
19369,2
19370,2
19371,2
19372,2
19373,0
19374,2
19375,2
19376,0
19377,2
19378,2
19379,2
19380,2
19381,2
19382,2
19383,2
19384,2
19385,0
19386,2
19387,2
19388,2
19389,0
19390,2
19391,1
19392,2
19393,1
19394,2
19395,2
19396,2
19397,2
19398,0
19399,2
19400,2
19401,2
19402,2
19403,2
19404,2
19405,0
19406,2
19407,2
19408,2
19409,0
19410,2
19411,2
19412,2
19413,2
19414,2
19415,2
19416,2
19417,2
19418,0
19419,2
19420,2
19421,0
19422,2
19423,0
19424,2
19425,2
19426,0
19427,0
19428,2
19429,2
19430,2
19431,2
19432,2
19433,0
19434,2
19435,2
19436,2
19437,0
19438,0
19439,2
19440,0
19441,2
19442,2
19443,2
19444,0
19445,2
19446,2
19447,2
19448,2
19449,2
19450,2
19451,1
19452,2
19453,2
19454,2
19455,2
19456,2
19457,2
19458,0
19459,1
19460,2
19461,0
19462,2
19463,2
19464,2
19465,2
19466,2
19467,2
19468,1
19469,0
19470,2
19471,2
19472,2
19473,2
19474,0
19475,2
19476,2
19477,1
19478,0
19479,0
19480,2
19481,2
19482,2
19483,2
19484,0
19485,0
19486,0
19487,0
19488,2
19489,0
19490,0
19491,2
19492,2
19493,0
19494,2
19495,2
19496,2
19497,2
19498,2
19499,2
19500,2
19501,2
19502,2
19503,2
19504,0
19505,2
19506,0
19507,2
19508,2
19509,0
19510,2
19511,2
19512,0
19513,0
19514,0
19515,2
19516,2
19517,0
19518,2
19519,2
19520,2
19521,2
19522,0
19523,2
19524,2
19525,2
19526,2
19527,2
19528,2
19529,2
19530,2
19531,2
19532,2
19533,1
19534,2
19535,2
19536,0
19537,2
19538,2
19539,2
19540,2
19541,2
19542,2
19543,0
19544,2
19545,2
19546,0
19547,2
19548,2
19549,2
19550,2
19551,2
19552,2
19553,2
19554,2
19555,2
19556,2
19557,2
19558,1
19559,1
19560,2
19561,2
19562,0
19563,2
19564,2
19565,2
19566,2
19567,2
19568,0
19569,2
19570,2
19571,2
19572,2
19573,2
19574,2
19575,0
19576,0
19577,0
19578,2
19579,2
19580,2
19581,2
19582,0
19583,2
19584,2
19585,1
19586,0
19587,0
19588,2
19589,2
19590,0
19591,2
19592,2
19593,0
19594,2
19595,2
19596,1
19597,2
19598,2
19599,2
19600,2
19601,2
19602,2
19603,2
19604,2
19605,2
19606,0
19607,2
19608,0
19609,2
19610,0
19611,0
19612,0
19613,2
19614,2
19615,2
19616,2
19617,0
19618,2
19619,2
19620,2
19621,2
19622,2
19623,2
19624,1
19625,2
19626,2
19627,2
19628,2
19629,2
19630,2
19631,2
19632,0
19633,2
19634,1
19635,2
19636,2
19637,2
19638,2
19639,0
19640,0
19641,2
19642,1
19643,2
19644,0
19645,2
19646,2
19647,2
19648,2
19649,0
19650,0
19651,2
19652,2
19653,2
19654,2
19655,2
19656,2
19657,2
19658,2
19659,2
19660,2
19661,2
19662,2
19663,0
19664,0
19665,2
19666,0
19667,0
19668,0
19669,2
19670,2
19671,2
19672,2
19673,2
19674,2
19675,2
19676,1
19677,2
19678,2
19679,2
19680,2
19681,2
19682,0
19683,0
19684,2
19685,0
19686,2
19687,2
19688,2
19689,1
19690,2
19691,0
19692,2
19693,2
19694,2
19695,2
19696,0
19697,0
19698,0
19699,2
19700,2
19701,2
19702,0
19703,2
19704,2
19705,2
19706,2
19707,2
19708,2
19709,0
19710,2
19711,2
19712,2
19713,2
19714,2
19715,2
19716,2
19717,2
19718,0
19719,2
19720,0
19721,0
19722,2
19723,2
19724,1
19725,2
19726,2
19727,0
19728,0
19729,2
19730,0
19731,0
19732,2
19733,2
19734,2
19735,2
19736,2
19737,2
19738,2
19739,2
19740,2
19741,0
19742,2
19743,2
19744,0
19745,2
19746,2
19747,2
19748,2
19749,1
19750,2
19751,2
19752,2
19753,2
19754,0
19755,2
19756,2
19757,2
19758,0
19759,2
19760,0
19761,2
19762,2
19763,0
19764,1
19765,2
19766,2
19767,0
19768,2
19769,2
19770,0
19771,2
19772,2
19773,2
19774,2
19775,0
19776,2
19777,2
19778,2
19779,2
19780,0
19781,2
19782,2
19783,2
19784,2
19785,0
19786,0
19787,2
19788,2
19789,2
19790,2
19791,0
19792,2
19793,2
19794,2
19795,2
19796,0
19797,0
19798,2
19799,2
19800,2
19801,2
19802,2
19803,2
19804,2
19805,2
19806,2
19807,0
19808,2
19809,2
19810,2
19811,2
19812,2
19813,2
19814,2
19815,2
19816,2
19817,2
19818,2
19819,2
19820,2
19821,2
19822,2
19823,2
19824,2
19825,2
19826,2
19827,2
19828,2
19829,0
19830,2
19831,2
19832,0
19833,2
19834,0
19835,2
19836,0
19837,2
19838,2
19839,0
19840,2
19841,2
19842,0
19843,0
19844,0
19845,2
19846,2
19847,0
19848,2
19849,2
19850,2
19851,0
19852,0
19853,2
19854,2
19855,2
19856,0
19857,2
19858,1
19859,2
19860,2
19861,2
19862,2
19863,1
19864,2
19865,2
19866,2
19867,2
19868,2
19869,2
19870,2
19871,2
19872,0
19873,2
19874,0
19875,2
19876,2
19877,2
19878,2
19879,2
19880,2
19881,2
19882,2
19883,2
19884,2
19885,2
19886,0
19887,0
19888,2
19889,2
19890,0
19891,2
19892,2
19893,2
19894,0
19895,1
19896,2
19897,2
19898,2
19899,0
19900,1
19901,2
19902,2
19903,2
19904,0
19905,2
19906,0
19907,0
19908,2
19909,2
19910,0
19911,2
19912,1
19913,2
19914,2
19915,2
19916,1
19917,2
19918,2
19919,0
19920,2
19921,2
19922,2
19923,0
19924,2
19925,2
19926,2
19927,2
19928,2
19929,2
19930,2
19931,2
19932,2
19933,0
19934,2
19935,2
19936,2
19937,1
19938,2
19939,2
19940,2
19941,2
19942,0
19943,2
19944,0
19945,2
19946,0
19947,2
19948,2
19949,1
19950,2
19951,0
19952,2
19953,2
19954,2
19955,1
19956,2
19957,2
19958,2
19959,2
19960,2
19961,2
19962,2
19963,2
19964,2
19965,2
19966,2
19967,2
19968,2
19969,2
19970,2
19971,2
19972,2
19973,1
19974,2
19975,2
19976,0
19977,2
19978,2
19979,2
19980,2
19981,0
19982,0
19983,2
19984,2
19985,2
19986,2
19987,2
19988,2
19989,2
19990,2
19991,2
19992,2
19993,2
19994,2
19995,1
19996,0
19997,2
19998,2
19999,2
20000,2
20001,2
20002,2
20003,2
20004,2
20005,2
20006,2
20007,2
20008,2
20009,0
20010,2
20011,0
20012,0
20013,2
20014,2
20015,2
20016,2
20017,2
20018,2
20019,1
20020,1
20021,2
20022,2
20023,0
20024,0
20025,2
20026,2
20027,2
20028,2
20029,2
20030,1
20031,2
20032,1
20033,2
20034,2
20035,2
20036,2
20037,2
20038,2
20039,1
20040,0
20041,2
20042,0
20043,2
20044,2
20045,2
20046,2
20047,2
20048,2
20049,2
20050,2
20051,2
20052,2
20053,0
20054,1
20055,2
20056,2
20057,2
20058,2
20059,2
20060,2
20061,2
20062,1
20063,0
20064,2
20065,0
20066,2
20067,2
20068,2
20069,2
20070,2
20071,2
20072,2
20073,2
20074,2
20075,0
20076,0
20077,2
20078,0
20079,2
20080,2
20081,2
20082,0
20083,2
20084,2
20085,1
20086,0
20087,2
20088,2
20089,2
20090,2
20091,2
20092,2
20093,2
20094,2
20095,2
20096,0
20097,1
20098,2
20099,2
20100,2
20101,2
20102,2
20103,2
20104,2
20105,2
20106,2
20107,0
20108,2
20109,2
20110,2
20111,2
20112,2
20113,1
20114,2
20115,2
20116,2
20117,0
20118,2
20119,0
20120,2
20121,0
20122,0
20123,1
20124,0
20125,2
20126,2
20127,2
20128,0
20129,2
20130,0
20131,0
20132,2
20133,2
20134,2
20135,2
20136,2
20137,0
20138,2
20139,2
20140,2
20141,2
20142,0
20143,2
20144,0
20145,0
20146,0
20147,2
20148,2
20149,2
20150,2
20151,2
20152,2
20153,0
20154,2
20155,2
20156,2
20157,0
20158,2
20159,2
20160,2
20161,2
20162,2
20163,2
20164,2
20165,2
20166,2
20167,0
20168,2
20169,2
20170,0
20171,2
20172,2
20173,2
20174,2
20175,2
20176,2
20177,1
20178,2
20179,2
20180,1
20181,2
20182,2
20183,2
20184,2
20185,2
20186,0
20187,2
20188,2
20189,2
20190,1
20191,2
20192,2
20193,2
20194,2
20195,2
20196,2
20197,0
20198,2
20199,2
20200,2
20201,2
20202,0
20203,2
20204,2
20205,2
20206,2
20207,2
20208,0
20209,0
20210,2
20211,2
20212,2
20213,2
20214,2
20215,2
20216,2
20217,2
20218,2
20219,2
20220,2
20221,2
20222,2
20223,2
20224,2
20225,2
20226,2
20227,1
20228,2
20229,2
20230,2
20231,2
20232,2
20233,2
20234,2
20235,0
20236,2
20237,2
20238,2
20239,2
20240,1
20241,2
20242,0
20243,2
20244,0
20245,0
20246,2
20247,2
20248,2
20249,2
20250,2
20251,2
20252,2
20253,2
20254,2
20255,2
20256,2
20257,2
20258,2
20259,2
20260,2
20261,2
20262,1
20263,2
20264,2
20265,2
20266,2
20267,2
20268,2
20269,2
20270,0
20271,2
20272,2
20273,0
20274,2
20275,2
20276,2
20277,2
20278,0
20279,2
20280,2
20281,2
20282,2
20283,2
20284,2
20285,2
20286,2
20287,2
20288,2
20289,2
20290,2
20291,2
20292,2
20293,2
20294,2
20295,2
20296,2
20297,2
20298,2
20299,2
20300,2
20301,2
20302,2
20303,2
20304,2
20305,2
20306,0
20307,2
20308,0
20309,2
20310,2
20311,0
20312,2
20313,2
20314,2
20315,2
20316,2
20317,2
20318,2
20319,2
20320,2
20321,0
20322,2
20323,2
20324,2
20325,0
20326,2
20327,2
20328,1
20329,2
20330,2
20331,2
20332,2
20333,2
20334,2
20335,0
20336,0
20337,2
20338,2
20339,2
20340,2
20341,0
20342,2
20343,2
20344,2
20345,2
20346,2
20347,2
20348,0
20349,2
20350,2
20351,2
20352,2
20353,2
20354,2
20355,2
20356,2
20357,2
20358,2
20359,2
20360,2
20361,0
20362,2
20363,0
20364,2
20365,2
20366,2
20367,2
20368,2
20369,2
20370,2
20371,2
20372,2
20373,2
20374,2
20375,2
20376,2
20377,0
20378,2
20379,2
20380,2
20381,2
20382,2
20383,2
20384,2
20385,2
20386,2
20387,0
20388,2
20389,2
20390,2
20391,2
20392,2
20393,0
20394,0
20395,2
20396,2
20397,2
20398,0
20399,2
20400,2
20401,2
20402,2
20403,2
20404,2
20405,0
20406,2
20407,2
20408,2
20409,2
20410,2
20411,0
20412,2
20413,2
20414,2
20415,2
20416,2
20417,2
20418,2
20419,2
20420,2
20421,2
20422,2
20423,2
20424,1
20425,0
20426,2
20427,2
20428,2
20429,2
20430,2
20431,2
20432,2
20433,2
20434,2
20435,1
20436,2
20437,2
20438,2
20439,2
20440,0
20441,2
20442,0
20443,0
20444,0
20445,0
20446,2
20447,2
20448,2
20449,2
20450,2
20451,0
20452,2
20453,0
20454,2
20455,0
20456,2
20457,2
20458,2
20459,2
20460,2
20461,2
20462,2
20463,2
20464,2
20465,0
20466,2
20467,2
20468,2
20469,2
20470,0
20471,2
20472,2
20473,0
20474,2
20475,0
20476,2
20477,2
20478,2
20479,2
20480,2
20481,2
20482,2
20483,2
20484,2
20485,2
20486,0
20487,2
20488,0
20489,2
20490,2
20491,2
20492,0
20493,2
20494,2
20495,0
20496,1
20497,0
20498,2
20499,1
20500,0
20501,2
20502,0
20503,2
20504,1
20505,0
20506,2
20507,0
20508,0
20509,2
20510,2
20511,2
20512,2
20513,1
20514,2
20515,2
20516,2
20517,0
20518,0
20519,2
20520,2
20521,0
20522,2
20523,2
20524,2
20525,2
20526,0
20527,0
20528,2
20529,2
20530,2
20531,0
20532,2
20533,2
20534,0
20535,2
20536,2
20537,2
20538,2
20539,2
20540,2
20541,2
20542,2
20543,2
20544,2
20545,2
20546,2
20547,0
20548,2
20549,2
20550,2
20551,2
20552,2
20553,2
20554,2
20555,0
20556,2
20557,2
20558,2
20559,2
20560,2
20561,2
20562,2
20563,2
20564,2
20565,2
20566,2
20567,2
20568,0
20569,2
20570,2
20571,2
20572,2
20573,2
20574,0
20575,2
20576,0
20577,2
20578,2
20579,2
20580,2
20581,2
20582,0
20583,2
20584,0
20585,2
20586,0
20587,2
20588,2
20589,0
20590,0
20591,2
20592,2
20593,2
20594,2
20595,2
20596,0
20597,0
20598,2
20599,0
20600,2
20601,0
20602,0
20603,0
20604,2
20605,0
20606,0
20607,2
20608,2
20609,1
20610,2
20611,2
20612,1
20613,2
20614,2
20615,2
20616,2
20617,2
20618,2
20619,2
20620,2
20621,0
20622,2
20623,2
20624,2
20625,2
20626,2
20627,2
20628,2
20629,2
20630,2
20631,2
20632,2
20633,2
20634,0
20635,0
20636,0
20637,0
20638,2
20639,2
20640,1
20641,2
20642,0
20643,2
20644,0
20645,2
20646,2
20647,2
20648,0
20649,2
20650,2
20651,2
20652,2
20653,2
20654,1
20655,2
20656,2
20657,0
20658,2
20659,2
20660,0
20661,2
20662,2
20663,2
20664,2
20665,1
20666,2
20667,2
20668,2
20669,2
20670,0
20671,2
20672,2
20673,2
20674,2
20675,0
20676,2
20677,2
20678,2
20679,2
20680,2
20681,2
20682,2
20683,2
20684,0
20685,2
20686,0
20687,0
20688,0
20689,2
20690,2
20691,0
20692,0
20693,2
20694,2
20695,0
20696,2
20697,2
20698,2
20699,2
20700,2
20701,2
20702,2
20703,0
20704,2
20705,1
20706,2
20707,2
20708,2
20709,2
20710,2
20711,2
20712,2
20713,2
20714,0
20715,2
20716,2
20717,0
20718,0
20719,2
20720,2
20721,2
20722,2
20723,0
20724,2
20725,1
20726,2
20727,2
20728,2
20729,2
20730,2
20731,2
20732,2
20733,2
20734,2
20735,0
20736,2
20737,2
20738,2
20739,2
20740,0
20741,2
20742,2
20743,2
20744,0
20745,2
20746,2
20747,2
20748,2
20749,2
20750,2
20751,2
20752,2
20753,2
20754,2
20755,2
20756,2
20757,2
20758,2
20759,2
20760,2
20761,2
20762,2
20763,2
20764,1
20765,2
20766,2
20767,2
20768,2
20769,2
20770,2
20771,2
20772,2
20773,2
20774,0
20775,2
20776,0
20777,2
20778,2
20779,2
20780,2
20781,2
20782,0
20783,2
20784,0
20785,2
20786,0
20787,0
20788,2
20789,2
20790,2
20791,2
20792,1
20793,2
20794,2
20795,2
20796,2
20797,2
20798,2
20799,2
20800,2
20801,1
20802,1
20803,2
20804,2
20805,2
20806,2
20807,2
20808,2
20809,2
20810,2
20811,2
20812,0
20813,2
20814,2
20815,0
20816,2
20817,2
20818,2
20819,2
20820,2
20821,0
20822,2
20823,0
20824,2
20825,0
20826,2
20827,2
20828,2
20829,2
20830,0
20831,2
20832,2
20833,2
20834,2
20835,2
20836,2
20837,0
20838,0
20839,0
20840,2
20841,2
20842,2
20843,2
20844,0
20845,2
20846,2
20847,2
20848,2
20849,2
20850,2
20851,2
20852,2
20853,2
20854,2
20855,0
20856,2
20857,2
20858,0
20859,2
20860,0
20861,2
20862,2
20863,1
20864,2
20865,2
20866,2
20867,2
20868,2
20869,2
20870,1
20871,1
20872,2
20873,0
20874,2
20875,0
20876,2
20877,2
20878,2
20879,0
20880,2
20881,2
20882,0
20883,2
20884,2
20885,0
20886,0
20887,0
20888,0
20889,2
20890,2
20891,2
20892,0
20893,1
20894,2
20895,2
20896,2
20897,2
20898,2
20899,0
20900,2
20901,0
20902,0
20903,2
20904,2
20905,2
20906,0
20907,0
20908,2
20909,0
20910,2
20911,2
20912,2
20913,2
20914,2
20915,2
20916,1
20917,2
20918,2
20919,2
20920,2
20921,0
20922,2
20923,2
20924,2
20925,2
20926,2
20927,1
20928,2
20929,2
20930,2
20931,2
20932,2
20933,0
20934,2
20935,2
20936,2
20937,2
20938,2
20939,2
20940,2
20941,0
20942,2
20943,2
20944,0
20945,1
20946,2
20947,0
20948,2
20949,2
20950,2
20951,2
20952,2
20953,2
20954,0
20955,2
20956,1
20957,0
20958,2
20959,2
20960,1
20961,2
20962,2
20963,0
20964,0
20965,2
20966,0
20967,0
20968,0
20969,0
20970,2
20971,1
20972,2
20973,2
20974,2
20975,2
20976,1
20977,2
20978,2
20979,2
20980,2
20981,0
20982,2
20983,2
20984,2
20985,0
20986,0
20987,2
20988,2
20989,1
20990,2
20991,1
20992,0
20993,1
20994,0
20995,0
20996,2
20997,0
20998,2
20999,2
21000,2
21001,2
21002,1
21003,2
21004,2
21005,0
21006,2
21007,2
21008,1
21009,2
21010,2
21011,2
21012,2
21013,2
21014,0
21015,2
21016,2
21017,0
21018,2
21019,2
21020,0
21021,2
21022,2
21023,2
21024,2
21025,0
21026,2
21027,2
21028,2
21029,2
21030,2
21031,2
21032,2
21033,2
21034,2
21035,2
21036,2
21037,2
21038,2
21039,2
21040,0
21041,1
21042,2
21043,2
21044,2
21045,2
21046,2
21047,2
21048,1
21049,2
21050,1
21051,2
21052,2
21053,2
21054,2
21055,2
21056,2
21057,2
21058,0
21059,2
21060,0
21061,2
21062,1
21063,2
21064,0
21065,2
21066,0
21067,0
21068,2
21069,2
21070,1
21071,2
21072,0
21073,2
21074,1
21075,2
21076,2
21077,1
21078,1
21079,2
21080,0
21081,2
21082,2
21083,0
21084,0
21085,2
21086,2
21087,2
21088,1
21089,2
21090,2
21091,2
21092,0
21093,1
21094,2
21095,2
21096,0
21097,0
21098,0
21099,2
21100,2
21101,0
21102,2
21103,0
21104,2
21105,2
21106,2
21107,2
21108,2
21109,2
21110,2
21111,1
21112,2
21113,1
21114,2
21115,1
21116,1
21117,2
21118,2
21119,2
21120,2
21121,2
21122,2
21123,0
21124,2
21125,2
21126,2
21127,2
21128,2
21129,0
21130,1
21131,2
21132,0
21133,2
21134,2
21135,0
21136,1
21137,0
21138,2
21139,2
21140,2
21141,1
21142,0
21143,2
21144,2
21145,2
21146,0
21147,2
21148,2
21149,0
21150,1
21151,0
21152,2
21153,0
21154,2
21155,0
21156,2
21157,2
21158,0
21159,0
21160,2
21161,2
21162,2
21163,2
21164,2
21165,2
21166,2
21167,2
21168,2
21169,0
21170,2
21171,0
21172,2
21173,0
21174,2
21175,2
21176,2
21177,0
21178,0
21179,2
21180,2
21181,0
21182,2
21183,2
21184,2
21185,0
21186,2
21187,0
21188,2
21189,0
21190,2
21191,2
21192,0
21193,2
21194,2
21195,0
21196,2
21197,0
21198,2
21199,2
21200,0
21201,2
21202,2
21203,2
21204,2
21205,2
21206,2
21207,2
21208,2
21209,0
21210,2
21211,2
21212,0
21213,2
21214,2
21215,2
21216,0
21217,0
21218,0
21219,0
21220,2
21221,2
21222,0
21223,2
21224,2
21225,2
21226,2
21227,0
21228,1
21229,2
21230,2
21231,2
21232,2
21233,2
21234,2
21235,2
21236,2
21237,2
21238,0
21239,2
21240,1
21241,0
21242,2
21243,2
21244,0
21245,2
21246,2
21247,2
21248,2
21249,2
21250,2
21251,1
21252,2
21253,2
21254,0
21255,0
21256,2
21257,2
21258,1
21259,0
21260,2
21261,2
21262,2
21263,2
21264,2
21265,2
21266,2
21267,2
21268,0
21269,2
21270,0
21271,0
21272,1
21273,2
21274,2
21275,2
21276,0
21277,2
21278,2
21279,2
21280,1
21281,2
21282,0
21283,2
21284,2
21285,2
21286,2
21287,2
21288,0
21289,2
21290,2
21291,2
21292,2
21293,2
21294,2
21295,2
21296,2
21297,0
21298,2
21299,2
21300,2
21301,2
21302,2
21303,2
21304,1
21305,2
21306,2
21307,2
21308,2
21309,2
21310,2
21311,2
21312,2
21313,2
21314,2
21315,2
21316,2
21317,2
21318,0
21319,1
21320,0
21321,1
21322,1
21323,2
21324,2
21325,2
21326,2
21327,2
21328,1
21329,2
21330,2
21331,2
21332,2
21333,2
21334,2
21335,2
21336,2
21337,0
21338,1
21339,2
21340,2
21341,2
21342,0
21343,2
21344,2
21345,2
21346,1
21347,1
21348,2
21349,2
21350,2
21351,1
21352,0
21353,2
21354,2
21355,2
21356,2
21357,2
21358,2
21359,0
21360,0
21361,2
21362,2
21363,2
21364,0
21365,2
21366,2
21367,0
21368,0
21369,2
21370,2
21371,2
21372,2
21373,2
21374,0
21375,2
21376,1
21377,2
21378,2
21379,2
21380,2
21381,2
21382,1
21383,2
21384,2
21385,2
21386,2
21387,0
21388,2
21389,2
21390,2
21391,1
21392,2
21393,2
21394,2
21395,2
21396,2
21397,2
21398,1
21399,2
21400,2
21401,2
21402,0
21403,2
21404,2
21405,2
21406,2
21407,2
21408,2
21409,2
21410,2
21411,2
21412,2
21413,0
21414,0
21415,2
21416,2
21417,2
21418,0
21419,2
21420,2
21421,2
21422,0
21423,2
21424,2
21425,2
21426,2
21427,0
21428,2
21429,2
21430,2
21431,2
21432,2
21433,2
21434,0
21435,2
21436,2
21437,2
21438,1
21439,0
21440,1
21441,2
21442,2
21443,0
21444,2
21445,2
21446,1
21447,2
21448,2
21449,0
21450,2
21451,2
21452,2
21453,2
21454,2
21455,2
21456,0
21457,1
21458,2
21459,0
21460,2
21461,0
21462,2
21463,2
21464,0
21465,2
21466,1
21467,2
21468,0
21469,1
21470,2
21471,2
21472,2
21473,0
21474,2
21475,2
21476,2
21477,2
21478,2
21479,2
21480,2
21481,2
21482,2
21483,2
21484,2
21485,2
21486,2
21487,2
21488,2
21489,2
21490,2
21491,2
21492,0
21493,2
21494,2
21495,2
21496,2
21497,0
21498,2
21499,2
21500,2
21501,2
21502,2
21503,0
21504,0
21505,2
21506,2
21507,2
21508,2
21509,2
21510,2
21511,2
21512,2
21513,0
21514,2
21515,1
21516,2
21517,2
21518,2
21519,0
21520,2
21521,2
21522,2
21523,2
21524,2
21525,2
21526,2
21527,0
21528,2
21529,2
21530,2
21531,2
21532,2
21533,2
21534,2
21535,2
21536,2
21537,2
21538,2
21539,2
21540,2
21541,2
21542,2
21543,2
21544,2
21545,2
21546,2
21547,2
21548,2
21549,2
21550,2
21551,2
21552,2
21553,2
21554,2
21555,2
21556,2
21557,2
21558,2
21559,2
21560,2
21561,2
21562,2
21563,2
21564,2
21565,0
21566,2
21567,2
21568,2
21569,2
21570,2
21571,2
21572,0
21573,2
21574,2
21575,2
21576,2
21577,2
21578,0
21579,2
21580,2
21581,2
21582,2
21583,2
21584,2
21585,2
21586,2
21587,2
21588,2
21589,2
21590,0
21591,2
21592,2
21593,2
21594,0
21595,2
21596,2
21597,2
21598,2
21599,2
21600,2
21601,2
21602,2
21603,0
21604,2
21605,2
21606,0
21607,2
21608,2
21609,2
21610,2
21611,2
21612,2
21613,2
21614,2
21615,0
21616,2
21617,2
21618,2
21619,2
21620,2
21621,2
21622,0
21623,2
21624,2
21625,2
21626,2
21627,2
21628,0
21629,2
21630,2
21631,2
21632,2
21633,0
21634,2
21635,2
21636,2
21637,2
21638,2
21639,0
21640,2
21641,2
21642,0
21643,2
21644,2
21645,2
21646,2
21647,2
21648,0
21649,2
21650,0
21651,2
21652,2
21653,2
21654,0
21655,2
21656,2
21657,0
21658,0
21659,2
21660,0
21661,2
21662,2
21663,2
21664,2
21665,2
21666,2
21667,2
21668,2
21669,2
21670,0
21671,2
21672,0
21673,2
21674,2
21675,2
21676,2
21677,2
21678,2
21679,2
21680,2
21681,2
21682,2
21683,2
21684,2
21685,2
21686,2
21687,2
21688,2
21689,2
21690,2
21691,2
21692,2
21693,2
21694,2
21695,2
21696,2
21697,2
21698,2
21699,2
21700,2
21701,0
21702,2
21703,2
21704,2
21705,0
21706,0
21707,0
21708,2
21709,2
21710,2
21711,2
21712,2
21713,2
21714,0
21715,2
21716,2
21717,2
21718,2
21719,2
21720,2
21721,2
21722,2
21723,2
21724,2
21725,2
21726,2
21727,2
21728,0
21729,2
21730,2
21731,2
21732,2
21733,0
21734,0
21735,2
21736,2
21737,2
21738,2
21739,2
21740,2
21741,2
21742,0
21743,2
21744,2
21745,2
21746,2
21747,2
21748,2
21749,2
21750,2
21751,2
21752,2
21753,2
21754,2
21755,2
21756,2
21757,0
21758,2
21759,2
21760,2
21761,2
21762,2
21763,2
21764,2
21765,0
21766,2
21767,0
21768,2
21769,2
21770,2
21771,0
21772,2
21773,2
21774,2
21775,2
21776,0
21777,2
21778,2
21779,2
21780,0
21781,2
21782,2
21783,2
21784,0
21785,0
21786,2
21787,2
21788,2
21789,2
21790,0
21791,2
21792,0
21793,2
21794,2
21795,2
21796,2
21797,0
21798,2
21799,2
21800,2
21801,2
21802,2
21803,2
21804,2
21805,0
21806,2
21807,2
21808,2
21809,2
21810,0
21811,0
21812,2
21813,2
21814,0
21815,2
21816,0
21817,0
21818,2
21819,0
21820,2
21821,2
21822,2
21823,2
21824,2
21825,2
21826,2
21827,0
21828,2
21829,2
21830,2
21831,2
21832,2
21833,2
21834,0
21835,0
21836,2
21837,2
21838,2
21839,0
21840,2
21841,2
21842,2
21843,2
21844,0
21845,2
21846,2
21847,2
21848,2
21849,0
21850,2
21851,2
21852,2
21853,2
21854,0
21855,2
21856,0
21857,2
21858,2
21859,2
21860,2
21861,2
21862,2
21863,0
21864,2
21865,0
21866,2
21867,2
21868,2
21869,2
21870,2
21871,2
21872,2
21873,2
21874,2
21875,2
21876,0
21877,2
21878,2
21879,2
21880,0
21881,2
21882,2
21883,2
21884,0
21885,0
21886,0
21887,2
21888,2
21889,2
21890,2
21891,2
21892,2
21893,0
21894,2
21895,2
21896,1
21897,2
21898,2
21899,2
21900,2
21901,0
21902,2
21903,2
21904,2
21905,2
21906,2
21907,2
21908,0
21909,2
21910,2
21911,2
21912,2
21913,2
21914,2
21915,0
21916,1
21917,2
21918,2
21919,2
21920,2
21921,2
21922,2
21923,0
21924,2
21925,0
21926,2
21927,2
21928,2
21929,0
21930,0
21931,0
21932,2
21933,2
21934,1
21935,2
21936,0
21937,2
21938,2
21939,0
21940,2
21941,2
21942,2
21943,2
21944,2
21945,2
21946,2
21947,2
21948,2
21949,2
21950,2
21951,2
21952,2
21953,0
21954,0
21955,2
21956,2
21957,2
21958,2
21959,2
21960,2
21961,2
21962,2
21963,2
21964,0
21965,0
21966,1
21967,1
21968,2
21969,2
21970,0
21971,2
21972,0
21973,2
21974,2
21975,2
21976,0
21977,0
21978,0
21979,2
21980,2
21981,1
21982,2
21983,2
21984,2
21985,2
21986,1
21987,0
21988,2
21989,2
21990,2
21991,2
21992,2
21993,0
21994,2
21995,2
21996,2
21997,2
21998,2
21999,0
22000,0
22001,2
22002,2
22003,2
22004,2
22005,2
22006,0
22007,2
22008,2
22009,0
22010,2
22011,0
22012,2
22013,2
22014,2
22015,2
22016,2
22017,2
22018,2
22019,2
22020,2
22021,2
22022,2
22023,2
22024,2
22025,2
22026,2
22027,2
22028,0
22029,0
22030,0
22031,2
22032,2
22033,2
22034,2
22035,0
22036,2
22037,2
22038,0
22039,2
22040,2
22041,2
22042,2
22043,2
22044,2
22045,2
22046,0
22047,0
22048,2
22049,2
22050,0
22051,2
22052,2
22053,2
22054,2
22055,2
22056,2
22057,2
22058,2
22059,2
22060,2
22061,2
22062,0
22063,0
22064,0
22065,2
22066,2
22067,2
22068,2
22069,2
22070,1
22071,2
22072,0
22073,0
22074,2
22075,2
22076,2
22077,2
22078,2
22079,2
22080,2
22081,2
22082,2
22083,2
22084,2
22085,0
22086,0
22087,2
22088,0
22089,2
22090,2
22091,1
22092,2
22093,0
22094,2
22095,2
22096,2
22097,0
22098,2
22099,2
22100,2
22101,2
22102,2
22103,2
22104,1
22105,2
22106,2
22107,2
22108,1
22109,0
22110,2
22111,2
22112,2
22113,2
22114,2
22115,0
22116,2
22117,2
22118,0
22119,2
22120,0
22121,2
22122,2
22123,2
22124,2
22125,2
22126,2
22127,2
22128,2
22129,0
22130,0
22131,2
22132,2
22133,2
22134,2
22135,0
22136,2
22137,2
22138,2
22139,0
22140,2
22141,2
22142,2
22143,2
22144,0
22145,2
22146,2
22147,2
22148,2
22149,2
22150,2
22151,2
22152,2
22153,2
22154,2
22155,2
22156,2
22157,2
22158,2
22159,2
22160,2
22161,0
22162,2
22163,2
22164,0
22165,2
22166,2
22167,2
22168,2
22169,2
22170,2
22171,2
22172,0
22173,2
22174,2
22175,2
22176,2
22177,0
22178,2
22179,2
22180,2
22181,2
22182,2
22183,2
22184,2
22185,2
22186,2
22187,2
22188,2
22189,2
22190,0
22191,1
22192,2
22193,2
22194,2
22195,2
22196,0
22197,0
22198,2
22199,1
22200,0
22201,2
22202,2
22203,2
22204,2
22205,1
22206,0
22207,2
22208,0
22209,2
22210,2
22211,0
22212,2
22213,2
22214,2
22215,2
22216,2
22217,2
22218,0
22219,2
22220,2
22221,2
22222,2
22223,0
22224,2
22225,0
22226,0
22227,2
22228,0
22229,2
22230,2
22231,2
22232,0
22233,0
22234,0
22235,2
22236,2
22237,2
22238,0
22239,2
22240,2
22241,2
22242,2
22243,2
22244,2
22245,0
22246,2
22247,2
22248,2
22249,2
22250,2
22251,2
22252,2
22253,2
22254,2
22255,2
22256,2
22257,2
22258,2
22259,2
22260,2
22261,2
22262,2
22263,1
22264,2
22265,0
22266,2
22267,0
22268,2
22269,2
22270,2
22271,1
22272,1
22273,2
22274,2
22275,0
22276,0
22277,2
22278,2
22279,2
22280,2
22281,0
22282,2
22283,0
22284,2
22285,2
22286,2
22287,2
22288,2
22289,2
22290,2
22291,2
22292,2
22293,2
22294,0
22295,0
22296,0
22297,2
22298,2
22299,0
22300,2
22301,2
22302,0
22303,0
22304,2
22305,0
22306,2
22307,2
22308,2
22309,2
22310,2
22311,2
22312,1
22313,1
22314,2
22315,2
22316,0
22317,2
22318,2
22319,2
22320,2
22321,0
22322,2
22323,2
22324,2
22325,2
22326,2
22327,2
22328,2
22329,2
22330,2
22331,0
22332,2
22333,2
22334,2
22335,2
22336,0
22337,2
22338,2
22339,2
22340,0
22341,2
22342,2
22343,2
22344,2
22345,2
22346,2
22347,2
22348,2
22349,2
22350,0
22351,2
22352,0
22353,1
22354,2
22355,2
22356,2
22357,2
22358,2
22359,2
22360,2
22361,2
22362,2
22363,2
22364,2
22365,0
22366,2
22367,2
22368,2
22369,2
22370,0
22371,0
22372,2
22373,0
22374,1
22375,2
22376,2
22377,2
22378,2
22379,0
22380,2
22381,2
22382,2
22383,2
22384,0
22385,1
22386,2
22387,0
22388,1
22389,2
22390,2
22391,2
22392,1
22393,2
22394,2
22395,2
22396,2
22397,0
22398,2
22399,2
22400,2
22401,1
22402,0
22403,2
22404,0
22405,0
22406,0
22407,2
22408,2
22409,0
22410,2
22411,2
22412,2
22413,2
22414,2
22415,2
22416,2
22417,0
22418,2
22419,0
22420,2
22421,2
22422,2
22423,0
22424,0
22425,2
22426,2
22427,2
22428,2
22429,0
22430,2
22431,2
22432,2
22433,2
22434,0
22435,2
22436,1
22437,1
22438,2
22439,2
22440,0
22441,2
22442,1
22443,2
22444,0
22445,2
22446,2
22447,2
22448,2
22449,2
22450,2
22451,2
22452,0
22453,2
22454,0
22455,1
22456,0
22457,2
22458,2
22459,2
22460,2
22461,2
22462,0
22463,2
22464,0
22465,2
22466,1
22467,2
22468,2
22469,2
22470,2
22471,2
22472,2
22473,0
22474,2
22475,2
22476,2
22477,2
22478,2
22479,2
22480,2
22481,2
22482,2
22483,2
22484,2
22485,2
22486,2
22487,0
22488,2
22489,2
22490,2
22491,2
22492,2
22493,2
22494,0
22495,2
22496,2
22497,2
22498,0
22499,2
22500,0
22501,2
22502,2
22503,2
22504,1
22505,2
22506,2
22507,2
22508,2
22509,2
22510,2
22511,2
22512,0
22513,0
22514,2
22515,0
22516,2
22517,0
22518,2
22519,2
22520,2
22521,2
22522,2
22523,2
22524,2
22525,2
22526,2
22527,2
22528,2
22529,2
22530,2
22531,0
22532,2
22533,0
22534,2
22535,2
22536,2
22537,0
22538,2
22539,2
22540,2
22541,2
22542,0
22543,2
22544,2
22545,2
22546,2
22547,2
22548,2
22549,2
22550,2
22551,2
22552,2
22553,2
22554,2
22555,2
22556,0
22557,2
22558,2
22559,2
22560,2
22561,2
22562,2
22563,0
22564,1
22565,2
22566,2
22567,0
22568,2
22569,0
22570,2
22571,2
22572,1
22573,2
22574,2
22575,1
22576,2
22577,2
22578,2
22579,0
22580,2
22581,2
22582,2
22583,2
22584,0
22585,2
22586,2
22587,0
22588,2
22589,0
22590,2
22591,2
22592,2
22593,2
22594,2
22595,0
22596,2
22597,0
22598,2
22599,2
22600,2
22601,0
22602,2
22603,2
22604,2
22605,2
22606,2
22607,2
22608,0
22609,0
22610,2
22611,0
22612,2
22613,2
22614,2
22615,2
22616,2
22617,2
22618,2
22619,2
22620,2
22621,2
22622,0
22623,2
22624,0
22625,0
22626,1
22627,2
22628,2
22629,2
22630,2
22631,2
22632,0
22633,2
22634,2
22635,2
22636,0
22637,2
22638,2
22639,2
22640,2
22641,2
22642,0
22643,2
22644,0
22645,0
22646,1
22647,2
22648,2
22649,2
22650,2
22651,0
22652,2
22653,2
22654,2
22655,2
22656,2
22657,1
22658,2
22659,2
22660,0
22661,2
22662,2
22663,2
22664,2
22665,2
22666,0
22667,1
22668,2
22669,2
22670,2
22671,2
22672,2
22673,2
22674,2
22675,0
22676,2
22677,2
22678,2
22679,2
22680,2
22681,2
22682,2
22683,2
22684,2
22685,2
22686,2
22687,2
22688,2
22689,2
22690,2
22691,0
22692,2
22693,2
22694,0
22695,1
22696,0
22697,2
22698,1
22699,2
22700,2
22701,1
22702,0
22703,2
22704,1
22705,2
22706,2
22707,2
22708,2
22709,2
22710,2
22711,2
22712,0
22713,1
22714,0
22715,2
22716,2
22717,1
22718,2
22719,2
22720,2
22721,2
22722,0
22723,2
22724,1
22725,2
22726,2
22727,2
22728,2
22729,2
22730,2
22731,2
22732,0
22733,2
22734,0
22735,2
22736,2
22737,0
22738,2
22739,1
22740,2
22741,2
22742,2
22743,2
22744,2
22745,1
22746,0
22747,1
22748,2
22749,2
22750,2
22751,2
22752,2
22753,0
22754,2
22755,2
22756,2
22757,2
22758,2
22759,2
22760,2
22761,2
22762,2
22763,2
22764,2
22765,1
22766,2
22767,2
22768,2
22769,2
22770,2
22771,2
22772,2
22773,2
22774,2
22775,2
22776,0
22777,0
22778,0
22779,0
22780,2
22781,2
22782,2
22783,2
22784,2
22785,2
22786,0
22787,2
22788,0
22789,0
22790,0
22791,2
22792,1
22793,1
22794,1
22795,2
22796,0
22797,0
22798,2
22799,2
22800,1
22801,2
22802,2
22803,2
22804,2
22805,2
22806,2
22807,2
22808,1
22809,2
22810,0
22811,2
22812,0
22813,2
22814,2
22815,2
22816,2
22817,0
22818,2
22819,2
22820,2
22821,0
22822,0
22823,2
22824,2
22825,0
22826,2
22827,2
22828,2
22829,2
22830,2
22831,2
22832,2
22833,2
22834,2
22835,2
22836,2
22837,2
22838,0
22839,1
22840,0
22841,2
22842,2
22843,2
22844,2
22845,2
22846,2
22847,2
22848,2
22849,0
22850,2
22851,1
22852,0
22853,2
22854,2
22855,2
22856,0
22857,0
22858,1
22859,2
22860,2
22861,2
22862,2
22863,2
22864,0
22865,2
22866,2
22867,2
22868,2
22869,2
22870,2
22871,2
22872,0
22873,2
22874,2
22875,2
22876,2
22877,2
22878,0
22879,1
22880,2
22881,2
22882,1
22883,2
22884,2
22885,2
22886,2
22887,2
22888,2
22889,0
22890,2
22891,2
22892,1
22893,0
22894,2
22895,2
22896,0
22897,2
22898,2
22899,2
22900,2
22901,2
22902,2
22903,2
22904,2
22905,2
22906,0
22907,2
22908,2
22909,2
22910,0
22911,2
22912,0
22913,2
22914,2
22915,2
22916,0
22917,2
22918,2
22919,0
22920,2
22921,2
22922,2
22923,2
22924,0
22925,2
22926,0
22927,2
22928,2
22929,0
22930,2
22931,2
22932,2
22933,2
22934,0
22935,2
22936,2
22937,2
22938,2
22939,2
22940,2
22941,2
22942,2
22943,2
22944,2
22945,2
22946,2
22947,1
22948,0
22949,2
22950,2
22951,2
22952,1
22953,2
22954,2
22955,2
22956,1
22957,2
22958,2
22959,0
22960,0
22961,2
22962,2
22963,2
22964,2
22965,2
22966,1
22967,2
22968,2
22969,1
22970,2
22971,2
22972,1
22973,2
22974,0
22975,2
22976,0
22977,2
22978,0
22979,2
22980,2
22981,2
22982,0
22983,2
22984,2
22985,2
22986,2
22987,0
22988,2
22989,1
22990,2
22991,2
22992,0
22993,2
22994,2
22995,2
22996,1
22997,2
22998,0
22999,2
23000,0
23001,2
23002,2
23003,2
23004,0
23005,2
23006,1
23007,1
23008,2
23009,2
23010,2
23011,1
23012,2
23013,2
23014,0
23015,2
23016,0
23017,2
23018,2
23019,2
23020,2
23021,1
23022,2
23023,2
23024,2
23025,1
23026,0
23027,1
23028,2
23029,0
23030,2
23031,0
23032,2
23033,2
23034,2
23035,2
23036,0
23037,1
23038,2
23039,2
23040,1
23041,0
23042,2
23043,0
23044,2
23045,2
23046,2
23047,0
23048,2
23049,1
23050,0
23051,2
23052,2
23053,2
23054,2
23055,2
23056,2
23057,0
23058,2
23059,2
23060,2
23061,2
23062,2
23063,2
23064,2
23065,2
23066,0
23067,2
23068,0
23069,2
23070,2
23071,2
23072,2
23073,2
23074,2
23075,0
23076,1
23077,2
23078,2
23079,2
23080,2
23081,2
23082,0
23083,2
23084,0
23085,2
23086,2
23087,2
23088,0
23089,2
23090,0
23091,2
23092,1
23093,2
23094,2
23095,0
23096,1
23097,1
23098,0
23099,0
23100,0
23101,2
23102,2
23103,2
23104,2
23105,0
23106,2
23107,2
23108,0
23109,2
23110,0
23111,1
23112,2
23113,2
23114,2
23115,2
23116,2
23117,0
23118,2
23119,2
23120,2
23121,0
23122,2
23123,0
23124,2
23125,2
23126,2
23127,0
23128,2
23129,2
23130,2
23131,0
23132,2
23133,2
23134,0
23135,2
23136,2
23137,1
23138,2
23139,2
23140,2
23141,2
23142,2
23143,2
23144,2
23145,2
23146,2
23147,2
23148,2
23149,0
23150,2
23151,2
23152,2
23153,2
23154,0
23155,2
23156,2
23157,2
23158,2
23159,2
23160,0
23161,2
23162,2
23163,0
23164,2
23165,2
23166,2
23167,0
23168,2
23169,2
23170,1
23171,2
23172,2
23173,2
23174,2
23175,0
23176,0
23177,2
23178,2
23179,2
23180,2
23181,2
23182,2
23183,2
23184,2
23185,0
23186,0
23187,2
23188,2
23189,2
23190,2
23191,1
23192,2
23193,2
23194,2
23195,0
23196,2
23197,0
23198,0
23199,0
23200,2
23201,2
23202,0
23203,0
23204,0
23205,2
23206,0
23207,2
23208,2
23209,0
23210,2
23211,0
23212,2
23213,0
23214,2
23215,2
23216,2
23217,2
23218,2
23219,2
23220,2
23221,2
23222,2
23223,2
23224,0
23225,1
23226,1
23227,1
23228,2
23229,2
23230,0
23231,2
23232,2
23233,2
23234,0
23235,2
23236,0
23237,2
23238,2
23239,2
23240,1
23241,0
23242,2
23243,2
23244,0
23245,2
23246,2
23247,2
23248,2
23249,0
23250,2
23251,2
23252,2
23253,2
23254,2
23255,2
23256,2
23257,2
23258,2
23259,2
23260,2
23261,2
23262,2
23263,2
23264,0
23265,2
23266,0
23267,0
23268,0
23269,2
23270,2
23271,2
23272,2
23273,2
23274,2
23275,0
23276,1
23277,0
23278,2
23279,2
23280,2
23281,0
23282,2
23283,2
23284,0
23285,2
23286,2
23287,2
23288,0
23289,2
23290,2
23291,0
23292,2
23293,0
23294,2
23295,2
23296,2
23297,2
23298,0
23299,0
23300,0
23301,2
23302,2
23303,1
23304,2
23305,2
23306,2
23307,2
23308,0
23309,2
23310,2
23311,2
23312,0
23313,2
23314,2
23315,2
23316,2
23317,0
23318,2
23319,1
23320,0
23321,2
23322,2
23323,2
23324,2
23325,2
23326,2
23327,0
23328,2
23329,2
23330,2
23331,2
23332,1
23333,2
23334,2
23335,2
23336,2
23337,2
23338,2
23339,0
23340,2
23341,2
23342,2
23343,2
23344,2
23345,0
23346,2
23347,1
23348,2
23349,2
23350,2
23351,0
23352,2
23353,2
23354,2
23355,0
23356,2
23357,2
23358,2
23359,0
23360,2
23361,2
23362,1
23363,2
23364,0
23365,0
23366,0
23367,2
23368,2
23369,2
23370,0
23371,2
23372,0
23373,0
23374,2
23375,2
23376,2
23377,2
23378,1
23379,2
23380,0
23381,0
23382,0
23383,2
23384,2
23385,2
23386,2
23387,2
23388,2
23389,0
23390,2
23391,2
23392,2
23393,2
23394,2
23395,2
23396,2
23397,2
23398,0
23399,2
23400,2
23401,2
23402,2
23403,2
23404,2
23405,2
23406,2
23407,2
23408,2
23409,2
23410,0
23411,2
23412,0
23413,2
23414,2
23415,2
23416,2
23417,1
23418,2
23419,2
23420,0
23421,2
23422,0
23423,2
23424,2
23425,0
23426,0
23427,2
23428,2
23429,2
23430,2
23431,2
23432,2
23433,2
23434,0
23435,2
23436,2
23437,0
23438,2
23439,2
23440,2
23441,2
23442,2
23443,2
23444,0
23445,2
23446,0
23447,2
23448,2
23449,2
23450,1
23451,2
23452,2
23453,2
23454,2
23455,2
23456,2
23457,2
23458,2
23459,2
23460,2
23461,2
23462,2
23463,2
23464,2
23465,2
23466,2
23467,2
23468,0
23469,2
23470,2
23471,2
23472,2
23473,2
23474,2
23475,0
23476,2
23477,0
23478,2
23479,2
23480,0
23481,2
23482,2
23483,2
23484,2
23485,1
23486,2
23487,0
23488,2
23489,2
23490,2
23491,2
23492,2
23493,2
23494,2
23495,2
23496,2
23497,2
23498,1
23499,2
23500,2
23501,2
23502,2
23503,0
23504,1
23505,2
23506,0
23507,2
23508,2
23509,2
23510,0
23511,2
23512,2
23513,2
23514,1
23515,2
23516,2
23517,2
23518,2
23519,0
23520,2
23521,2
23522,2
23523,0
23524,2
23525,0
23526,2
23527,0
23528,0
23529,2
23530,2
23531,0
23532,2
23533,2
23534,2
23535,2
23536,2
23537,2
23538,2
23539,2
23540,2
23541,2
23542,0
23543,2
23544,0
23545,0
23546,2
23547,2
23548,2
23549,0
23550,2
23551,2
23552,2
23553,1
23554,2
23555,2
23556,2
23557,0
23558,0
23559,2
23560,0
23561,2
23562,2
23563,0
23564,2
23565,2
23566,2
23567,2
23568,2
23569,2
23570,2
23571,2
23572,2
23573,2
23574,2
23575,2
23576,2
23577,2
23578,2
23579,1
23580,2
23581,2
23582,2
23583,2
23584,1
23585,2
23586,2
23587,2
23588,2
23589,2
23590,0
23591,2
23592,2
23593,2
23594,2
23595,2
23596,2
23597,2
23598,2
23599,2
23600,2
23601,2
23602,2
23603,1
23604,2
23605,2
23606,2
23607,2
23608,0
23609,2
23610,2
23611,2
23612,2
23613,1
23614,2
23615,2
23616,0
23617,2
23618,2
23619,2
23620,2
23621,2
23622,2
23623,2
23624,2
23625,0
23626,2
23627,0
23628,1
23629,2
23630,2
23631,0
23632,2
23633,2
23634,2
23635,2
23636,2
23637,0
23638,0
23639,0
23640,2
23641,1
23642,2
23643,2
23644,2
23645,2
23646,0
23647,2
23648,2
23649,2
23650,2
23651,2
23652,2
23653,2
23654,2
23655,2
23656,2
23657,0
23658,0
23659,2
23660,0
23661,2
23662,2
23663,2
23664,0
23665,2
23666,2
23667,2
23668,2
23669,2
23670,2
23671,2
23672,0
23673,2
23674,0
23675,2
23676,2
23677,2
23678,2
23679,2
23680,2
23681,0
23682,2
23683,2
23684,2
23685,0
23686,2
23687,0
23688,2
23689,2
23690,2
23691,2
23692,2
23693,2
23694,2
23695,2
23696,0
23697,2
23698,0
23699,2
23700,2
23701,2
23702,2
23703,2
23704,1
23705,2
23706,1
23707,1
23708,2
23709,1
23710,2
23711,2
23712,1
23713,0
23714,2
23715,2
23716,0
23717,2
23718,0
23719,0
23720,2
23721,2
23722,1
23723,2
23724,2
23725,2
23726,0
23727,2
23728,1
23729,2
23730,2
23731,2
23732,2
23733,1
23734,2
23735,2
23736,1
23737,2
23738,2
23739,0
23740,2
23741,2
23742,2
23743,2
23744,2
23745,2
23746,2
23747,2
23748,2
23749,2
23750,1
23751,0
23752,2
23753,2
23754,2
23755,2
23756,2
23757,0
23758,0
23759,1
23760,2
23761,2
23762,2
23763,2
23764,2
23765,2
23766,2
23767,2
23768,2
23769,2
23770,0
23771,0
23772,2
23773,2
23774,2
23775,2
23776,2
23777,2
23778,2
23779,2
23780,2
23781,2
23782,2
23783,2
23784,2
23785,2
23786,2
23787,2
23788,2
23789,2
23790,2
23791,2
23792,2
23793,2
23794,2
23795,2
23796,0
23797,1
23798,2
23799,2
23800,0
23801,2
23802,2
23803,2
23804,0
23805,2
23806,0
23807,2
23808,0
23809,2
23810,1
23811,2
23812,2
23813,0
23814,2
23815,2
23816,1
23817,2
23818,2
23819,2
23820,2
23821,2
23822,2
23823,2
23824,2
23825,2
23826,2
23827,0
23828,0
23829,2
23830,1
23831,2
23832,2
23833,0
23834,2
23835,2
23836,2
23837,2
23838,0
23839,2
23840,2
23841,1
23842,1
23843,2
23844,0
23845,2
23846,2
23847,0
23848,2
23849,2
23850,2
23851,2
23852,2
23853,0
23854,0
23855,2
23856,0
23857,2
23858,2
23859,2
23860,2
23861,0
23862,2
23863,2
23864,2
23865,2
23866,2
23867,0
23868,2
23869,2
23870,2
23871,2
23872,2
23873,0
23874,2
23875,2
23876,2
23877,2
23878,2
23879,2
23880,2
23881,2
23882,2
23883,2
23884,2
23885,2
23886,2
23887,2
23888,2
23889,2
23890,2
23891,2
23892,2
23893,0
23894,1
23895,1
23896,0
23897,2
23898,2
23899,2
23900,2
23901,2
23902,0
23903,2
23904,2
23905,2
23906,2
23907,2
23908,2
23909,2
23910,2
23911,2
23912,2
23913,2
23914,2
23915,2
23916,2
23917,2
23918,2
23919,2
23920,2
23921,2
23922,2
23923,2
23924,2
23925,1
23926,2
23927,0
23928,2
23929,2
23930,2
23931,0
23932,2
23933,2
23934,2
23935,2
23936,2
23937,2
23938,2
23939,2
23940,2
23941,2
23942,2
23943,2
23944,2
23945,2
23946,2
23947,2
23948,0
23949,2
23950,2
23951,2
23952,2
23953,2
23954,2
23955,2
23956,2
23957,2
23958,2
23959,2
23960,2
23961,2
23962,2
23963,2
23964,2
23965,2
23966,2
23967,2
23968,0
23969,2
23970,2
23971,2
23972,2
23973,2
23974,2
23975,2
23976,2
23977,2
23978,2
23979,2
23980,2
23981,2
23982,2
23983,0
23984,2
23985,0
23986,2
23987,2
23988,0
23989,2
23990,2
23991,2
23992,2
23993,2
23994,2
23995,2
23996,0
23997,2
23998,2
23999,2
24000,2
24001,2
24002,2
24003,2
24004,2
24005,2
24006,0
24007,2
24008,2
24009,2
24010,2
24011,2
24012,2
24013,2
24014,2
24015,2
24016,2
24017,2
24018,2
24019,2
24020,0
24021,2
24022,2
24023,2
24024,0
24025,0
24026,2
24027,2
24028,2
24029,0
24030,0
24031,1
24032,2
24033,2
24034,0
24035,2
24036,2
24037,2
24038,1
24039,2
24040,2
24041,2
24042,2
24043,2
24044,2
24045,2
24046,2
24047,2
24048,2
24049,2
24050,2
24051,2
24052,0
24053,1
24054,2
24055,1
24056,2
24057,2
24058,2
24059,2
24060,0
24061,0
24062,2
24063,2
24064,2
24065,2
24066,2
24067,2
24068,0
24069,2
24070,2
24071,2
24072,2
24073,2
24074,2
24075,2
24076,0
24077,2
24078,0
24079,2
24080,2
24081,2
24082,2
24083,2
24084,0
24085,2
24086,0
24087,0
24088,0
24089,0
24090,2
24091,2
24092,2
24093,2
24094,0
24095,2
24096,1
24097,2
24098,2
24099,0
24100,2
24101,2
24102,2
24103,2
24104,1
24105,2
24106,2
24107,2
24108,0
24109,2
24110,2
24111,2
24112,2
24113,2
24114,2
24115,2
24116,2
24117,2
24118,1
24119,1
24120,2
24121,2
24122,2
24123,2
24124,2
24125,2
24126,2
24127,2
24128,1
24129,0
24130,2
24131,2
24132,2
24133,2
24134,0
24135,2
24136,2
24137,0
24138,2
24139,2
24140,2
24141,2
24142,0
24143,2
24144,2
24145,2
24146,2
24147,1
24148,2
24149,2
24150,2
24151,2
24152,2
24153,2
24154,2
24155,2
24156,2
24157,2
24158,2
24159,2
24160,0
24161,0
24162,1
24163,2
24164,2
24165,0
24166,2
24167,1
24168,2
24169,2
24170,2
24171,2
24172,2
24173,2
24174,0
24175,0
24176,2
24177,2
24178,0
24179,0
24180,0
24181,2
24182,0
24183,2
24184,0
24185,0
24186,2
24187,0
24188,1
24189,0
24190,2
24191,0
24192,2
24193,2
24194,2
24195,2
24196,2
24197,2
24198,0
24199,2
24200,2
24201,2
24202,0
24203,0
24204,0
24205,2
24206,0
24207,1
24208,0
24209,2
24210,2
24211,2
24212,2
24213,2
24214,2
24215,2
24216,0
24217,2
24218,2
24219,2
24220,2
24221,2
24222,0
24223,1
24224,0
24225,2
24226,2
24227,2
24228,0
24229,2
24230,0
24231,2
24232,2
24233,2
24234,0
24235,2
24236,0
24237,2
24238,2
24239,2
24240,2
24241,2
24242,2
24243,2
24244,2
24245,0
24246,2
24247,2
24248,2
24249,2
24250,0
24251,2
24252,0
24253,1
24254,2
24255,0
24256,2
24257,0
24258,2
24259,2
24260,2
24261,0
24262,0
24263,1
24264,1
24265,2
24266,2
24267,2
24268,2
24269,1
24270,2
24271,2
24272,2
24273,2
24274,2
24275,0
24276,2
24277,2
24278,2
24279,2
24280,2
24281,2
24282,0
24283,2
24284,2
24285,2
24286,2
24287,0
24288,2
24289,2
24290,0
24291,2
24292,2
24293,2
24294,2
24295,2
24296,0
24297,2
24298,2
24299,2
24300,0
24301,0
24302,0
24303,0
24304,2
24305,0
24306,0
24307,1
24308,2
24309,2
24310,2
24311,2
24312,2
24313,2
24314,0
24315,0
24316,2
24317,0
24318,2
24319,2
24320,2
24321,1
24322,1
24323,1
24324,2
24325,2
24326,2
24327,2
24328,0
24329,2
24330,2
24331,2
24332,0
24333,2
24334,2
24335,2
24336,2
24337,2
24338,0
24339,2
24340,2
24341,2
24342,0
24343,2
24344,0
24345,0
24346,2
24347,2
24348,0
24349,1
24350,2
24351,2
24352,2
24353,1
24354,0
24355,0
24356,2
24357,1
24358,0
24359,2
24360,0
24361,2
24362,2
24363,2
24364,2
24365,2
24366,2
24367,2
24368,1
24369,2
24370,2
24371,1
24372,0
24373,2
24374,2
24375,2
24376,2
24377,0
24378,0
24379,2
24380,2
24381,2
24382,0
24383,2
24384,2
24385,0
24386,2
24387,2
24388,2
24389,1
24390,0
24391,2
24392,2
24393,0
24394,2
24395,2
24396,2
24397,2
24398,2
24399,2
24400,2
24401,2
24402,2
24403,2
24404,0
24405,2
24406,2
24407,2
24408,2
24409,0
24410,2
24411,2
24412,2
24413,2
24414,2
24415,2
24416,2
24417,2
24418,2
24419,2
24420,2
24421,2
24422,1
24423,2
24424,2
24425,2
24426,0
24427,2
24428,2
24429,2
24430,2
24431,0
24432,2
24433,1
24434,2
24435,2
24436,2
24437,2
24438,0
24439,2
24440,0
24441,2
24442,2
24443,2
24444,2
24445,2
24446,0
24447,2
24448,2
24449,1
24450,2
24451,2
24452,2
24453,0
24454,2
24455,0
24456,2
24457,2
24458,2
24459,2
24460,2
24461,2
24462,2
24463,2
24464,2
24465,2
24466,2
24467,2
24468,0
24469,2
24470,2
24471,0
24472,2
24473,2
24474,2
24475,2
24476,2
24477,2
24478,0
24479,1
24480,2
24481,2
24482,0
24483,2
24484,2
24485,2
24486,2
24487,2
24488,2
24489,2
24490,2
24491,2
24492,2
24493,2
24494,2
24495,2
24496,0
24497,2
24498,2
24499,2
24500,2
24501,2
24502,2
24503,2
24504,2
24505,2
24506,2
24507,2
24508,2
24509,2
24510,2
24511,2
24512,2
24513,2
24514,0
24515,2
24516,2
24517,2
24518,2
24519,2
24520,2
24521,2
24522,2
24523,2
24524,2
24525,0
24526,1
24527,1
24528,0
24529,2
24530,2
24531,2
24532,2
24533,2
24534,0
24535,2
24536,2
24537,0
24538,2
24539,2
24540,0
24541,2
24542,0
24543,2
24544,2
24545,2
24546,2
24547,2
24548,0
24549,0
24550,2
24551,0
24552,0
24553,0
24554,1
24555,0
24556,2
24557,2
24558,2
24559,2
24560,1
24561,2
24562,2
24563,0
24564,0
24565,2
24566,2
24567,2
24568,2
24569,2
24570,0
24571,2
24572,2
24573,2
24574,2
24575,0
24576,2
24577,2
24578,2
24579,2
24580,2
24581,2
24582,2
24583,2
24584,1
24585,1
24586,2
24587,2
24588,2
24589,2
24590,2
24591,0
24592,2
24593,2
24594,2
24595,2
24596,0
24597,2
24598,0
24599,2
24600,2
24601,0
24602,0
24603,2
24604,2
24605,2
24606,2
24607,2
24608,2
24609,2
24610,2
24611,2
24612,2
24613,0
24614,2
24615,0
24616,2
24617,2
24618,0
24619,2
24620,2
24621,2
24622,2
24623,0
24624,2
24625,2
24626,2
24627,2
24628,2
24629,2
24630,2
24631,2
24632,2
24633,2
24634,0
24635,2
24636,2
24637,0
24638,0
24639,0
24640,0
24641,2
24642,2
24643,0
24644,2
24645,2
24646,0
24647,2
24648,2
24649,2
24650,2
24651,2
24652,2
24653,1
24654,2
24655,2
24656,2
24657,0
24658,2
24659,2
24660,1
24661,2
24662,2
24663,0
24664,0
24665,2
24666,2
24667,2
24668,2
24669,2
24670,2
24671,0
24672,2
24673,2
24674,2
24675,2
24676,2
24677,2
24678,2
24679,2
24680,2
24681,2
24682,2
24683,0
24684,2
24685,2
24686,2
24687,1
24688,0
24689,2
24690,2
24691,0
24692,2
24693,2
24694,2
24695,2
24696,1
24697,2
24698,0
24699,2
24700,0
24701,0
24702,0
24703,2
24704,2
24705,2
24706,0
24707,2
24708,2
24709,0
24710,2
24711,2
24712,0
24713,2
24714,0
24715,2
24716,0
24717,2
24718,2
24719,2
24720,0
24721,2
24722,2
24723,2
24724,2
24725,0
24726,2
24727,2
24728,1
24729,0
24730,2
24731,1
24732,0
24733,2
24734,2
24735,0
24736,2
24737,2
24738,0
24739,2
24740,1
24741,0
24742,2
24743,1
24744,2
24745,2
24746,2
24747,2
24748,2
24749,2
24750,2
24751,2
24752,2
24753,2
24754,2
24755,2
24756,2
24757,2
24758,0
24759,0
24760,1
24761,2
24762,2
24763,0
24764,2
24765,2
24766,0
24767,0
24768,2
24769,2
24770,0
24771,2
24772,2
24773,2
24774,2
24775,0
24776,2
24777,0
24778,0
24779,0
24780,0
24781,0
24782,0
24783,2
24784,2
24785,2
24786,2
24787,2
24788,0
24789,2
24790,2
24791,2
24792,0
24793,2
24794,2
24795,1
24796,2
24797,2
24798,2
24799,0
24800,0
24801,2
24802,0
24803,2
24804,2
24805,2
24806,2
24807,2
24808,1
24809,2
24810,2
24811,2
24812,2
24813,2
24814,2
24815,2
24816,1
24817,1
24818,2
24819,2
24820,2
24821,2
24822,2
24823,2
24824,2
24825,1
24826,2
24827,2
24828,2
24829,2
24830,0
24831,2
24832,2
24833,0
24834,0
24835,2
24836,2
24837,0
24838,2
24839,2
24840,2
24841,2
24842,2
24843,1
24844,2
24845,2
24846,2
24847,2
24848,0
24849,2
24850,2
24851,1
24852,2
24853,2
24854,2
24855,2
24856,2
24857,2
24858,2
24859,0
24860,2
24861,2
24862,0
24863,2
24864,2
24865,0
24866,2
24867,2
24868,2
24869,2
24870,2
24871,0
24872,2
24873,2
24874,2
24875,0
24876,2
24877,0
24878,0
24879,2
24880,0
24881,2
24882,0
24883,2
24884,2
24885,2
24886,2
24887,0
24888,0
24889,0
24890,0
24891,2
24892,2
24893,2
24894,2
24895,2
24896,2
24897,2
24898,2
24899,2
24900,0
24901,0
24902,0
24903,2
24904,0
24905,0
24906,2
24907,2
24908,2
24909,2
24910,2
24911,2
24912,2
24913,2
24914,2
24915,2
24916,0
24917,0
24918,2
24919,2
24920,2
24921,1
24922,2
24923,2
24924,2
24925,0
24926,2
24927,2
24928,2
24929,2
24930,0
24931,2
24932,2
24933,2
24934,2
24935,2
24936,2
24937,2
24938,1
24939,0
24940,0
24941,2
24942,2
24943,2
24944,0
24945,2
24946,2
24947,0
24948,2
24949,0
24950,0
24951,2
24952,2
24953,2
24954,2
24955,2
24956,2
24957,2
24958,2
24959,2
24960,2
24961,2
24962,2
24963,2
24964,2
24965,2
24966,2
24967,0
24968,2
24969,2
24970,2
24971,2
24972,2
24973,2
24974,2
24975,0
24976,2
24977,1
24978,0
24979,0
24980,2
24981,2
24982,2
24983,0
24984,2
24985,2
24986,2
24987,2
24988,0
24989,2
24990,0
24991,0
24992,0
24993,2
24994,1
24995,2
24996,0
24997,0
24998,0
24999,2
25000,2
25001,2
25002,1
25003,2
25004,2
25005,2
25006,2
25007,2
25008,2
25009,2
25010,2
25011,2
25012,2
25013,0
25014,0
25015,2
25016,2
25017,1
25018,2
25019,2
25020,2
25021,2
25022,2
25023,2
25024,2
25025,2
25026,0
25027,2
25028,0
25029,2
25030,1
25031,0
25032,0
25033,2
25034,2
25035,2
25036,2
25037,2
25038,2
25039,0
25040,0
25041,2
25042,2
25043,2
25044,0
25045,2
25046,2
25047,0
25048,2
25049,2
25050,2
25051,2
25052,0
25053,2
25054,2
25055,2
25056,1
25057,2
25058,0
25059,2
25060,2
25061,2
25062,2
25063,0
25064,2
25065,2
25066,0
25067,2
25068,0
25069,2
25070,0
25071,0
25072,2
25073,2
25074,2
25075,2
25076,2
25077,2
25078,2
25079,0
25080,2
25081,2
25082,2
25083,0
25084,2
25085,1
25086,2
25087,0
25088,1
25089,2
25090,2
25091,0
25092,0
25093,2
25094,2
25095,1
25096,2
25097,2
25098,2
25099,2
25100,2
25101,2
25102,0
25103,2
25104,2
25105,0
25106,2
25107,2
25108,2
25109,0
25110,2
25111,2
25112,2
25113,0
25114,2
25115,2
25116,2
25117,2
25118,2
25119,2
25120,0
25121,0
25122,2
25123,2
25124,1
25125,2
25126,2
25127,1
25128,2
25129,0
25130,1
25131,2
25132,2
25133,1
25134,2
25135,2
25136,2
25137,2
25138,2
25139,2
25140,2
25141,2
25142,1
25143,2
25144,2
25145,2
25146,2
25147,1
25148,0
25149,0
25150,2
25151,2
25152,2
25153,2
25154,2
25155,2
25156,2
25157,2
25158,2
25159,2
25160,0
25161,2
25162,2
25163,2
25164,2
25165,2
25166,2
25167,2
25168,2
25169,2
25170,2
25171,2
25172,2
25173,2
25174,2
25175,2
25176,2
25177,2
25178,2
25179,2
25180,2
25181,2
25182,2
25183,2
25184,2
25185,2
25186,2
25187,2
25188,2
25189,0
25190,2
25191,2
25192,2
25193,2
25194,2
25195,2
25196,2
25197,2
25198,2
25199,2
25200,2
25201,2
25202,2
25203,2
25204,2
25205,0
25206,2
25207,2
25208,2
25209,2
25210,2
25211,2
25212,2
25213,2
25214,2
25215,2
25216,2
25217,2
25218,2
25219,2
25220,2
25221,2
25222,0
25223,2
25224,2
25225,0
25226,0
25227,2
25228,2
25229,2
25230,2
25231,2
25232,2
25233,2
25234,2
25235,0
25236,2
25237,2
25238,0
25239,2
25240,2
25241,2
25242,2
25243,2
25244,2
25245,2
25246,2
25247,2
25248,2
25249,2
25250,2
25251,2
25252,2
25253,2
25254,2
25255,0
25256,2
25257,2
25258,2
25259,2
25260,2
25261,2
25262,2
25263,2
25264,2
25265,0
25266,0
25267,2
25268,2
25269,2
25270,0
25271,2
25272,0
25273,2
25274,2
25275,2
25276,2
25277,2
25278,2
25279,2
25280,2
25281,0
25282,2
25283,0
25284,2
25285,2
25286,0
25287,2
25288,2
25289,2
25290,2
25291,2
25292,0
25293,0
25294,2
25295,2
25296,2
25297,2
25298,2
25299,2
25300,2
25301,2
25302,0
25303,2
25304,2
25305,0
25306,2
25307,0
25308,2
25309,2
25310,2
25311,2
25312,2
25313,2
25314,2
25315,2
25316,2
25317,2
25318,2
25319,2
25320,0
25321,2
25322,0
25323,0
25324,2
25325,0
25326,0
25327,2
25328,2
25329,2
25330,2
25331,0
25332,2
25333,0
25334,2
25335,2
25336,2
25337,2
25338,0
25339,2
25340,2
25341,2
25342,2
25343,2
25344,2
25345,2
25346,2
25347,2
25348,2
25349,2
25350,2
25351,2
25352,2
25353,0
25354,2
25355,2
25356,2
25357,2
25358,2
25359,2
25360,2
25361,1
25362,2
25363,2
25364,2
25365,2
25366,2
25367,2
25368,2
25369,2
25370,2
25371,2
25372,2
25373,2
25374,2
25375,2
25376,0
25377,2
25378,2
25379,2
25380,2
25381,2
25382,2
25383,2
25384,2
25385,2
25386,2
25387,2
25388,0
25389,2
25390,2
25391,2
25392,2
25393,2
25394,2
25395,2
25396,2
25397,2
25398,2
25399,2
25400,2
25401,2
25402,2
25403,2
25404,2
25405,0
25406,2
25407,2
25408,2
25409,2
25410,0
25411,0
25412,2
25413,2
25414,2
25415,2
25416,2
25417,2
25418,0
25419,0
25420,2
25421,2
25422,2
25423,2
25424,2
25425,2
25426,2
25427,0
25428,2
25429,2
25430,2
25431,0
25432,1
25433,2
25434,2
25435,0
25436,2
25437,1
25438,0
25439,0
25440,2
25441,0
25442,2
25443,2
25444,2
25445,2
25446,2
25447,2
25448,2
25449,2
25450,2
25451,2
25452,2
25453,1
25454,2
25455,2
25456,2
25457,1
25458,2
25459,0
25460,2
25461,2
25462,2
25463,2
25464,2
25465,2
25466,2
25467,2
25468,2
25469,2
25470,0
25471,2
25472,0
25473,2
25474,0
25475,2
25476,2
25477,2
25478,2
25479,2
25480,0
25481,1
25482,2
25483,2
25484,2
25485,2
25486,0
25487,2
25488,2
25489,0
25490,2
25491,2
25492,2
25493,2
25494,0
25495,0
25496,0
25497,0
25498,2
25499,2
25500,2
25501,0
25502,2
25503,2
25504,2
25505,2
25506,2
25507,0
25508,1
25509,2
25510,2
25511,0
25512,2
25513,2
25514,2
25515,0
25516,2
25517,2
25518,2
25519,2
25520,0
25521,2
25522,2
25523,0
25524,2
25525,2
25526,2
25527,2
25528,2
25529,2
25530,0
25531,2
25532,2
25533,2
25534,1
25535,2
25536,2
25537,2
25538,2
25539,2
25540,2
25541,0
25542,2
25543,2
25544,2
25545,0
25546,2
25547,2
25548,2
25549,2
25550,2
25551,2
25552,1
25553,2
25554,0
25555,2
25556,2
25557,2
25558,0
25559,0
25560,0
25561,1
25562,0
25563,2
25564,1
25565,2
25566,0
25567,0
25568,0
25569,2
25570,2
25571,1
25572,0
25573,2
25574,2
25575,2
25576,1
25577,2
25578,2
25579,2
25580,2
25581,2
25582,2
25583,2
25584,1
25585,2
25586,0
25587,2
25588,1
25589,2
25590,2
25591,0
25592,2
25593,0
25594,0
25595,0
25596,2
25597,0
25598,2
25599,2
25600,2
25601,2
25602,0
25603,0
25604,2
25605,2
25606,2
25607,2
25608,2
25609,2
25610,2
25611,2
25612,2
25613,2
25614,0
25615,0
25616,0
25617,0
25618,2
25619,2
25620,2
25621,2
25622,2
25623,2
25624,0
25625,0
25626,1
25627,0
25628,2
25629,2
25630,2
25631,2
25632,2
25633,1
25634,2
25635,2
25636,2
25637,2
25638,2
25639,2
25640,2
25641,2
25642,2
25643,2
25644,2
25645,2
25646,2
25647,0
25648,2
25649,2
25650,0
25651,0
25652,2
25653,2
25654,2
25655,2
25656,0
25657,2
25658,2
25659,2
25660,2
25661,2
25662,2
25663,2
25664,2
25665,2
25666,2
25667,2
25668,2
25669,2
25670,2
25671,2
25672,2
25673,0
25674,2
25675,2
25676,2
25677,2
25678,1
25679,2
25680,0
25681,1
25682,2
25683,2
25684,0
25685,0
25686,0
25687,2
25688,2
25689,0
25690,0
25691,2
25692,2
25693,2
25694,0
25695,2
25696,2
25697,0
25698,2
25699,2
25700,2
25701,2
25702,2
25703,2
25704,2
25705,2
25706,0
25707,2
25708,2
25709,2
25710,2
25711,2
25712,2
25713,2
25714,0
25715,1
25716,0
25717,2
25718,0
25719,0
25720,2
25721,2
25722,2
25723,0
25724,2
25725,2
25726,2
25727,2
25728,1
25729,0
25730,2
25731,2
25732,1
25733,2
25734,2
25735,2
25736,0
25737,2
25738,2
25739,0
25740,2
25741,2
25742,2
25743,0
25744,1
25745,2
25746,2
25747,2
25748,0
25749,2
25750,0
25751,2
25752,2
25753,0
25754,2
25755,2
25756,0
25757,0
25758,0
25759,1
25760,2
25761,2
25762,2
25763,0
25764,2
25765,1
25766,2
25767,1
25768,2
25769,0
25770,2
25771,2
25772,0
25773,0
25774,1
25775,2
25776,0
25777,2
25778,0
25779,2
25780,2
25781,2
25782,2
25783,0
25784,2
25785,2
25786,2
25787,2
25788,2
25789,2
25790,2
25791,2
25792,0
25793,0
25794,0
25795,2
25796,0
25797,2
25798,2
25799,2
25800,2
25801,2
25802,2
25803,2
25804,0
25805,0
25806,2
25807,2
25808,2
25809,2
25810,2
25811,2
25812,2
25813,2
25814,2
25815,2
25816,0
25817,2
25818,1
25819,2
25820,2
25821,0
25822,2
25823,1
25824,2
25825,2
25826,2
25827,2
25828,2
25829,2
25830,2
25831,2
25832,0
25833,2
25834,2
25835,2
25836,0
25837,0
25838,2
25839,2
25840,2
25841,2
25842,2
25843,0
25844,0
25845,2
25846,2
25847,0
25848,2
25849,0
25850,2
25851,2
25852,0
25853,2
25854,2
25855,2
25856,2
25857,0
25858,0
25859,2
25860,2
25861,0
25862,0
25863,2
25864,2
25865,2
25866,0
25867,2
25868,2
25869,2
25870,1
25871,2
25872,2
25873,2
25874,2
25875,0
25876,0
25877,2
25878,0
25879,0
25880,2
25881,2
25882,2
25883,0
25884,0
25885,2
25886,1
25887,2
25888,0
25889,2
25890,2
25891,2
25892,2
25893,2
25894,2
25895,2
25896,1
25897,2
25898,1
25899,0
25900,2
25901,0
25902,1
25903,2
25904,2
25905,0
25906,2
25907,2
25908,2
25909,2
25910,2
25911,2
25912,2
25913,2
25914,0
25915,2
25916,1
25917,2
25918,2
25919,2
25920,2
25921,0
25922,2
25923,2
25924,2
25925,2
25926,2
25927,0
25928,2
25929,2
25930,2
25931,1
25932,0
25933,0
25934,2
25935,2
25936,2
25937,2
25938,0
25939,2
25940,2
25941,2
25942,2
25943,2
25944,2
25945,2
25946,2
25947,2
25948,2
25949,2
25950,0
25951,0
25952,2
25953,2
25954,2
25955,2
25956,2
25957,0
25958,2
25959,0
25960,0
25961,2
25962,0
25963,2
25964,2
25965,2
25966,2
25967,0
25968,2
25969,2
25970,2
25971,2
25972,1
25973,2
25974,2
25975,0
25976,1
25977,2
25978,2
25979,0
25980,2
25981,2
25982,0
25983,2
25984,2
25985,2
25986,0
25987,2
25988,2
25989,2
25990,0
25991,0
25992,2
25993,2
25994,2
25995,2
25996,2
25997,2
25998,0
25999,2
26000,2
26001,2
26002,2
26003,0
26004,2
26005,2
26006,2
26007,2
26008,0
26009,2
26010,2
26011,2
26012,2
26013,2
26014,1
26015,0
26016,0
26017,2
26018,2
26019,0
26020,2
26021,2
26022,2
26023,0
26024,0
26025,2
26026,2
26027,2
26028,2
26029,0
26030,2
26031,2
26032,2
26033,2
26034,2
26035,2
26036,1
26037,1
26038,1
26039,2
26040,2
26041,1
26042,2
26043,2
26044,2
26045,2
26046,2
26047,2
26048,0
26049,2
26050,0
26051,2
26052,0
26053,0
26054,0
26055,0
26056,2
26057,0
26058,2
26059,2
26060,2
26061,2
26062,0
26063,2
26064,0
26065,2
26066,2
26067,2
26068,2
26069,2
26070,2
26071,2
26072,2
26073,0
26074,2
26075,2
26076,2
26077,2
26078,2
26079,2
26080,2
26081,2
26082,2
26083,2
26084,2
26085,0
26086,2
26087,1
26088,2
26089,0
26090,2
26091,2
26092,2
26093,2
26094,2
26095,2
26096,2
26097,2
26098,2
26099,0
26100,2
26101,0
26102,2
26103,2
26104,0
26105,2
26106,2
26107,2
26108,0
26109,0
26110,2
26111,2
26112,2
26113,2
26114,2
26115,2
26116,2
26117,0
26118,0
26119,2
26120,0
26121,2
26122,0
26123,1
26124,2
26125,2
26126,2
26127,2
26128,2
26129,2
26130,2
26131,0
26132,2
26133,2
26134,0
26135,2
26136,2
26137,2
26138,0
26139,2
26140,2
26141,2
26142,2
26143,0
26144,2
26145,2
26146,1
26147,2
26148,2
26149,0
26150,2
26151,2
26152,0
26153,0
26154,2
26155,0
26156,2
26157,0
26158,0
26159,2
26160,2
26161,2
26162,0
26163,2
26164,0
26165,2
26166,2
26167,2
26168,2
26169,2
26170,2
26171,0
26172,0
26173,2
26174,2
26175,2
26176,2
26177,0
26178,2
26179,2
26180,2
26181,2
26182,0
26183,2
26184,2
26185,2
26186,2
26187,0
26188,2
26189,2
26190,2
26191,0
26192,2
26193,2
26194,2
26195,2
26196,2
26197,0
26198,2
26199,2
26200,1
26201,2
26202,2
26203,2
26204,2
26205,2
26206,2
26207,2
26208,0
26209,0
26210,2
26211,0
26212,2
26213,2
26214,2
26215,0
26216,2
26217,2
26218,2
26219,0
26220,0
26221,2
26222,2
26223,2
26224,2
26225,2
26226,0
26227,2
26228,1
26229,0
26230,2
26231,2
26232,0
26233,0
26234,2
26235,2
26236,2
26237,0
26238,1
26239,2
26240,0
26241,0
26242,2
26243,1
26244,2
26245,1
26246,0
26247,2
26248,2
26249,2
26250,2
26251,0
26252,2
26253,2
26254,2
26255,2
26256,2
26257,2
26258,2
26259,2
26260,2
26261,2
26262,2
26263,2
26264,0
26265,2
26266,2
26267,2
26268,0
26269,2
26270,0
26271,2
26272,2
26273,2
26274,2
26275,2
26276,2
26277,2
26278,2
26279,2
26280,2
26281,2
26282,2
26283,0
26284,2
26285,2
26286,2
26287,2
26288,2
26289,2
26290,2
26291,2
26292,0
26293,2
26294,2
26295,2
26296,2
26297,2
26298,1
26299,2
26300,2
26301,2
26302,2
26303,0
26304,2
26305,2
26306,2
26307,2
26308,2
26309,2
26310,2
26311,2
26312,2
26313,2
26314,0
26315,2
26316,2
26317,0
26318,1
26319,2
26320,2
26321,2
26322,2
26323,1
26324,2
26325,2
26326,2
26327,0
26328,2
26329,0
26330,2
26331,2
26332,2
26333,2
26334,2
26335,2
26336,2
26337,1
26338,2
26339,2
26340,0
26341,2
26342,2
26343,0
26344,2
26345,2
26346,2
26347,0
26348,1
26349,2
26350,2
26351,2
26352,2
26353,2
26354,2
26355,2
26356,2
26357,0
26358,1
26359,2
26360,2
26361,2
26362,2
26363,2
26364,2
26365,2
26366,2
26367,0
26368,2
26369,2
26370,2
26371,2
26372,0
26373,2
26374,2
26375,2
26376,2
26377,0
26378,0
26379,0
26380,2
26381,2
26382,2
26383,2
26384,2
26385,0
26386,2
26387,0
26388,1
26389,0
26390,2
26391,2
26392,2
26393,2
26394,2
26395,2
26396,2
26397,2
26398,0
26399,0
26400,0
26401,0
26402,2
26403,0
26404,2
26405,2
26406,2
26407,0
26408,2
26409,2
26410,2
26411,0
26412,2
26413,2
26414,0
26415,2
26416,2
26417,0
26418,1
26419,2
26420,2
26421,2
26422,2
26423,2
26424,2
26425,0
26426,2
26427,2
26428,1
26429,2
26430,2
26431,2
26432,2
26433,2
26434,0
26435,2
26436,2
26437,2
26438,2
26439,2
26440,2
26441,0
26442,2
26443,0
26444,2
26445,2
26446,2
26447,0
26448,0
26449,2
26450,2
26451,0
26452,2
26453,2
26454,2
26455,0
26456,2
26457,2
26458,2
26459,0
26460,2
26461,2
26462,0
26463,2
26464,2
26465,2
26466,0
26467,2
26468,2
26469,2
26470,2
26471,2
26472,2
26473,2
26474,2
26475,1
26476,0
26477,0
26478,0
26479,2
26480,2
26481,2
26482,0
26483,2
26484,2
26485,0
26486,2
26487,2
26488,2
26489,2
26490,0
26491,2
26492,0
26493,2
26494,2
26495,2
26496,2
26497,2
26498,2
26499,2
26500,2
26501,2
26502,2
26503,0
26504,2
26505,2
26506,0
26507,2
26508,0
26509,0
26510,2
26511,2
26512,2
26513,0
26514,2
26515,2
26516,2
26517,2
26518,2
26519,2
26520,2
26521,2
26522,2
26523,2
26524,2
26525,2
26526,2
26527,2
26528,2
26529,2
26530,0
26531,2
26532,2
26533,2
26534,2
26535,2
26536,2
26537,2
26538,2
26539,2
26540,2
26541,2
26542,2
26543,2
26544,2
26545,0
26546,2
26547,1
26548,1
26549,2
26550,2
26551,2
26552,0
26553,0
26554,0
26555,2
26556,2
26557,2
26558,2
26559,2
26560,2
26561,2
26562,2
26563,2
26564,2
26565,0
26566,0
26567,2
26568,2
26569,0
26570,0
26571,2
26572,2
26573,2
26574,2
26575,0
26576,2
26577,2
26578,1
26579,2
26580,2
26581,2
26582,2
26583,2
26584,0
26585,2
26586,1
26587,2
26588,2
26589,0
26590,2
26591,0
26592,2
26593,2
26594,1
26595,2
26596,2
26597,2
26598,2
26599,2
26600,2
26601,2
26602,2
26603,2
26604,2
26605,2
26606,2
26607,2
26608,2
26609,2
26610,2
26611,2
26612,2
26613,2
26614,2
26615,2
26616,2
26617,2
26618,2
26619,2
26620,2
26621,2
26622,2
26623,2
26624,2
26625,2
26626,0
26627,2
26628,2
26629,2
26630,2
26631,2
26632,2
26633,2
26634,2
26635,2
26636,2
26637,2
26638,2
26639,2
26640,2
26641,2
26642,2
26643,2
26644,2
26645,2
26646,2
26647,2
26648,2
26649,0
26650,2
26651,2
26652,2
26653,2
26654,2
26655,2
26656,2
26657,2
26658,2
26659,2
26660,2
26661,0
26662,2
26663,2
26664,0
26665,0
26666,2
26667,2
26668,2
26669,2
26670,0
26671,0
26672,0
26673,0
26674,2
26675,2
26676,2
26677,0
26678,0
26679,2
26680,2
26681,0
26682,2
26683,2
26684,2
26685,2
26686,2
26687,2
26688,2
26689,2
26690,2
26691,2
26692,2
26693,2
26694,2
26695,2
26696,0
26697,2
26698,2
26699,2
26700,2
26701,0
26702,2
26703,2
26704,2
26705,2
26706,2
26707,0
26708,2
26709,2
26710,2
26711,0
26712,2
26713,2
26714,2
26715,2
26716,0
26717,0
26718,2
26719,2
26720,2
26721,2
26722,0
26723,0
26724,2
26725,2
26726,2
26727,2
26728,0
26729,2
26730,2
26731,2
26732,2
26733,1
26734,2
26735,2
26736,0
26737,2
26738,2
26739,2
26740,2
26741,2
26742,2
26743,0
26744,0
26745,2
26746,2
26747,2
26748,2
26749,2
26750,2
26751,2
26752,1
26753,2
26754,0
26755,2
26756,2
26757,0
26758,2
26759,2
26760,2
26761,0
26762,2
26763,2
26764,0
26765,0
26766,2
26767,2
26768,2
26769,2
26770,2
26771,2
26772,2
26773,0
26774,2
26775,2
26776,2
26777,0
26778,2
26779,2
26780,2
26781,2
26782,2
26783,0
26784,2
26785,0
26786,0
26787,2
26788,2
26789,1
26790,2
26791,2
26792,0
26793,2
26794,2
26795,2
26796,0
26797,2
26798,2
26799,2
26800,2
26801,0
26802,2
26803,2
26804,2
26805,2
26806,2
26807,0
26808,2
26809,2
26810,0
26811,2
26812,2
26813,2
26814,0
26815,2
26816,2
26817,2
26818,2
26819,2
26820,2
26821,0
26822,0
26823,2
26824,2
26825,0
26826,2
26827,2
26828,2
26829,1
26830,2
26831,2
26832,0
26833,2
26834,2
26835,2
26836,0
26837,2
26838,2
26839,0
26840,2
26841,2
26842,1
26843,0
26844,2
26845,2
26846,2
26847,2
26848,2
26849,2
26850,2
26851,0
26852,2
26853,2
26854,2
26855,2
26856,2
26857,2
26858,2
26859,2
26860,0
26861,2
26862,0
26863,2
26864,2
26865,2
26866,0
26867,2
26868,1
26869,0
26870,2
26871,2
26872,2
26873,1
26874,0
26875,2
26876,0
26877,2
26878,0
26879,2
26880,0
26881,2
26882,2
26883,0
26884,0
26885,2
26886,0
26887,2
26888,1
26889,0
26890,2
26891,1
26892,1
26893,2
26894,2
26895,2
26896,2
26897,2
26898,2
26899,2
26900,2
26901,0
26902,2
26903,2
26904,2
26905,0
26906,0
26907,0
26908,0
26909,2
26910,0
26911,2
26912,0
26913,2
26914,2
26915,2
26916,2
26917,2
26918,1
26919,2
26920,2
26921,0
26922,0
26923,2
26924,0
26925,0
26926,0
26927,0
26928,2
26929,2
26930,0
26931,2
26932,2
26933,0
26934,0
26935,1
26936,2
26937,0
26938,2
26939,2
26940,0
26941,1
26942,2
26943,2
26944,2
26945,1
26946,0
26947,2
26948,2
26949,2
26950,1
26951,2
26952,2
26953,1
26954,2
26955,2
26956,2
26957,0
26958,0
26959,2
26960,0
26961,0
26962,2
26963,2
26964,0
26965,2
26966,2
26967,2
26968,2
26969,2
26970,2
26971,2
26972,2
26973,0
26974,0
26975,2
26976,2
26977,2
26978,0
26979,2
26980,2
26981,2
26982,0
26983,0
26984,2
26985,1
26986,2
26987,2
26988,2
26989,2
26990,2
26991,2
26992,2
26993,2
26994,2
26995,2
26996,2
26997,2
26998,0
26999,2
27000,2
27001,0
27002,2
27003,2
27004,2
27005,2
27006,2
27007,2
27008,2
27009,2
27010,2
27011,2
27012,2
27013,0
27014,2
27015,1
27016,0
27017,0
27018,2
27019,2
27020,2
27021,2
27022,2
27023,1
27024,2
27025,0
27026,2
27027,2
27028,2
27029,2
27030,2
27031,1
27032,1
27033,2
27034,2
27035,1
27036,2
27037,1
27038,2
27039,2
27040,2
27041,2
27042,2
27043,2
27044,2
27045,2
27046,2
27047,2
27048,2
27049,2
27050,0
27051,2
27052,2
27053,2
27054,2
27055,2
27056,2
27057,2
27058,2
27059,2
27060,2
27061,2
27062,2
27063,1
27064,2
27065,2
27066,2
27067,2
27068,2
27069,2
27070,0
27071,2
27072,2
27073,2
27074,2
27075,0
27076,2
27077,2
27078,2
27079,2
27080,0
27081,2
27082,0
27083,2
27084,2
27085,0
27086,2
27087,0
27088,2
27089,2
27090,2
27091,2
27092,2
27093,2
27094,0
27095,0
27096,2
27097,0
27098,2
27099,2
27100,2
27101,2
27102,1
27103,2
27104,2
27105,2
27106,2
27107,2
27108,0
27109,2
27110,2
27111,2
27112,2
27113,0
27114,2
27115,2
27116,2
27117,2
27118,1
27119,2
27120,2
27121,0
27122,2
27123,0
27124,2
27125,2
27126,2
27127,2
27128,2
27129,1
27130,0
27131,2
27132,2
27133,0
27134,2
27135,2
27136,2
27137,2
27138,0
27139,1
27140,0
27141,1
27142,1
27143,2
27144,2
27145,0
27146,0
27147,0
27148,2
27149,0
27150,2
27151,2
27152,2
27153,2
27154,2
27155,2
27156,2
27157,2
27158,2
27159,2
27160,2
27161,2
27162,2
27163,2
27164,2
27165,2
27166,0
27167,2
27168,2
27169,2
27170,2
27171,0
27172,0
27173,2
27174,2
27175,2
27176,0
27177,2
27178,2
27179,2
27180,2
27181,2
27182,2
27183,2
27184,0
27185,2
27186,2
27187,2
27188,2
27189,0
27190,2
27191,1
27192,2
27193,2
27194,2
27195,0
27196,2
27197,2
27198,2
27199,2
27200,2
27201,2
27202,2
27203,0
27204,2
27205,2
27206,0
27207,2
27208,0
27209,2
27210,2
27211,2
27212,2
27213,2
27214,2
27215,2
27216,2
27217,0
27218,2
27219,2
27220,0
27221,2
27222,1
27223,2
27224,2
27225,2
27226,0
27227,2
27228,0
27229,2
27230,2
27231,0
27232,2
27233,2
27234,2
27235,2
27236,2
27237,0
27238,2
27239,2
27240,2
27241,2
27242,2
27243,2
27244,2
27245,2
27246,2
27247,2
27248,0
27249,0
27250,2
27251,0
27252,0
27253,2
27254,2
27255,2
27256,0
27257,2
27258,0
27259,1
27260,2
27261,2
27262,2
27263,2
27264,1
27265,1
27266,2
27267,2
27268,2
27269,0
27270,1
27271,2
27272,0
27273,2
27274,2
27275,2
27276,2
27277,2
27278,2
27279,2
27280,2
27281,0
27282,2
27283,2
27284,0
27285,2
27286,1
27287,2
27288,0
27289,1
27290,2
27291,2
27292,2
27293,2
27294,2
27295,2
27296,2
27297,2
27298,2
27299,2
27300,0
27301,0
27302,2
27303,1
27304,0
27305,2
27306,0
27307,2
27308,2
27309,2
27310,0
27311,2
27312,2
27313,2
27314,1
27315,2
27316,2
27317,2
27318,2
27319,2
27320,1
27321,0
27322,2
27323,2
27324,2
27325,0
27326,2
27327,0
27328,2
27329,0
27330,2
27331,2
27332,2
27333,0
27334,0
27335,0
27336,2
27337,2
27338,0
27339,2
27340,0
27341,2
27342,0
27343,2
27344,2
27345,0
27346,2
27347,2
27348,2
27349,2
27350,2
27351,2
27352,2
27353,2
27354,0
27355,2
27356,2
27357,1
27358,2
27359,2
27360,2
27361,1
27362,2
27363,2
27364,2
27365,2
27366,2
27367,2
27368,2
27369,2
27370,0
27371,2
27372,2
27373,2
27374,2
27375,2
27376,2
27377,2
27378,0
27379,1
27380,2
27381,2
27382,2
27383,2
27384,0
27385,0
27386,0
27387,0
27388,2
27389,2
27390,0
27391,2
27392,2
27393,0
27394,2
27395,2
27396,2
27397,2
27398,2
27399,2
27400,2
27401,2
27402,2
27403,2
27404,2
27405,0
27406,2
27407,2
27408,2
27409,2
27410,2
27411,1
27412,2
27413,2
27414,2
27415,0
27416,2
27417,0
27418,2
27419,2
27420,2
27421,2
27422,2
27423,0
27424,2
27425,0
27426,2
27427,2
27428,2
27429,2
27430,2
27431,2
27432,1
27433,2
27434,2
27435,2
27436,0
27437,2
27438,0
27439,0
27440,0
27441,1
27442,2
27443,2
27444,2
27445,0
27446,2
27447,2
27448,2
27449,2
27450,2
27451,2
27452,0
27453,1
27454,2
27455,2
27456,2
27457,2
27458,2
27459,0
27460,2
27461,2
27462,2
27463,1
27464,2
27465,2
27466,2
27467,0
27468,1
27469,2
27470,0
27471,2
27472,0
27473,2
27474,2
27475,0
27476,2
27477,0
27478,1
27479,2
27480,2
27481,2
27482,2
27483,2
27484,2
27485,0
27486,0
27487,2
27488,2
27489,2
27490,0
27491,2
27492,0
27493,2
27494,2
27495,2
27496,2
27497,2
27498,2
27499,1
27500,2
27501,2
27502,2
27503,2
27504,2
27505,0
27506,0
27507,0
27508,0
27509,0
27510,2
27511,0
27512,2
27513,2
27514,2
27515,2
27516,2
27517,2
27518,2
27519,1
27520,0
27521,2
27522,2
27523,2
27524,2
27525,2
27526,2
27527,2
27528,0
27529,2
27530,2
27531,2
27532,2
27533,2
27534,2
27535,2
27536,2
27537,2
27538,2
27539,1
27540,2
27541,1
27542,0
27543,2
27544,2
27545,2
27546,0
27547,2
27548,2
27549,0
27550,2
27551,2
27552,0
27553,0
27554,0
27555,2
27556,2
27557,2
27558,1
27559,0
27560,0
27561,2
27562,2
27563,2
27564,0
27565,2
27566,2
27567,2
27568,0
27569,2
27570,1
27571,2
27572,2
27573,1
27574,2
27575,2
27576,0
27577,2
27578,2
27579,2
27580,0
27581,0
27582,2
27583,2
27584,2
27585,2
27586,2
27587,2
27588,2
27589,2
27590,2
27591,0
27592,2
27593,2
27594,2
27595,2
27596,2
27597,2
27598,2
27599,2
27600,2
27601,2
27602,2
27603,2
27604,2
27605,2
27606,2
27607,2
27608,2
27609,2
27610,2
27611,2
27612,2
27613,2
27614,2
27615,0
27616,0
27617,2
27618,2
27619,2
27620,2
27621,2
27622,2
27623,2
27624,0
27625,2
27626,2
27627,2
27628,2
27629,2
27630,2
27631,2
27632,2
27633,2
27634,2
27635,2
27636,2
27637,2
27638,2
27639,2
27640,2
27641,2
27642,2
27643,2
27644,2
27645,0
27646,2
27647,0
27648,2
27649,0
27650,2
27651,2
27652,2
27653,2
27654,2
27655,2
27656,2
27657,2
27658,2
27659,2
27660,2
27661,2
27662,2
27663,2
27664,2
27665,2
27666,2
27667,2
27668,2
27669,0
27670,2
27671,2
27672,2
27673,2
27674,2
27675,2
27676,2
27677,0
27678,2
27679,0
27680,2
27681,2
27682,2
27683,2
27684,2
27685,2
27686,2
27687,2
27688,2
27689,2
27690,2
27691,2
27692,0
27693,2
27694,2
27695,2
27696,2
27697,2
27698,0
27699,2
27700,2
27701,2
27702,2
27703,2
27704,2
27705,2
27706,0
27707,2
27708,0
27709,2
27710,2
27711,2
27712,2
27713,2
27714,2
27715,2
27716,2
27717,0
27718,0
27719,0
27720,2
27721,2
27722,2
27723,2
27724,2
27725,2
27726,2
27727,2
27728,2
27729,2
27730,2
27731,2
27732,2
27733,2
27734,2
27735,2
27736,2
27737,2
27738,2
27739,2
27740,2
27741,2
27742,2
27743,2
27744,2
27745,2
27746,2
27747,2
27748,2
27749,0
27750,2
27751,2
27752,2
27753,2
27754,2
27755,2
27756,2
27757,2
27758,2
27759,2
27760,2
27761,0
27762,2
27763,2
27764,2
27765,2
27766,2
27767,2
27768,2
27769,2
27770,2
27771,2
27772,0
27773,2
27774,2
27775,2
27776,2
27777,2
27778,2
27779,2
27780,2
27781,0
27782,2
27783,2
27784,2
27785,0
27786,0
27787,2
27788,2
27789,2
27790,2
27791,2
27792,2
27793,0
27794,0
27795,2
27796,2
27797,1
27798,2
27799,2
27800,2
27801,2
27802,0
27803,2
27804,2
27805,0
27806,2
27807,2
27808,1
27809,2
27810,2
27811,2
27812,2
27813,2
27814,2
27815,2
27816,2
27817,2
27818,0
27819,1
27820,2
27821,2
27822,2
27823,2
27824,2
27825,1
27826,2
27827,0
27828,0
27829,2
27830,2
27831,2
27832,2
27833,0
27834,0
27835,0
27836,0
27837,2
27838,0
27839,2
27840,0
27841,2
27842,0
27843,2
27844,2
27845,2
27846,2
27847,0
27848,2
27849,0
27850,2
27851,2
27852,2
27853,2
27854,2
27855,2
27856,2
27857,2
27858,2
27859,2
27860,2
27861,2
27862,0
27863,1
27864,2
27865,2
27866,2
27867,2
27868,0
27869,2
27870,0
27871,2
27872,2
27873,2
27874,0
27875,0
27876,2
27877,2
27878,2
27879,2
27880,2
27881,0
27882,0
27883,2
27884,0
27885,2
27886,2
27887,2
27888,2
27889,2
27890,2
27891,0
27892,2
27893,2
27894,0
27895,0
27896,0
27897,2
27898,2
27899,2
27900,0
27901,2
27902,2
27903,2
27904,2
27905,0
27906,2
27907,2
27908,0
27909,2
27910,2
27911,1
27912,2
27913,0
27914,2
27915,2
27916,2
27917,2
27918,2
27919,2
27920,2
27921,2
27922,0
27923,2
27924,0
27925,2
27926,2
27927,2
27928,2
27929,2
27930,2
27931,2
27932,2
27933,2
27934,0
27935,2
27936,2
27937,2
27938,2
27939,0
27940,2
27941,2
27942,2
27943,2
27944,2
27945,2
27946,2
27947,2
27948,2
27949,2
27950,2
27951,0
27952,2
27953,2
27954,2
27955,0
27956,2
27957,2
27958,2
27959,2
27960,2
27961,2
27962,2
27963,0
27964,2
27965,0
27966,2
27967,2
27968,2
27969,2
27970,0
27971,2
27972,2
27973,2
27974,2
27975,0
27976,2
27977,0
27978,2
27979,2
27980,2
27981,2
27982,2
27983,0
27984,2
27985,2
27986,0
27987,2
27988,2
27989,2
27990,2
27991,0
27992,2
27993,0
27994,2
27995,0
27996,2
27997,2
27998,2
27999,1
28000,2
28001,2
28002,0
28003,2
28004,1
28005,2
28006,0
28007,2
28008,2
28009,2
28010,2
28011,1
28012,2
28013,2
28014,2
28015,2
28016,2
28017,2
28018,2
28019,2
28020,2
28021,2
28022,2
28023,0
28024,0
28025,1
28026,2
28027,0
28028,2
28029,2
28030,2
28031,2
28032,2
28033,2
28034,0
28035,2
28036,1
28037,0
28038,0
28039,0
28040,0
28041,2
28042,0
28043,2
28044,2
28045,0
28046,2
28047,2
28048,2
28049,2
28050,2
28051,0
28052,2
28053,2
28054,0
28055,2
28056,2
28057,2
28058,2
28059,2
28060,0
28061,2
28062,2
28063,2
28064,2
28065,0
28066,0
28067,1
28068,2
28069,0
28070,0
28071,0
28072,2
28073,2
28074,2
28075,2
28076,2
28077,2
28078,2
28079,2
28080,2
28081,2
28082,2
28083,0
28084,2
28085,0
28086,2
28087,2
28088,2
28089,2
28090,0
28091,0
28092,2
28093,0
28094,0
28095,2
28096,2
28097,2
28098,0
28099,2
28100,0
28101,2
28102,0
28103,2
28104,2
28105,2
28106,2
28107,2
28108,2
28109,2
28110,2
28111,2
28112,2
28113,1
28114,0
28115,0
28116,0
28117,2
28118,2
28119,1
28120,2
28121,0
28122,2
28123,2
28124,2
28125,2
28126,2
28127,2
28128,2
28129,2
28130,2
28131,2
28132,2
28133,2
28134,2
28135,0
28136,2
28137,2
28138,1
28139,2
28140,2
28141,2
28142,0
28143,1
28144,1
28145,2
28146,0
28147,2
28148,2
28149,2
28150,2
28151,2
28152,0
28153,2
28154,0
28155,0
28156,2
28157,0
28158,0
28159,0
28160,1
28161,2
28162,1
28163,2
28164,2
28165,0
28166,2
28167,2
28168,2
28169,0
28170,2
28171,2
28172,0
28173,2
28174,2
28175,2
28176,2
28177,2
28178,2
28179,2
28180,0
28181,2
28182,2
28183,2
28184,2
28185,0
28186,0
28187,2
28188,2
28189,2
28190,2
28191,2
28192,2
28193,2
28194,2
28195,2
28196,2
28197,2
28198,2
28199,2
28200,2
28201,1
28202,2
28203,2
28204,2
28205,2
28206,2
28207,2
28208,2
28209,0
28210,2
28211,2
28212,2
28213,0
28214,1
28215,2
28216,2
28217,0
28218,0
28219,2
28220,2
28221,2
28222,2
28223,2
28224,2
28225,2
28226,0
28227,2
28228,2
28229,2
28230,1
28231,2
28232,2
28233,1
28234,2
28235,1
28236,2
28237,0
28238,2
28239,2
28240,2
28241,2
28242,0
28243,2
28244,0
28245,0
28246,0
28247,2
28248,2
28249,2
28250,2
28251,2
28252,2
28253,2
28254,2
28255,2
28256,2
28257,1
28258,2
28259,2
28260,2
28261,0
28262,2
28263,2
28264,2
28265,2
28266,2
28267,2
28268,2
28269,2
28270,2
28271,2
28272,2
28273,2
28274,2
28275,0
28276,2
28277,0
28278,0
28279,1
28280,2
28281,2
28282,2
28283,2
28284,2
28285,0
28286,2
28287,2
28288,2
28289,2
28290,2
28291,2
28292,0
28293,0
28294,0
28295,0
28296,2
28297,2
28298,2
28299,2
28300,2
28301,2
28302,2
28303,0
28304,2
28305,0
28306,2
28307,2
28308,2
28309,2
28310,2
28311,2
28312,0
28313,0
28314,2
28315,2
28316,2
28317,2
28318,2
28319,2
28320,2
28321,2
28322,2
28323,2
28324,0
28325,2
28326,0
28327,2
28328,2
28329,2
28330,0
28331,2
28332,2
28333,0
28334,2
28335,2
28336,2
28337,2
28338,2
28339,2
28340,2
28341,2
28342,2
28343,2
28344,2
28345,2
28346,1
28347,2
28348,2
28349,0
28350,0
28351,0
28352,2
28353,2
28354,2
28355,2
28356,0
28357,0
28358,2
28359,2
28360,2
28361,2
28362,2
28363,2
28364,2
28365,2
28366,2
28367,2
28368,2
28369,2
28370,2
28371,2
28372,2
28373,2
28374,2
28375,0
28376,0
28377,2
28378,0
28379,0
28380,2
28381,2
28382,0
28383,2
28384,2
28385,2
28386,2
28387,2
28388,2
28389,0
28390,2
28391,0
28392,2
28393,2
28394,0
28395,2
28396,0
28397,2
28398,2
28399,2
28400,2
28401,2
28402,2
28403,2
28404,2
28405,2
28406,1
28407,2
28408,2
28409,0
28410,2
28411,2
28412,2
28413,0
28414,0
28415,2
28416,0
28417,2
28418,2
28419,2
28420,2
28421,2
28422,2
28423,2
28424,2
28425,0
28426,0
28427,2
28428,2
28429,0
28430,2
28431,1
28432,2
28433,0
28434,2
28435,2
28436,2
28437,2
28438,2
28439,2
28440,2
28441,0
28442,0
28443,2
28444,2
28445,2
28446,2
28447,2
28448,2
28449,2
28450,2
28451,0
28452,0
28453,2
28454,0
28455,2
28456,2
28457,2
28458,2
28459,0
28460,2
28461,2
28462,0
28463,2
28464,2
28465,2
28466,2
28467,2
28468,2
28469,2
28470,2
28471,2
28472,0
28473,2
28474,2
28475,2
28476,2
28477,2
28478,0
28479,2
28480,1
28481,2
28482,0
28483,2
28484,2
28485,2
28486,2
28487,2
28488,2
28489,2
28490,2
28491,2
28492,2
28493,2
28494,2
28495,2
28496,2
28497,1
28498,2
28499,2
28500,2
28501,2
28502,2
28503,0
28504,0
28505,2
28506,2
28507,2
28508,0
28509,2
28510,0
28511,1
28512,1
28513,2
28514,2
28515,2
28516,0
28517,1
28518,2
28519,2
28520,2
28521,2
28522,0
28523,2
28524,0
28525,2
28526,0
28527,2
28528,2
28529,0
28530,2
28531,2
28532,0
28533,2
28534,2
28535,2
28536,0
28537,2
28538,0
28539,2
28540,2
28541,0
28542,2
28543,2
28544,0
28545,0
28546,2
28547,2
28548,2
28549,2
28550,0
28551,2
28552,2
28553,2
28554,2
28555,2
28556,2
28557,2
28558,2
28559,2
28560,2
28561,2
28562,0
28563,2
28564,2
28565,2
28566,2
28567,0
28568,2
28569,2
28570,2
28571,2
28572,2
28573,2
28574,2
28575,2
28576,2
28577,0
28578,2
28579,0
28580,2
28581,2
28582,2
28583,2
28584,2
28585,2
28586,0
28587,2
28588,2
28589,2
28590,2
28591,2
28592,2
28593,2
28594,2
28595,2
28596,1
28597,2
28598,2
28599,0
28600,2
28601,2
28602,2
28603,2
28604,2
28605,2
28606,2
28607,2
28608,2
28609,0
28610,2
28611,2
28612,2
28613,2
28614,2
28615,2
28616,0
28617,2
28618,0
28619,2
28620,2
28621,2
28622,2
28623,2
28624,0
28625,1
28626,2
28627,2
28628,2
28629,0
28630,1
28631,2
28632,2
28633,0
28634,2
28635,2
28636,0
28637,2
28638,2
28639,0
28640,0
28641,2
28642,2
28643,2
28644,0
28645,0
28646,0
28647,2
28648,2
28649,0
28650,2
28651,2
28652,2
28653,2
28654,0
28655,2
28656,2
28657,0
28658,2
28659,1
28660,2
28661,2
28662,2
28663,2
28664,2
28665,2
28666,2
28667,2
28668,2
28669,2
28670,2
28671,1
28672,0
28673,2
28674,0
28675,2
28676,2
28677,2
28678,0
28679,2
28680,0
28681,2
28682,2
28683,2
28684,1
28685,2
28686,0
28687,0
28688,2
28689,2
28690,2
28691,2
28692,0
28693,2
28694,2
28695,2
28696,0
28697,2
28698,0
28699,2
28700,2
28701,0
28702,0
28703,2
28704,2
28705,2
28706,2
28707,2
28708,0
28709,1
28710,2
28711,2
28712,2
28713,0
28714,2
28715,2
28716,0
28717,1
28718,2
28719,2
28720,1
28721,2
28722,0
28723,0
28724,2
28725,2
28726,2
28727,2
28728,2
28729,2
28730,2
28731,0
28732,2
28733,2
28734,2
28735,2
28736,0
28737,0
28738,2
28739,2
28740,2
28741,2
28742,2
28743,0
28744,1
28745,0
28746,2
28747,2
28748,2
28749,0
28750,2
28751,1
28752,1
28753,0
28754,2
28755,2
28756,2
28757,0
28758,0
28759,2
28760,2
28761,0
28762,2
28763,2
28764,2
28765,2
28766,0
28767,2
28768,2
28769,0
28770,2
28771,2
28772,2
28773,2
28774,2
28775,2
28776,2
28777,2
28778,0
28779,2
28780,2
28781,1
28782,2
28783,2
28784,2
28785,0
28786,2
28787,2
28788,2
28789,2
28790,2
28791,2
28792,2
28793,2
28794,2
28795,2
28796,2
28797,2
28798,2
28799,2
28800,2
28801,2
28802,2
28803,2
28804,1
28805,2
28806,1
28807,2
28808,2
28809,2
28810,2
28811,0
28812,2
28813,2
28814,2
28815,2
28816,0
28817,2
28818,2
28819,2
28820,2
28821,2
28822,2
28823,0
28824,2
28825,2
28826,2
28827,0
28828,2
28829,2
28830,0
28831,2
28832,0
28833,1
28834,2
28835,1
28836,2
28837,1
28838,0
28839,2
28840,2
28841,2
28842,2
28843,2
28844,2
28845,2
28846,2
28847,1
28848,2
28849,2
28850,2
28851,2
28852,2
28853,2
28854,2
28855,0
28856,0
28857,2
28858,0
28859,0
28860,2
28861,2
28862,0
28863,2
28864,2
28865,2
28866,2
28867,2
28868,2
28869,2
28870,2
28871,2
28872,2
28873,2
28874,0
28875,2
28876,2
28877,2
28878,0
28879,2
28880,1
28881,2
28882,2
28883,2
28884,2
28885,2
28886,2
28887,2
28888,2
28889,2
28890,2
28891,2
28892,2
28893,2
28894,2
28895,2
28896,2
28897,2
28898,2
28899,2
28900,2
28901,0
28902,0
28903,2
28904,0
28905,2
28906,2
28907,2
28908,2
28909,2
28910,0
28911,1
28912,2
28913,1
28914,2
28915,2
28916,2
28917,2
28918,2
28919,2
28920,2
28921,2
28922,0
28923,2
28924,2
28925,0
28926,2
28927,2
28928,0
28929,2
28930,0
28931,2
28932,0
28933,2
28934,2
28935,2
28936,2
28937,2
28938,2
28939,2
28940,2
28941,2
28942,2
28943,0
28944,2
28945,2
28946,2
28947,0
28948,0
28949,2
28950,2
28951,0
28952,2
28953,2
28954,2
28955,2
28956,0
28957,2
28958,2
28959,0
28960,2
28961,0
28962,2
28963,2
28964,0
28965,2
28966,1
28967,2
28968,2
28969,2
28970,2
28971,2
28972,2
28973,2
28974,2
28975,2
28976,0
28977,2
28978,2
28979,2
28980,2
28981,2
28982,2
28983,0
28984,2
28985,2
28986,2
28987,2
28988,1
28989,2
28990,2
28991,2
28992,0
28993,2
28994,1
28995,2
28996,2
28997,2
28998,2
28999,2
29000,0
29001,2
29002,2
29003,2
29004,1
29005,0
29006,2
29007,2
29008,0
29009,0
29010,2
29011,1
29012,1
29013,0
29014,2
29015,2
29016,0
29017,2
29018,2
29019,2
29020,2
29021,1
29022,2
29023,2
29024,0
29025,2
29026,0
29027,2
29028,2
29029,0
29030,0
29031,1
29032,2
29033,2
29034,2
29035,2
29036,2
29037,2
29038,2
29039,2
29040,2
29041,2
29042,1
29043,2
29044,2
29045,2
29046,1
29047,2
29048,2
29049,2
29050,2
29051,0
29052,2
29053,2
29054,2
29055,2
29056,0
29057,2
29058,0
29059,2
29060,2
29061,1
29062,2
29063,2
29064,1
29065,0
29066,2
29067,2
29068,0
29069,2
29070,2
29071,2
29072,2
29073,0
29074,1
29075,2
29076,1
29077,2
29078,2
29079,2
29080,2
29081,2
29082,0
29083,2
29084,2
29085,2
29086,2
29087,2
29088,2
29089,2
29090,2
29091,2
29092,2
29093,1
29094,0
29095,2
29096,0
29097,2
29098,0
29099,2
29100,2
29101,2
29102,2
29103,2
29104,2
29105,1
29106,2
29107,2
29108,2
29109,2
29110,2
29111,2
29112,2
29113,2
29114,2
29115,2
29116,2
29117,2
29118,0
29119,2
29120,2
29121,2
29122,0
29123,0
29124,2
29125,2
29126,2
29127,2
29128,0
29129,2
29130,2
29131,0
29132,2
29133,2
29134,2
29135,2
29136,0
29137,2
29138,1
29139,2
29140,0
29141,0
29142,0
29143,2
29144,2
29145,2
29146,0
29147,2
29148,2
29149,2
29150,2
29151,1
29152,2
29153,0
29154,2
29155,2
29156,2
29157,2
29158,2
29159,2
29160,0
29161,2
29162,2
29163,2
29164,2
29165,2
29166,2
29167,2
29168,2
29169,0
29170,2
29171,2
29172,1
29173,2
29174,2
29175,2
29176,2
29177,2
29178,0
29179,2
29180,2
29181,0
29182,0
29183,2
29184,2
29185,2
29186,2
29187,2
29188,0
29189,2
29190,2
29191,2
29192,2
29193,2
29194,2
29195,2
29196,2
29197,2
29198,2
29199,2
29200,2
29201,2
29202,2
29203,2
29204,0
29205,2
29206,2
29207,2
29208,2
29209,2
29210,2
29211,2
29212,2
29213,2
29214,2
29215,2
29216,2
29217,2
29218,2
29219,2
29220,2
29221,2
29222,2
29223,2
29224,2
29225,2
29226,2
29227,2
29228,2
29229,2
29230,2
29231,2
29232,2
29233,2
29234,2
29235,2
29236,2
29237,2
29238,2
29239,2
29240,2
29241,2
29242,2
29243,2
29244,2
29245,2
29246,2
29247,2
29248,2
29249,2
29250,2
29251,2
29252,2
29253,2
29254,2
29255,2
29256,2
29257,2
29258,2
29259,2
29260,2
29261,2
29262,2
29263,2
29264,2
29265,2
29266,2
29267,2
29268,2
29269,2
29270,2
29271,2
29272,2
29273,2
29274,2
29275,0
29276,2
29277,2
29278,0
29279,2
29280,2
29281,0
29282,2
29283,2
29284,0
29285,2
29286,0
29287,2
29288,2
29289,2
29290,2
29291,2
29292,0
29293,2
29294,2
29295,2
29296,0
29297,2
29298,2
29299,2
29300,2
29301,0
29302,2
29303,0
29304,2
29305,2
29306,2
29307,2
29308,2
29309,2
29310,0
29311,2
29312,2
29313,0
29314,2
29315,2
29316,2
29317,2
29318,2
29319,0
29320,2
29321,0
29322,2
29323,2
29324,0
29325,2
29326,2
29327,2
29328,2
29329,2
29330,2
29331,2
29332,2
29333,2
29334,2
29335,2
29336,2
29337,2
29338,2
29339,2
29340,2
29341,2
29342,2
29343,2
29344,0
29345,2
29346,2
29347,2
29348,2
29349,2
29350,2
29351,2
29352,2
29353,2
29354,1
29355,2
29356,2
29357,2
29358,2
29359,2
29360,2
29361,2
29362,2
29363,0
29364,2
29365,2
29366,2
29367,2
29368,2
29369,2
29370,0
29371,0
29372,2
29373,0
29374,0
29375,2
29376,2
29377,2
29378,0
29379,2
29380,2
29381,2
29382,2
29383,1
29384,2
29385,0
29386,2
29387,2
29388,2
29389,2
29390,2
29391,2
29392,2
29393,0
29394,2
29395,1
29396,2
29397,0
29398,2
29399,2
29400,2
29401,0
29402,2
29403,2
29404,2
29405,2
29406,0
29407,2
29408,2
29409,2
29410,2
29411,2
29412,2
29413,2
29414,0
29415,0
29416,2
29417,2
29418,2
29419,2
29420,0
29421,2
29422,2
29423,2
29424,0
29425,0
29426,2
29427,2
29428,2
29429,2
29430,2
29431,2
29432,2
29433,2
29434,0
29435,2
29436,2
29437,2
29438,2
29439,2
29440,2
29441,2
29442,1
29443,0
29444,2
29445,2
29446,2
29447,2
29448,2
29449,2
29450,2
29451,2
29452,2
29453,2
29454,2
29455,2
29456,2
29457,2
29458,0
29459,2
29460,2
29461,2
29462,2
29463,0
29464,2
29465,2
29466,0
29467,2
29468,2
29469,2
29470,0
29471,2
29472,2
29473,0
29474,2
29475,0
29476,2
29477,1
29478,2
29479,2
29480,0
29481,2
29482,2
29483,2
29484,2
29485,2
29486,2
29487,0
29488,2
29489,0
29490,2
29491,2
29492,2
29493,2
29494,2
29495,0
29496,2
29497,2
29498,0
29499,2
29500,2
29501,2
29502,2
29503,2
29504,2
29505,2
29506,2
29507,0
29508,2
29509,2
29510,0
29511,2
29512,2
29513,2
29514,2
29515,0
29516,2
29517,2
29518,0
29519,0
29520,2
29521,2
29522,2
29523,2
29524,2
29525,2
29526,2
29527,2
29528,2
29529,2
29530,2
29531,2
29532,2
29533,2
29534,2
29535,0
29536,2
29537,2
29538,2
29539,0
29540,2
29541,2
29542,2
29543,1
29544,2
29545,2
29546,2
29547,2
29548,1
29549,0
29550,2
29551,2
29552,2
29553,0
29554,2
29555,2
29556,2
29557,0
29558,2
29559,2
29560,2
29561,2
29562,2
29563,0
29564,2
29565,2
29566,2
29567,2
29568,2
29569,2
29570,0
29571,0
29572,1
29573,2
29574,0
29575,2
29576,2
29577,0
29578,2
29579,2
29580,2
29581,0
29582,2
29583,2
29584,2
29585,2
29586,2
29587,0
29588,2
29589,0
29590,2
29591,0
29592,2
29593,2
29594,2
29595,2
29596,2
29597,2
29598,0
29599,0
29600,2
29601,2
29602,2
29603,2
29604,2
29605,2
29606,1
29607,2
29608,2
29609,2
29610,2
29611,2
29612,2
29613,2
29614,1
29615,2
29616,2
29617,2
29618,2
29619,0
29620,2
29621,2
29622,2
29623,2
29624,2
29625,2
29626,2
29627,2
29628,0
29629,0
29630,2
29631,2
29632,2
29633,2
29634,2
29635,2
29636,2
29637,2
29638,2
29639,1
29640,2
29641,2
29642,1
29643,0
29644,2
29645,2
29646,0
29647,2
29648,2
29649,2
29650,1
29651,1
29652,2
29653,0
29654,2
29655,2
29656,2
29657,1
29658,2
29659,2
29660,2
29661,2
29662,0
29663,2
29664,2
29665,2
29666,2
29667,0
29668,2
29669,2
29670,2
29671,1
29672,2
29673,2
29674,0
29675,0
29676,2
29677,2
29678,2
29679,2
29680,0
29681,2
29682,2
29683,2
29684,2
29685,2
29686,2
29687,2
29688,2
29689,0
29690,2
29691,2
29692,2
29693,0
29694,0
29695,2
29696,1
29697,2
29698,2
29699,2
29700,2
29701,2
29702,2
29703,0
29704,2
29705,2
29706,2
29707,0
29708,2
29709,2
29710,2
29711,2
29712,2
29713,0
29714,2
29715,2
29716,2
29717,2
29718,2
29719,0
29720,2
29721,2
29722,1
29723,0
29724,0
29725,2
29726,2
29727,2
29728,2
29729,2
29730,2
29731,2
29732,2
29733,2
29734,2
29735,2
29736,2
29737,2
29738,0
29739,1
29740,0
29741,2
29742,2
29743,0
29744,2
29745,2
29746,2
29747,2
29748,0
29749,0
29750,2
29751,2
29752,2
29753,2
29754,2
29755,2
29756,2
29757,2
29758,2
29759,2
29760,2
29761,2
29762,2
29763,0
29764,0
29765,2
29766,2
29767,2
29768,1
29769,2
29770,2
29771,2
29772,2
29773,1
29774,0
29775,2
29776,2
29777,1
29778,0
29779,1
29780,2
29781,2
29782,0
29783,2
29784,2
29785,2
29786,2
29787,2
29788,2
29789,2
29790,1
29791,2
29792,2
29793,2
29794,2
29795,2
29796,2
29797,2
29798,0
29799,1
29800,2
29801,0
29802,0
29803,2
29804,2
29805,2
29806,2
29807,1
29808,2
29809,2
29810,2
29811,2
29812,2
29813,0
29814,2
29815,2
29816,2
29817,0
29818,2
29819,2
29820,2
29821,1
29822,0
29823,2
29824,2
29825,2
29826,2
29827,0
29828,0
29829,2
29830,0
29831,2
29832,0
29833,2
29834,2
29835,2
29836,2
29837,2
29838,1
29839,0
29840,0
29841,1
29842,0
29843,2
29844,2
29845,2
29846,2
29847,0
29848,2
29849,0
29850,2
29851,2
29852,2
29853,2
29854,2
29855,2
29856,2
29857,2
29858,2
29859,2
29860,2
29861,0
29862,2
29863,2
29864,0
29865,0
29866,2
29867,1
29868,1
29869,0
29870,2
29871,2
29872,1
29873,1
29874,2
29875,0
29876,0
29877,2
29878,2
29879,0
29880,2
29881,0
29882,1
29883,2
29884,1
29885,1
29886,2
29887,0
29888,2
29889,0
29890,0
29891,2
29892,2
29893,2
29894,2
29895,2
29896,2
29897,0
29898,0
29899,2
29900,0
29901,2
29902,2
29903,0
29904,0
29905,2
29906,2
29907,0
29908,0
29909,2
29910,2
29911,2
29912,2
29913,2
29914,2
29915,2
29916,2
29917,2
29918,2
29919,0
29920,2
29921,2
29922,1
29923,2
29924,2
29925,2
29926,2
29927,2
29928,0
29929,2
29930,2
29931,2
29932,2
29933,0
29934,2
29935,2
29936,2
29937,0
29938,2
29939,2
29940,2
29941,2
29942,2
29943,2
29944,2
29945,2
29946,2
29947,2
29948,2
29949,2
29950,2
29951,2
29952,0
29953,2
29954,2
29955,2
29956,2
29957,2
29958,0
29959,2
29960,2
29961,2
29962,2
29963,2
29964,1
29965,2
29966,0
29967,2
29968,2
29969,2
29970,0
29971,0
29972,0
29973,0
29974,2
29975,2
29976,2
29977,2
29978,0
29979,1
29980,2
29981,2
29982,2
29983,2
29984,2
29985,2
29986,2
29987,2
29988,0
29989,1
29990,2
29991,0
29992,2
29993,2
29994,2
29995,0
29996,0
29997,2
29998,2
29999,0
30000,2
