AGE,INCTOT
57,89200
17,7900
51,30000
47,10000
40,3300
43,6000
27,24500
42,14100
21,3940
52,26000
50,29000
49,52000
25,17000
45,1200
40,27100
37,2000
30,26300
71,13500
81,39000
78,6000
53,9900
48,5900
55,36000
43,11000
56,7600
17,4900
23,16800
85,5600
61,10300
58,15000
39,5900
34,54010
40,17700
16,400
74,10800
35,30000
56,32000
22,13700
40,15600
43,1200
36,8200
42,78000
17,1800
19,2000
65,12000
61,14400
44,170
52,6000
27,3000
19,700
20,60
25,12700
33,80200
41,10000
15,400
52,14000
28,4000
24,12000
70,6900
34,5900
30,23000
40,17000
41,500
45,29400
24,9000
50,50000
79,15700
46,30000
18,8100
34,36370
15,4000
25,900
24,6000
48,5000
30,29500
26,15800
22,18000
24,37300
44,7600
41,43800
17,3600
54,30700
36,20000
52,3500
59,45400
83,7000
37,50000
37,21900
80,1100
66,8600
64,7700
41,7700
37,12000
15,410
53,11000
39,27100
17,1000
35,2500
52,500
23,18000
60,3600
23,11850
46,11200
21,3900
43,9000
33,12500
73,7900
75,3400
73,32300
72,7000
64,12200
37,2600
68,12300
71,13000
35,4700
49,12300
37,3400
17,630
33,3800
36,60000
21,2500
60,15800
37,18000
37,28500
17,360
61,92710
69,6300
46,6300
48,20000
46,40100
17,640
44,1300
17,2400
37,2500
70,62100
68,4700
25,8000
42,15600
38,29000
16,1600
70,10700
63,4900
46,21400
22,24000
69,10200
32,6300
36,5300
17,700
64,6500
51,81000
44,18000
27,1000
30,1400
79,6300
68,6000
27,3700
24,8000
20,4800
69,12700
69,7200
26,19500
22,4000
65,10800
56,7900
71,26200
39,3200
32,35000
45,15000
39,6000
31,27300
31,24300
57,6700
44,58030
44,23000
18,2000
38,22800
33,6400
48,32000
47,20000
19,2500
65,10070
45,34000
45,51000
71,26790
69,9590
41,32000
46,33000
44,33000
21,7000
42,2900
41,66000
41,15000
16,2300
74,8400
70,5900
57,73600
52,42000
46,41000
45,8000
16,1800
31,9000
30,15000
68,9700
89,4600
85,10100
48,2900
26,22000
56,640
64,400
38,46000
83,5200
48,15000
47,22000
47,25000
24,5000
29,15000
59,38000
50,23550
35,8000
59,28000
50,10000
52,9700
49,30800
66,4800
72,4500
47,4600
50,29900
41,8700
18,6000
30,30000
28,14600
25,4500
35,13600
56,45000
37,16300
34,10100
63,26700
72,18500
75,36160
22,1200
20,5000
41,39400
43,15600
53,19000
51,67200
54,30400
51,4800
17,1100
43,18000
43,14000
43,20100
28,18800
62,55000
40,11200
28,22000
19,16000
19,5000
27,10000
55,7300
44,40000
19,6500
17,2000
74,6100
26,16000
87,14800
58,44000
58,24000
93,9000
60,31200
59,17000
71,16000
74,45900
45,17100
51,4700
26,2000
42,20000
75,67050
66,43610
49,25010
67,48400
62,2700
39,12500
61,8600
87,7900
16,2600
15,2600
21,2600
23,2600
38,100000
61,24390
59,65000
59,23800
53,6100
41,3600
24,2000
23,5000
29,29000
55,70000
53,4000
57,4800
42,26004
41,25000
34,36000
47,23000
64,9000
52,400
40,42000
36,1600
65,22000
63,3800
42,3000
39,3600
20,12000
19,9600
60,9500
65,23800
62,1100
25,26000
29,5600
71,36000
55,24000
49,16300
43,3300
19,3000
86,5200
22,11000
26,10000
39,16000
50,17100
21,9000
19,600
47,32500
28,7200
56,37500
52,34000
58,3800
45,8900
58,6100
38,14000
50,6000
61,10000
50,19200
37,16600
16,230
56,38480
53,6800
49,9600
37,32200
25,1400
61,19800
30,5000
21,1400
57,4200
72,6300
27,1200
36,11000
72,29400
72,3700
57,34000
84,12600
55,1840
41,16500
37,16800
51,22000
51,25000
50,24000
33,5600
32,10600
29,4900
56,35000
29,12500
46,18000
38,17210
56,10730
59,1600
65,30100
27,12000
25,9000
51,6000
27,4860
80,37000
78,7500
81,13200
50,30000
30,46800
39,55000
43,57000
41,23600
50,40300
47,38000
53,34000
28,20850
45,18000
17,900
76,1400
61,24000
36,35400
34,9200
18,3100
15,250
27,50000
25,11000
25,12000
48,27300
66,7600
48,36000
46,42000
43,25000
37,26000
28,11200
34,29000
24,32000
19,5600
40,14600
39,37200
64,9400
66,5800
28,26000
51,24000
60,9700
29,5000
33,50000
88,3400
88,2900
42,3400
30,13000
33,8000
29,14000
22,1000
42,40000
38,1000
15,1730
22,750
53,1200
52,30200
71,4500
68,45500
66,6450
39,5400
35,32000
15,790
33,1200
35,40000
44,35000
64,5200
22,5400
20,12800
65,5300
84,20000
70,25000
83,3600
59,8100
44,14000
23,2500
17,5500
63,11700
67,5700
41,5900
19,6000
29,23100
29,20800
47,3230
48,430
36,560
30,17500
27,1700
74,12900
68,21900
54,17000
51,15000
58,12750
40,12000
29,16000
64,6200
69,5700
34,5800
54,830
22,28200
64,32000
36,18200
51,3300
22,6000
45,20000
49,24000
58,70000
48,22000
44,2200
60,61700
60,9000
58,55600
53,25000
62,12800
57,12500
52,24430
46,8430
47,28000
25,3300
20,16700
24,10000
24,11400
42,27000
28,10600
60,6100
68,14800
26,9400
43,3800
40,35600
38,5500
79,12600
52,35000
64,9660
67,9000
73,4900
27,36000
66,6500
33,14000
51,4000
66,10000
31,21000
25,5450
55,20000
47,1500
40,4400
27,9290
16,1700
69,9500
51,29800
56,50600
56,34000
28,3600
22,12000
77,43000
78,5250
42,6100
40,360
15,190
38,60000
51,29010
43,27000
48,19000
60,2200
18,1100
40,59100
24,2100
37,5400
47,24900
18,3500
16,5240
15,40
45,27000
64,7000
37,38600
34,2000
48,103360
45,30000
40,27500
36,36000
63,6000
45,12000
36,24000
35,1100
35,42000
16,500
42,26200
38,11000
18,2400
18,3000
22,5100
51,43000
67,12600
74,3600
33,4800
75,25500
66,8100
18,5230
53,12700
24,6400
34,15800
52,19400
68,24100
68,8400
22,20000
19,1300
34,40000
32,22000
44,41000
67,11600
47,7200
65,10500
55,75000
42,45000
18,4000
48,34080
34,32000
37,9000
37,10400
23,12500
39,200
39,29000
36,10200
58,4800
59,8600
42,39000
76,9000
46,40000
34,1100
34,10800
42,25000
40,10300
76,7700
42,1000
33,6700
61,22800
19,3300
15,1000
37,17000
33,6000
68,30800
60,32500
72,37500
69,23900
35,18000
66,27000
60,37100
45,15100
66,11900
64,490
34,2800
44,11000
38,12200
16,1900
49,48000
40,20000
65,8600
44,9500
34,14000
30,3000
64,25400
57,22900
43,61000
42,34000
50,13000
51,19200
21,22200
89,15600
71,28800
49,39010
51,17010
23,22000
22,8400
31,1500
34,19500
54,55000
56,55000
74,12500
50,46000
35,29000
31,1700
40,16000
40,510
41,36400
65,16300
43,27250
55,19100
42,8500
69,8800
38,1400
19,2700
37,55000
18,1600
21,40000
24,4600
46,36000
24,19000
25,3000
55,16400
69,26580
64,10400
34,750
36,15800
69,22000
32,25000
25,15000
40,15000
18,4100
44,5000
57,59000
33,35000
33,11600
42,14000
36,13000
53,12000
46,6600
53,15000
25,24000
25,10600
46,17000
46,21000
55,36800
43,84000
43,5000
50,63500
48,20400
22,20800
38,5800
25,27800
34,75000
35,12800
38,4400
36,1200
43,15000
73,24000
69,6000
45,5000
45,49300
21,2300
19,2300
18,1400
38,35020
19,304
17,254
53,36000
48,2000
41,14800
46,3000
21,13000
26,1700
62,4900
37,30100
19,10000
33,18000
46,49500
35,38200
37,23000
62,500
39,28000
58,25300
71,20000
78,12000
72,5000
30,12200
38,6000
71,13600
69,32200
70,24100
52,8900
17,200
65,7600
57,19000
45,19000
63,5500
25,2500
58,24500
36,18000
39,26000
32,34500
31,17100
27,16500
78,3200
77,6300
41,6000
30,33700
58,29400
64,36110
61,36000
63,12000
29,8000
26,5200
35,28000
39,42000
39,9800
59,18000
35,10700
49,4000
22,15000
20,16000
16,2500
32,9900
30,14000
30,19000
38,30000
75,7400
27,26000
48,22400
27,5000
23,2400
60,7000
48,26900
44,12500
29,33800
36,40000
56,6300
72,8300
40,60000
33,32000
53,39200
48,30000
24,19640
24,18000
40,33000
23,1100
23,7200
59,10600
48,38000
61,3300
58,12100
25,2400
23,2100
53,20000
29,600
28,5000
53,10400
32,100
40,13000
27,28000
27,27000
59,2400
53,6900
43,69000
24,30000
86,26200
42,19000
42,12600
59,5100
54,120
24,16500
25,36000
62,1000
68,12100
59,4800
20,18000
21,18000
19,17500
35,430
79,12350
68,4850
48,1200
55,9000
54,90000
47,9400
27,500
23,6200
52,37000
73,11100
71,3400
52,10600
51,16300
84,12300
39,4200
29,20000
40,11000
34,30700
31,4000
29,24000
34,7200
23,4700
20,1900
46,28000
16,4800
29,3200
46,34000
48,3200
30,2300
29,16200
29,23000
58,13900
68,26960
49,7300
29,22000
30,8800
42,9500
44,21000
26,8700
52,15000
54,13500
19,7100
63,27010
29,13000
78,5200
44,33900
70,12000
18,3800
62,80000
76,28670
43,37000
35,22740
34,5240
62,5300
56,57000
55,21000
24,5300
51,900
28,300
55,6100
65,1800
20,3000
19,4800
16,9600
51,38000
65,39100
17,9200
19,11000
81,4200
32,95400
32,46000
55,11300
39,35000
35,5000
54,35000
93,9750
30,1000
52,26220
18,4900
29,30500
41,30160
17,500
54,13300
57,13300
82,7500
63,28400
70,11800
51,13500
40,26000
43,52000
39,14400
34,6100
32,19000
28,19000
34,31000
41,36000
63,24600
42,16500
36,39400
63,92000
47,101210
77,6400
37,48500
36,21000
16,900
67,51120
69,15100
27,52000
23,10000
19,8000
36,25000
44,31000
50,14600
42,2000
47,5500
49,8700
15,6100
19,2600
30,22000
19,1600
57,65000
41,85000
61,47000
56,33600
25,25800
25,27000
58,75000
24,1800
68,32000
41,31000
43,10600
34,49300
23,40000
25,5100
54,29000
45,22800
49,68500
42,4700
23,23500
58,7900
67,3600
71,3700
45,26800
27,12600
24,1590
74,6600
72,5500
17,3000
42,30000
35,9400
39,5000
65,43500
63,49100
78,15200
32,34000
67,40000
27,34000
27,24000
40,28000
77,52800
51,32000
42,17500
18,2500
50,10100
40,47900
31,6000
75,73240
74,20100
74,21850
76,5200
39,25430
37,47690
51,5000
21,20000
24,1000
51,65000
36,50000
43,29200
17,950
83,2900
59,15000
67,30000
18,2700
39,62500
51,21000
32,26700
27,12500
67,19300
39,21100
36,28000
67,5630
72,14200
66,6000
46,39800
47,49200
53,37000
53,40400
24,20200
80,3200
42,42000
16,3600
38,19000
41,22000
49,19000
64,14000
39,23000
61,20000
18,4500
72,10950
74,4750
39,5300
20,9600
33,28000
57,33840
41,12000
18,840
42,62000
48,7000
17,1300
55,47200
38,9600
55,7130
55,4800
27,6100
26,5000
70,8400
60,32900
43,22600
69,24200
60,24000
76,7100
45,600
62,7000
81,12500
73,6530
39,19500
16,6500
60,35050
58,6000
69,11900
50,1500
78,6250
63,2400
29,35500
48,25200
15,600
73,7400
66,3850
40,21410
44,2500
89,8700
84,6000
30,26400
26,9600
61,22000
66,500
57,72200
53,8000
17,3010
44,46000
35,6000
70,10900
33,3000
30,8200
24,27000
25,5500
62,30000
61,12000
52,60000
48,32500
59,42400
55,8500
34,28500
22,10300
60,5400
41,23000
78,39900
72,5600
65,16800
70,34700
38,1700
35,28700
45,63100
56,11500
60,5300
70,15600
40,5000
31,18200
70,12800
37,16000
35,45000
31,10800
33,20000
67,9100
71,15000
22,1700
22,7320
46,12000
28,15000
66,6300
67,16500
31,20500
33,26000
42,87600
41,3200
44,38260
45,7300
18,3130
58,32000
41,20000
48,4880
50,280
64,39400
70,6400
58,2000
37,81000
38,5000
56,9770
68,15000
69,3850
53,24300
75,9500
51,42700
33,24000
71,25830
46,15000
52,55000
47,1000
19,3500
64,9300
62,9100
80,11000
56,200
28,17000
54,37600
59,3400
51,17000
45,27600
42,39300
65,10300
20,28500
29,26500
31,33000
61,6000
61,4500
52,49000
44,8900
23,14000
52,4000
58,1260
25,5900
19,800
37,9700
51,12000
79,10600
25,13000
34,41000
70,6500
66,5600
36,5100
40,22000
52,31900
46,60000
42,4000
15,800
76,12600
27,14000
27,19000
49,21000
77,9600
76,22900
76,44500
68,3500
46,58000
54,13000
47,9000
44,36000
40,21100
16,1100
57,73000
24,17000
23,11000
34,26000
35,4500
46,26000
89,10400
56,2300
18,20000
16,920
22,30000
57,70000
73,9000
65,4500
40,38000
40,1400
17,4000
73,6400
41,38000
21,17000
70,5400
68,6100
32,50800
34,29500
49,28000
73,38200
42,60000
40,6500
36,30000
41,50000
30,6000
27,3600
16,950
53,2000
29,7000
27,7400
33,10000
24,9400
52,1500
45,16000
29,26000
33,21700
67,19900
66,17800
59,12000
78,22000
77,10100
76,7500
28,28000
63,18000
62,10000
61,44000
22,10000
23,4000
62,32600
42,8200
34,14500
28,29000
53,37300
50,14800
58,90
58,5900
49,43300
32,36000
68,9600
48,6000
56,50000
37,40000
50,12000
33,23400
71,10900
30,5270
44,29000
25,10000
76,1800
84,14400
38,24500
15,3900
44,4100
33,5000
32,68000
62,24000
41,20500
36,25800
42,8800
39,21300
71,11900
75,4700
50,5900
49,5900
58,6500
56,1100
72,6000
35,14000
36,29100
33,9200
31,10000
32,3400
40,1000
56,12000
72,42900
63,20000
45,31000
47,27900
19,3730
47,36000
46,8000
74,16900
81,13300
35,44500
57,14800
71,6000
52,12000
77,4000
45,8800
48,65180
39,33000
38,24000
38,40000
47,46000
42,16000
64,7400
89,5800
36,420
15,2500
25,8600
28,23000
51,49000
39,8000
42,17000
29,5900
58,40000
43,28600
82,41600
88,12320
28,20000
52,16000
58,18800
38,42000
36,22000
19,390
29,4800
16,3000
63,30000
62,40000
40,100
15,4600
44,15400
74,17000
75,19780
66,7200
16,2410
60,26500
65,5700
68,5700
24,34000
23,12800
37,5300
38,12740
63,30900
45,8100
27,55000
20,3500
62,48000
30,55600
33,29000
68,58500
70,23000
21,50000
25,10800
28,12000
32,5000
46,23490
52,6500
55,6500
30,25000
60,42000
59,2500
64,26000
64,6100
38,21800
16,5600
43,74500
19,14000
53,15600
24,140
55,22500
93,4100
52,3000
60,89000
49,12800
39,20000
18,10000
19,17800
16,14000
26,8000
26,16840
18,880
30,20000
51,3600
52,28700
47,56000
28,34000
25,5600
47,20690
21,10500
41,11000
45,21000
41,12600
45,90000
50,75000
51,70000
44,26000
22,11200
39,11460
60,1200
80,6200
61,240
35,16000
38,14600
43,10400
42,4100
25,1200
25,40000
68,12750
67,87000
45,11600
19,4700
15,7700
29,11600
28,3300
49,5700
45,14900
57,40000
54,20000
82,11000
47,50000
45,7000
16,2000
26,24000
42,11200
45,35700
37,52000
36,9000
20,14500
45,770
41,18000
71,2800
26,5600
16,9400
52,7200
73,33300
22,23000
23,23000
58,24800
69,28900
66,5400
64,15600
36,14000
34,33000
58,47500
60,25000
26,7000
20,1100
44,15000
24,11700
20,10000
47,32000
81,9000
76,11900
43,32020
45,38000
41,27000
47,41000
38,20100
37,14000
39,22000
19,36800
82,42500
52,40
55,6000
21,6100
37,19000
80,18900
70,9600
55,92000
51,37600
87,12300
62,48800
58,20
24,22010
24,20000
66,32500
62,2100
55,28500
65,4400
67,56000
42,9000
58,56600
54,9600
70,14700
62,29750
66,11400
62,8000
80,13200
86,24700
89,18500
45,35000
23,6000
18,13700
45,43000
34,22000
58,35600
56,19000
46,37000
38,10000
62,19000
37,29400
37,23300
65,30600
57,32000
55,8000
22,8500
24,16800
50,24900
46,19200
25,15600
20,3300
22,24300
59,6100
27,18000
70,29000
59,25000
51,1600
28,3000
48,58000
41,110
69,41400
69,10400
56,22000
83,5100
57,3400
51,68000
51,42000
59,10000
30,3800
17,820
72,2500
50,7000
53,9580
32,62000
29,17200
34,18000
58,3010
41,180
22,300
20,200
17,40
52,21300
35,6200
29,6400
82,7100
67,6330
55,15100
33,10800
70,52200
26,13000
28,9000
37,11000
33,21000
42,6000
16,600
25,22000
53,41000
49,10000
66,7000
34,23300
93,18700
38,16000
17,4300
16,690
53,71000
26,26000
21,11000
25,1700
62,440
48,33300
63,4480
62,510
57,19900
48,8000
50,80000
47,96360
18,2800
76,14400
61,13500
62,8800
46,8400
19,630
47,12000
69,50400
60,26400
30,22900
72,21100
73,8000
63,5000
28,8000
53,40000
49,29100
47,82000
43,74000
50,54000
44,45000
38,72900
17,600
38,35000
18,1000
47,6000
22,3400
24,6300
40,14000
36,400
33,15800
36,21500
52,8100
49,33000
70,21700
68,7800
45,35400
84,24100
32,1300
50,5000
27,2300
29,6000
43,56000
47,29000
78,5100
25,47500
33,33000
61,52000
66,1000
58,1500
49,22000
27,66800
66,11700
39,4100
71,27400
68,38800
74,4170
77,42500
44,12550
63,12500
62,7200
64,60100
56,20000
31,12000
24,16000
53,10500
29,9400
31,21900
80,43600
78,5600
49,43000
59,24000
20,2500
37,13000
47,11400
20,4860
30,2800
52,40100
52,10000
17,80
40,16200
37,17700
18,1800
20,15000
33,53000
52,68000
63,37000
50,750
27,25010
58,36600
29,4700
23,560
49,2600
28,24000
31,24000
20,520
16,1500
18,6400
32,41000
29,27500
67,18100
29,8100
57,12000
46,19600
26,1500
20,300
93,6100
55,5400
60,35300
58,15200
45,37000
69,39000
67,19200
52,50000
56,28000
66,4000
60,56700
37,34500
89,5600
43,4000
40,13600
59,39000
40,40000
21,7100
27,4710
55,12100
53,12600
30,5740
44,6100
66,6200
33,34000
29,40000
34,7000
64,14300
66,12400
63,6100
43,39200
45,25000
26,14000
24,4400
47,43800
45,3000
25,23400
72,20500
68,4600
63,17400
30,52000
88,900
42,19200
32,14500
75,49700
71,52490
17,6000
93,6400
57,1500
54,1500
52,51000
40,7000
20,5050
16,3200
36,6000
68,5900
46,1000
33,17500
68,10200
73,17200
78,6500
44,17900
61,70000
61,50000
49,25000
51,19600
46,13000
20,5500
22,700
23,19000
54,83000
44,27000
57,32900
35,9000
34,23000
50,15100
15,6000
66,39900
24,30900
42,28000
38,18000
20,4000
39,19200
47,40000
80,9100
54,34000
93,21500
72,15550
66,11550
35,12000
40,45000
51,50000
49,12000
30,17000
73,8700
47,8000
34,14400
61,4600
60,4600
24,1500
42,31400
41,4700
75,21600
27,31500
74,9500
51,6100
33,5900
72,6400
51,35000
35,20000
16,8000
40,41600
36,2900
63,60000
62,43940
18,970
17,7500
26,70000
50,33600
35,15000
79,20400
44,55000
46,24000
22,3000
67,1300
77,6900
29,20200
56,6100
33,2000
38,7000
50,4600
68,24200
61,30000
36,19000
32,2400
70,5200
38,7800
74,14900
76,10000
63,6800
63,3000
54,16000
52,24000
55,6300
46,65000
45,17000
34,5700
29,12200
34,1400
26,37000
73,10800
54,56300
54,19700
70,250
69,350
50,8000
16,800
30,6100
37,2100
29,20100
44,27200
44,67200
44,8200
47,710
30,9600
43,26600
40,14500
32,16500
53,33000
36,23000
59,79000
41,1000
38,17000
18,8500
60,14000
46,1900
25,19200
26,9000
46,10500
51,12900
39,23500
34,20000
41,40000
40,30000
39,30000
35,1000
46,16000
16,28030
53,50000
25,35000
22,1800
61,17700
54,6100
59,54000
78,6400
37,400
87,57700
72,20400
61,9900
51,40100
60,2500
52,22200
41,5000
16,5000
57,30000
52,48000
34,8400
33,7200
82,6800
70,34100
66,35300
68,7700
30,25550
38,13000
71,10200
45,65000
55,33000
29,12000
75,5200
42,6200
64,20000
27,1500
41,2900
40,22300
25,2000
47,26000
45,20700
31,78000
29,35100
88,22000
85,5100
47,27000
28,2900
25,300
27,21900
36,12200
52,10500
69,15700
56,14000
51,13200
53,5900
77,18000
66,8500
52,2050
76,69900
22,12100
35,54000
36,8600
53,49400
51,11300
27,11000
26,20730
26,30500
78,17600
43,28000
25,6000
53,45050
45,300
42,16600
21,5900
43,5900
33,30000
49,15000
31,13000
41,35000
64,60500
43,23700
46,3500
83,19800
60,54800
58,6600
62,18100
44,48000
67,47900
56,83000
38,27000
37,7000
38,23000
31,45000
28,2500
57,58000
27,20000
56,1200
57,1600
87,10800
69,10600
49,32000
41,16000
22,2100
54,23900
69,30400
65,10250
59,31000
25,48000
27,20200
22,14000
23,9000
59,40800
46,11900
17,1400
44,2000
65,8500
41,14000
22,21000
16,200
42,22020
18,7010
35,11300
51,52130
48,4000
16,30
59,38600
32,16000
32,4200
49,21800
68,28800
57,36100
84,70500
58,3600
57,7200
25,7200
27,2500
64,11800
35,25900
24,15600
74,4200
24,12650
30,10000
75,53800
40,9300
59,31740
58,104640
36,45000
86,15600
33,1500
55,13800
48,22500
47,24500
42,50000
43,12700
66,4500
37,4500
43,370
48,9130
28,4400
68,35000
39,20100
16,1000
40,1500
76,7200
60,36000
54,40000
27,21050
81,5000
72,14900
39,37000
18,1500
16,4000
67,6100
61,6100
44,20000
42,18000
80,18300
24,2990
70,4900
34,35000
56,16300
64,5800
52,11100
32,24000
23,3300
79,4300
63,10810
30,38000
71,5300
30,55000
63,34000
33,14500
27,12800
84,3940
48,800
48,34300
49,20200
49,24100
32,10000
37,8000
39,67000
35,19010
21,3700
19,5800
59,1900
43,54000
40,2100
47,35100
19,1000
20,400
19,170
28,16000
48,63350
46,16600
45,30400
46,35300
66,17300
50,42000
34,10000
46,49800
30,60000
60,48000
41,13000
43,30000
21,7500
78,36600
21,5500
93,2400
63,10800
30,1600
73,14310
23,30000
83,22600
31,30000
28,21000
56,24000
79,18880
79,790
61,64600
45,1000
69,14000
74,8000
65,2600
39,7200
24,10100
22,19500
56,44300
60,7600
44,61000
46,20000
58,49000
55,14000
58,14000
62,27000
32,13000
54,6000
20,10500
87,14260
30,5300
27,10100
21,7200
79,23800
68,5800
32,2100
33,4100
44,4000
45,47600
42,3100
36,15000
72,10600
45,11700
69,35000
35,68000
93,5000
45,25600
60,7100
27,4000
43,4900
53,64800
45,5300
21,21000
33,12000
32,13300
55,9600
16,1400
72,14540
45,23000
84,34100
80,2200
55,77090
25,16000
45,18810
37,700
40,44300
17,1200
71,25500
72,13200
61,4800
53,48500
52,77500
33,22900
25,32000
62,1300
45,6500
58,53000
31,50500
82,37200
39,9000
28,21100
28,8800
40,7800
38,54004
82,10000
64,9800
48,14000
37,31400
68,5100
37,21500
43,4600
39,12000
43,15100
44,53000
19,3700
54,8000
45,15900
44,6000
52,41000
27,19500
60,12100
58,40430
55,29800
68,19900
60,19200
42,12000
73,14400
64,12000
49,44000
50,45000
46,17200
23,24000
42,22000
51,28000
49,18000
48,19200
48,3800
62,13800
68,3800
31,3000
67,6700
22,18890
19,5900
39,54400
57,60440
45,5800
76,12160
62,35800
58,23300
43,20830
21,3330
64,8700
27,6000
27,30000
76,43800
84,5800
40,18100
37,32600
19,6700
77,15000
31,51000
30,450
65,8000
42,6600
75,17400
51,59000
34,2900
44,28000
59,59070
63,12100
46,5000
50,840
28,32000
24,4500
20,4200
36,24500
39,350
16,6100
47,2000
24,1200
20,8200
67,3480
48,21000
48,25000
40,35000
64,62900
61,45700
28,2800
40,23000
17,5800
45,8500
60,1630
63,35500
27,5100
39,12200
44,2400
39,33200
35,42120
30,23070
50,1100
47,5940
63,54540
75,6800
69,1200
29,6320
22,390
47,5200
44,2100
23,1500
21,640
15,2100
50,38000
45,38170
58,48100
35,14400
48,23000
28,2450
23,4910
93,6200
32,11600
22,10400
26,5310
26,800
49,31200
48,24000
19,1200
84,8800
76,3700
81,7000
34,13200
37,25050
47,54000
21,300
38,2800
27,21000
62,43000
74,21000
58,17300
63,2100
42,3500
29,9000
71,10600
68,13600
63,92340
65,36900
55,62200
49,50000
74,42600
75,19500
39,69200
46,23600
17,2200
83,13800
48,16200
44,16000
37,24900
44,33030
58,65000
55,1600
50,36000
29,8600
44,15100
38,74000
43,52300
24,11000
73,19300
69,31440
61,4200
51,45500
52,2000
36,40040
30,27000
38,13800
54,36000
23,13000
20,9000
21,2100
46,53900
48,4900
21,11500
17,510
49,60000
22,13000
54,30000
43,35000
81,9600
58,2100
69,6100
29,6100
35,21800
88,5400
67,19700
73,4130
72,55300
67,31800
70,9300
70,17800
62,3600
30,5400
40,10100
40,70000
44,12000
33,15400
31,600
38,13200
50,28000
80,50100
64,15000
40,29400
38,17400
21,1200
66,23000
38,39050
17,650
69,11300
69,8000
43,3400
78,19400
45,13500
84,67000
82,5600
30,18000
31,2400
29,2900
40,16300
60,30000
42,12200
41,65000
39,25000
21,65200
65,12600
57,10000
20,7000
17,17000
50,19000
35,43000
63,33100
54,30100
36,7500
44,32700
38,19040
19,1100
18,1130
17,1700
83,6400
43,1500
39,6800
70,51120
72,10250
61,21000
62,39800
41,23300
74,13400
34,37000
33,5700
40,10000
76,9100
76,35600
76,37460
59,9330
23,4180
59,19000
67,31000
44,30000
70,9330
76,13900
73,18000
73,6000
26,18000
20,3100
47,9900
63,410
66,17700
79,3840
63,15600
27,400
50,33000
39,36000
17,5300
15,5200
51,36000
48,760
17,70
43,13000
30,50000
71,23600
68,6200
56,90000
89,1004
82,22100
81,20100
38,50000
52,180
34,6200
31,3100
76,13200
52,83000
48,10600
53,3200
57,7080
22,64000
18,4600
67,4660
65,6400
86,13500
86,5900
60,8400
69,18880
73,24100
44,3200
35,23000
42,3200
52,20800
66,5300
42,11000
81,9160
51,64270
49,19100
27,16000
55,15000
51,11000
65,17200
77,5150
67,27020
68,36400
78,15300
71,3800
93,6320
87,9100
75,4600
56,2400
75,12900
81,7200
85,6400
49,440
52,40000
51,10300
18,500
57,9000
38,36000
53,3000
53,55000
48,45000
35,19000
37,170
43,200
65,34600
38,12100
17,5000
20,1500
33,19000
36,590
21,15000
24,1700
24,5600
62,25000
56,42000
29,11200
54,8780
66,6100
77,3300
22,2000
31,39000
28,1500
42,23000
76,18140
69,5200
86,4100
73,10600
33,3200
45,10400
45,29000
21,19900
20,19000
82,4500
71,6100
31,170
41,6100
46,32000
28,9500
79,17000
35,15400
76,4100
77,4200
57,2300
29,4000
28,4100
50,25900
44,8000
28,25000
30,32000
75,26600
76,2600
31,28700
48,44000
42,6500
43,6100
28,60000
37,5000
43,48500
36,55000
39,21000
62,2400
30,39500
43,31800
17,880
78,2600
35,1200
38,44000
35,17000
65,40300
57,77030
21,16920
34,76000
59,9800
21,34360
55,2100
47,33200
21,780
72,10000
28,13200
45,2000
45,40000
32,1400
51,6400
27,4200
21,1500
53,26000
35,7120
32,3800
68,14300
43,11700
72,3600
29,6800
64,40230
60,12000
65,10000
38,1500
50,2600
46,31840
18,2070
16,670
15,590
85,24100
74,4600
75,500
35,26100
33,8200
50,4300
78,6300
53,9500
64,17000
37,6000
43,41200
17,300
52,17100
49,39000
75,1200
45,13800
32,23000
48,68800
47,45000
66,17100
34,29200
39,11000
30,2500
38,4600
15,650
43,43400
33,160
48,28180
64,40700
54,17300
43,30240
16,3500
58,15100
34,19000
73,4000
71,4000
15,1600
57,22440
54,52000
53,34700
55,4300
57,44000
55,6200
31,2990
39,2600
57,37100
50,35100
82,4800
47,8600
33,5550
72,31400
64,30000
67,6000
25,18800
25,17100
64,28910
54,50080
72,8600
66,2900
47,30900
23,27000
16,100
68,31600
70,14100
75,11100
65,11500
53,18900
42,23300
58,68000
51,24200
45,18300
21,8000
22,880
15,280
64,8430
73,9100
41,7000
27,21500
41,29620
80,31200
73,5600
51,27580
48,11700
39,5790
64,100650
58,12300
49,1000
48,9600
77,10900
16,3800
55,13000
31,17000
46,27000
53,84000
41,550
42,800
73,22700
42,2400
36,2400
58,110
17,2300
43,50000
19,8900
83,6000
78,2500
34,29300
48,72000
15,9600
49,34200
46,33200
83,32400
75,20400
16,1200
27,23000
24,25000
26,3000
36,65020
26,4500
49,58000
42,61000
68,5010
32,9800
32,18000
44,25000
33,6200
27,3200
66,5500
78,44400
46,52000
48,14500
19,1400
66,25000
63,11000
28,24200
39,19000
41,920
45,50000
45,11000
69,6900
68,3200
47,7500
63,1900
34,55000
64,32320
39,7000
53,66600
54,42550
63,530
78,21100
89,9800
34,15000
55,7620
57,320
49,40000
46,26800
53,5000
30,45000
71,6400
41,1600
59,48000
53,55010
39,10200
53,35000
52,35850
48,6300
80,11500
77,61400
71,3600
51,9900
27,660
76,6800
31,23400
30,10400
21,53000
19,4000
38,59000
85,6500
19,17000
23,8000
78,5000
32,45600
49,11000
66,11800
18,12000
65,27700
71,2300
18,19800
93,5200
56,80000
69,34600
35,21000
78,24100
76,24100
60,38200
36,3200
76,23900
85,3700
79,2600
19,12800
29,25000
18,1200
48,5400
87,6200
53,13000
20,3600
45,30200
36,16000
41,24800
45,9130
61,34300
59,5600
65,17900
29,10000
31,8800
24,9600
63,38500
58,30000
66,41500
27,15600
54,11400
48,1400
18,4800
40,6000
38,6400
60,41300
58,10200
41,2600
39,3000
24,2700
20,2620
42,91000
46,22000
81,1200
22,8700
23,10300
67,4800
63,150
73,12700
68,3400
15,500
27,930
80,19000
78,3630
45,21800
42,15000
29,2800
50,20000
48,16000
41,46200
83,24000
74,5600
67,15600
63,13200
39,7100
64,24000
64,8000
64,3000
27,18260
67,28900
51,49400
18,8400
69,13500
30,4500
20,5300
37,10200
36,30010
36,72000
48,30800
38,32000
28,11500
28,9600
18,600
54,1000
73,18300
63,4200
56,51000
52,52010
53,24030
67,14900
63,830
56,33000
22,8000
32,31000
56,73160
26,25000
80,6100
61,6830
18,15000
16,4500
57,14500
66,78500
62,20500
58,20000
57,45000
57,25000
56,4150
38,35900
50,3300
40,9000
82,42800
45,67000
63,25000
67,13000
39,14000
54,32700
80,6000
37,7200
33,15000
43,40000
28,19800
42,35000
72,16330
75,11400
84,4100
27,11500
27,31800
23,13400
22,15600
55,3600
28,16400
26,18500
43,42800
59,8200
29,2000
50,40000
28,1100
26,13100
43,54300
18,700
46,19000
46,33500
41,9200
42,7000
39,35100
78,19900
65,11300
59,11700
61,16000
93,12000
89,27300
39,65000
69,12200
42,51000
39,2500
17,400
45,40200
53,21000
60,3800
38,15800
37,1300
32,12000
61,32000
61,28000
31,22000
46,27800
18,10100
18,16000
52,32000
56,15000
46,38000
32,28900
41,46000
20,11400
21,10400
20,13000
30,31000
44,220
16,220
19,190
21,130
66,45100
58,9000
23,6500
21,880
62,8200
31,33800
49,6000
51,20000
55,43300
58,850
75,15800
74,22300
29,2500
64,6370
56,3370
49,66000
48,66000
35,3700
41,1800
57,12600
75,3100
24,6600
64,29000
62,10200
59,27350
55,3550
19,2100
40,28900
34,4600
16,4100
37,25000
32,30000
31,47600
24,4000
43,20300
18,32000
52,61220
34,6320
61,200
56,1980
68,5400
38,4200
68,1700
66,35700
75,8800
54,9000
63,42300
72,15700
72,17000
18,3600
17,5200
93,3800
59,53000
57,13400
36,6100
35,2300
30,500
39,1500
64,69000
64,13600
60,6750
32,9000
33,7000
30,28000
74,24100
74,9000
46,29000
24,31200
72,45700
57,102640
78,33900
82,5860
66,8900
27,10300
47,34000
37,32020
28,18000
39,3700
37,6100
43,3000
51,17500
36,28500
40,19400
25,1000
61,23000
42,24000
86,28000
36,1900
62,33000
43,16000
57,24200
51,16900
20,780
79,1300
77,4400
80,11400
78,4600
64,600
23,300
58,17920
72,28000
71,11500
64,12770
52,4600
40,47600
42,27700
93,4300
45,44000
76,70000
66,14100
63,5200
64,3500
63,8400
45,82000
50,12500
58,17700
73,16000
74,19500
56,22300
66,60100
93,4900
75,4900
36,26000
26,30000
57,53500
53,22000
45,42000
34,400
32,21000
38,33740
49,72000
20,11600
42,36000
61,71000
67,53800
58,11300
40,36400
48,60300
47,4900
78,10000
45,32000
19,4500
22,2300
20,34000
19,15000
24,40000
33,34400
60,53400
59,20600
26,23900
52,30000
50,30500
62,12000
70,2400
82,36800
87,4200
44,26400
75,42800
46,4870
43,39750
17,160
73,4800
77,4300
78,21900
85,11900
47,16300
46,25000
35,35000
24,18800
53,48380
93,8500
84,3600
78,27000
66,10500
70,11200
54,19200
53,14400
41,12300
34,49000
31,7000
30,2400
31,14900
47,14000
40,15800
93,3200
68,32300
35,7100
35,22000
32,12300
46,29900
17,350
51,41000
31,6100
35,3000
58,14800
39,51000
59,14000
93,4800
87,1200
30,9900
46,5800
52,38950
51,16800
46,4900
69,8220
46,39000
16,39000
81,19300
77,4600
16,5500
67,17404
29,41000
48,17080
63,41450
59,21000
38,25000
40,2900
68,7200
68,26400
47,5000
44,18200
41,15100
19,18000
34,6500
67,9600
32,38400
42,36320
36,20
41,33200
24,50000
23,12200
80,8200
71,14600
60,37000
73,5500
66,4600
52,200
39,24000
42,2200
53,4500
43,20000
67,8400
21,10000
71,5500
61,6200
52,23730
38,14100
69,9300
62,360
45,32200
26,23000
30,35600
69,20200
34,5000
41,20900
48,36500
17,2100
55,42100
52,45100
77,22300
40,50
87,26700
69,59520
71,20200
70,10000
63,4600
41,42000
44,44600
36,3500
30,320
34,50000
67,8000
60,800
40,11120
24,9500
62,47900
62,7400
26,15600
27,150
39,2100
34,4300
78,17900
35,10200
55,3300
58,280
53,18200
25,3900
40,21500
89,5700
79,3500
39,50000
39,4000
32,43000
56,73000
56,75000
23,4800
22,16000
36,68000
34,22600
51,28400
46,50000
73,9600
76,4800
47,31000
47,45300
33,11500
25,5400
53,29400
52,9200
59,7400
54,32800
55,39000
56,17100
63,58990
45,17900
39,24030
48,17600
38,28000
44,33120
17,4400
60,350
42,200
29,18000
56,28800
48,40000
49,30000
51,3800
21,8200
40,51000
38,660
64,28100
20,6000
36,7800
25,18000
59,200
19,750
59,20000
69,15500
65,5000
48,51000
40,12200
33,13400
61,9000
34,240
43,62000
39,11500
33,2600
55,17000
68,40500
30,34340
60,6000
67,2100
75,1100
71,2400
40,24200
42,6900
57,14000
46,1300
38,19300
16,990
58,26500
54,18000
44,65000
38,52300
25,8410
53,93100
25,500
44,26800
79,31800
75,8100
25,33200
30,33000
55,10000
56,30000
58,4000
18,6500
19,25000
52,6600
36,32000
77,50900
29,700
44,42000
31,30700
78,2740
54,130
35,33000
42,13500
41,60000
39,9200
16,2100
38,12000
38,10700
32,9600
51,54000
60,87000
56,48100
32,1700
60,16800
33,1400
45,64000
35,24000
80,4500
72,9000
73,6700
21,2200
75,6000
54,39000
49,35000
76,6300
45,3300
64,40500
29,14500
46,75000
39,1800
45,40900
37,3200
38,55000
39,45760
16,2090
51,8400
62,1770
55,42000
22,16300
52,10400
23,7000
58,12600
49,40500
64,17200
20,4700
20,540
69,64100
66,11990
28,35950
34,16600
48,12060
26,25500
76,36500
71,5000
66,1800
70,6000
65,77200
66,100
39,6200
89,6100
62,2000
19,2400
54,50000
50,5700
44,1500
51,280
65,8310
18,5500
53,50150
59,42200
46,20300
16,130
68,7900
73,17000
53,36500
55,32000
34,34000
26,18200
33,3100
59,17400
34,30000
72,24100
66,26600
41,48000
45,55500
68,26000
79,8500
29,28810
53,50600
68,15100
50,14400
32,45030
26,15000
86,13600
89,17100
46,3700
18,250
66,21000
81,8000
62,19800
64,9700
75,4000
54,57000
51,4500
60,21290
50,31000
30,27100
37,27000
33,8500
48,9000
48,3700
24,7400
21,360
17,590
28,4700
71,54930
69,5800
43,26000
20,6500
26,19000
67,50310
65,70200
47,17500
48,43000
19,4200
61,3800
57,5600
39,36600
23,4
40,54000
68,42600
58,52400
26,12000
33,18200
36,49000
47,21000
51,2400
53,38000
86,2000
21,16800
43,12000
59,3000
25,2100
36,30790
39,19440
73,1300
36,10700
31,5000
74,18200
76,6100
48,19600
29,19000
56,27200
74,14380
47,17000
28,53000
26,7400
41,29000
38,26010
58,13000
45,7600
36,4600
75,18280
80,12000
67,23000
51,23800
29,3600
36,17000
74,7600
43,19300
76,7000
34,16350
56,76100
54,25200
65,3800
21,1000
37,4900
34,19800
69,13000
48,6200
46,44000
36,31300
57,39600
47,15000
93,3600
72,12000
80,13400
60,2400
51,43500
31,11000
20,19200
66,4300
47,38500
45,19100
56,47000
63,72000
60,8700
32,6340
56,45230
39,21400
49,27900
34,72060
36,45200
69,23000
48,4800
35,30100
36,4000
48,1300
54,36800
56,36800
21,8300
65,3900
32,2600
60,73000
32,14000
93,9150
68,47340
58,750
52,6100
36,46400
42,19400
26,6000
21,150
19,150
21,3000
19,1800
60,22800
54,22000
62,1400
47,3400
39,9600
34,6000
29,11000
32,3700
40,57000
17,9000
84,13700
89,4900
63,6500
46,49000
43,5800
58,9800
30,6300
49,14020
63,48000
62,60000
55,35000
47,48380
38,16300
45,14000
48,50000
53,12400
55,48000
64,4300
50,25400
56,60000
51,13900
49,21200
52,21000
48,9610
25,21000
33,4900
44,600
43,32000
43,53000
52,18600
81,11550
81,21100
86,11200
49,23000
55,76600
58,16280
65,5200
50,72000
32,60000
61,33000
58,2500
54,1300
44,32000
43,21700
23,5800
47,21500
76,6900
73,390
63,104500
68,9200
73,19000
23,20000
59,40000
20,25000
27,7000
24,10200
51,8640
23,46000
56,41000
71,8400
57,1200
34,10200
77,8900
49,11500
48,3500
50,32000
35,33600
76,6200
38,8700
45,25800
45,6200
30,16100
32,13600
71,10100
46,16700
32,9500
23,11800
47,79000
41,5700
20,6200
44,6700
24,60150
68,98400
60,61550
35,36200
52,64000
46,39500
70,17900
33,14900
25,19500
54,80000
53,2500
39,13800
50,41100
29,1000
32,36400
46,16100
43,24300
60,2000
47,1100
49,22200
21,800
28,11000
54,12200
21,6000
45,26000
42,17700
15,1700
37,71220
66,67000
51,7200
46,9500
29,11400
63,25700
76,6500
36,2600
37,2800
35,11200
16,350
50,37700
84,9600
33,6100
49,39400
39,46900
83,7110
31,13800
63,7800
33,2410
31,15400
23,3700
35,7200
27,9000
29,1100
54,14800
48,6460
49,35400
17,1900
35,27370
31,27000
61,65200
63,44100
67,12000
55,28000
47,3500
80,6400
58,2400
50,6300
50,18000
48,27000
48,73500
45,10500
39,1300
37,300
43,13100
34,21100
33,18700
44,17500
79,14000
70,39300
41,21300
40,6200
38,9400
38,20000
44,22000
55,24100
27,14100
53,11100
17,2600
30,24100
29,24200
42,54030
37,25400
35,800
69,6200
74,12200
62,5100
42,32000
47,15500
41,14200
71,6300
65,11000
30,8000
24,6500
43,21000
45,21040
76,3360
48,2200
48,8100
41,8000
41,12100
19,990
59,6000
32,37600
36,11200
16,210
28,10800
76,24900
55,2900
54,4600
59,5000
41,46600
50,17000
16,560
49,4800
52,15300
52,28300
24,650
26,11000
58,13700
53,7200
43,3200
26,660
22,1500
59,9000
35,15500
32,3600
27,21530
25,730
60,35000
25,7000
21,31000
21,28800
25,8500
63,70000
62,14200
47,30000
41,30000
63,17100
39,2200
57,250
78,28500
39,27000
27,17100
33,61000
55,39300
24,7320
74,21200
67,3000
33,17600
49,75000
59,16920
64,4600
40,5800
28,6100
62,26000
58,33000
40,41050
41,11200
21,680
45,13000
75,16500
21,4300
70,8600
45,13600
27,10500
26,27000
44,24000
20,6100
52,12500
50,42500
26,60000
19,3800
32,3650
55,72000
34,21000
31,19000
46,62000
38,38000
30,4200
63,6200
57,10500
33,45000
45,34500
41,45000
41,25800
16,4700
50,6100
62,14400
50,18500
50,13400
41,19200
63,18820
71,12500
53,10000
37,4800
27,6300
52,11000
77,6600
79,4600
79,8910
71,8910
45,24000
44,55900
31,11500
20,27000
24,15000
33,24900
29,27000
37,26370
37,4100
33,60000
31,32000
54,3500
51,4200
30,7000
35,53000
51,1400
48,5700
71,47500
70,14400
50,9100
36,20500
37,48000
67,22800
70,3500
45,6700
39,35600
20,22000
72,24400
65,27600
69,38200
29,5400
52,38000
41,1700
41,26800
21,24000
41,35600
71,19600
46,16300
82,10700
48,18000
26,11900
57,60000
52,300
63,5700
32,12500
65,11400
32,17000
83,24530
86,6700
59,8500
53,29000
31,2800
41,13200
72,6200
40,8400
42,8400
72,48500
75,19300
45,6000
51,40
48,4870
64,1500
46,89030
62,27200
61,21800
61,10400
37,7100
44,3100
38,4300
15,3800
57,11700
50,28800
45,9000
34,42700
66,15330
62,18900
27,36700
63,1110
75,67000
52,35400
49,2200
24,13700
49,38400
28,7000
25,8300
22,1100
23,13900
18,170
81,24500
55,1500
93,3100
74,10000
75,38000
44,14200
47,24200
58,710
21,5400
19,1970
42,7800
47,23400
39,24100
42,26400
70,8300
26,35300
17,1600
59,23000
74,5300
38,60010
60,18300
82,17000
40,22600
22,9600
18,830
33,23000
44,54000
47,73000
45,22000
59,7300
65,9600
70,1400
75,13500
80,5200
49,36000
16,1810
64,10100
58,2700
27,38000
55,31000
46,4000
50,25300
28,8300
55,440
80,18000
81,22600
81,4300
38,8000
38,22000
44,70000
40,6600
53,61000
51,31300
61,22700
55,40900
39,5500
74,11700
59,49720
25,4700
31,5200
40,20500
15,200
62,200
32,1000
34,1000
61,39000
35,19660
63,6930
78,16490
35,13000
39,19400
49,220
15,220
63,34300
40,18000
37,24000
58,69100
51,37500
36,42000
30,600
36,11300
22,15400
24,12900
93,7600
30,12800
25,5000
40,5300
37,31500
26,42020
50,500
36,12500
37,19200
19,2200
27,15000
57,7700
46,2000
30,2100
37,1100
77,5700
47,14600
54,12000
52,45000
35,29200
40,21000
21,6004
79,10900
75,4100
75,23400
82,5100
51,10000
46,700
49,65000
61,58430
36,39000
35,1500
20,920
17,9900
28,13000
76,33900
72,21000
38,43200
66,28500
50,37400
50,35000
15,5500
47,90000
45,240
40,16500
52,95000
53,70000
22,5000
24,4300
44,13000
61,1000
60,4110
58,17900
33,9360
56,13000
82,3600
23,31000
36,35000
45,57000
64,1400
36,7300
33,26400
34,12600
44,18500
42,55000
19,9360
59,120
58,15500
56,40000
26,22800
50,19900
38,8600
72,7200
50,21500
53,54000
29,4770
27,8400
17,3900
66,31800
25,10100
78,4000
30,16500
31,34000
37,21100
77,4800
67,26200
65,32300
71,40400
31,4300
56,54000
81,9800
75,12800
70,10100
28,11280
43,44400
37,67350
69,26600
77,4900
54,15110
16,4704
44,1400
52,70000
62,19500
55,61000
33,4200
47,56200
44,300
57,23000
46,7400
67,10800
35,5800
42,1300
81,19200
76,8200
54,26700
73,6500
76,12000
51,7700
93,4200
36,30004
30,12000
40,32000
41,1200
30,2600
38,3800
28,6500
81,27200
71,50630
69,8700
48,42700
66,47600
22,3210
47,520
19,7000
78,15700
37,13500
35,7800
93,6300
63,24300
60,4300
24,27400
26,11800
53,24000
69,28300
74,5400
48,18100
77,6200
64,37000
65,24400
68,62800
67,16100
62,15600
84,12400
77,5200
46,48000
43,34000
42,38004
36,9700
79,6000
47,16000
20,1200
40,17200
42,31000
51,51000
56,23000
32,7700
19,9700
46,14400
79,6400
43,6600
29,4200
29,24600
29,28500
32,12700
37,35000
46,6000
28,5900
49,21400
48,27400
70,57100
70,13500
27,30400
61,34220
57,5000
45,32900
53,23500
22,12800
53,11900
83,4500
79,5000
64,24200
61,18000
31,63004
64,10000
54,7000
33,9300
61,4000
82,15230
53,800
18,1300
67,17900
44,6300
33,7170
56,6000
49,46040
60,17700
55,7100
49,8000
32,49000
41,3300
88,15900
77,6420
63,1700
43,49000
37,7800
81,6300
46,2400
49,38000
36,31000
31,4800
39,43000
80,6300
41,2400
37,2200
37,10000
31,48000
34,26700
18,670
35,25000
85,13800
17,320
50,16100
18,680
23,9500
41,41400
60,66000
40,19800
38,1100
53,1000
77,7200
52,14700
20,14000
17,3200
77,6000
69,2000
40,28600
41,26300
39,3880
31,24900
39,12100
58,500
38,29500
78,6200
68,5200
48,13400
61,900
85,7100
41,103040
72,17710
68,12000
23,8504
29,37500
57,18000
42,13000
20,20000
33,55000
35,31000
48,13200
45,14400
48,47000
43,27100
60,12500
85,17600
64,4700
88,14300
38,33000
57,17500
30,24000
34,17100
19,6300
59,13000
36,14700
36,13100
72,17700
42,16300
46,20600
26,2600
34,28000
23,15000
41,12900
50,39000
71,7200
37,10860
39,19100
43,1910
16,90
85,26800
41,28100
53,27700
52,28800
64,2440
46,64000
37,11370
49,2400
77,9700
48,72500
22,18200
19,6600
35,58000
60,10
29,1400
19,690
46,540
58,18000
58,50000
45,4800
50,14300
46,11000
37,31900
36,17700
59,65800
38,54000
74,5000
74,15200
72,2200
63,10600
49,7000
62,280
58,28000
60,14700
53,41400
43,10800
53,14500
45,28000
44,15600
77,12000
44,10000
37,22000
61,41500
61,500
75,20300
36,25300
37,8200
18,410
54,45000
53,45000
87,28000
58,76000
48,50500
60,20000
69,14200
65,5100
37,60000
82,94600
20,8000
45,41000
77,26100
75,30800
67,7400
69,14400
42,4500
47,12800
25,25000
25,3500
20,500
57,41300
50,11000
48,55000
26,8400
58,25000
62,5900
65,23600
70,26200
58,39000
22,8350
55,2700
36,8000
42,33000
41,33000
22,9000
60,36500
57,140
47,33000
32,20000
37,20300
45,1500
78,5400
51,52000
49,600
51,60000
55,15600
55,17700
64,500
36,29000
34,3400
60,26900
21,5000
29,28000
55,16550
28,35500
73,67900
73,30400
32,13500
49,17700
23,80000
20,27400
17,24000
32,12010
56,29300
22,32000
64,30200
49,53300
46,24100
45,44130
36,4900
57,1000
52,5000
48,3280
72,51110
60,34000
58,35700
40,12800
34,18500
50,65000
24,17900
42,52100
39,9300
35,4900
29,32000
58,60000
56,16000
67,31250
53,79000
43,61290
42,19100
15,2800
30,13100
39,860
72,19200
30,42000
84,41000
53,80000
56,68600
64,6000
40,3500
74,17800
33,3600
29,100150
25,38400
50,72250
50,2400
56,32800
20,24000
24,32600
48,81000
66,4400
69,13300
54,42000
83,9300
60,45200
20,6450
51,66000
68,5500
39,53000
82,17700
78,3600
80,12800
78,24200
67,27000
77,13200
69,2800
74,7000
35,26900
57,19880
87,6300
76,30000
56,4400
73,66000
74,29300
53,400
38,51000
50,48300
49,47500
38,21400
46,14600
21,500
22,2400
20,23000
21,23000
21,12000
26,1000
28,2400
27,4500
22,6500
83,16800
37,20000
69,6700
68,4100
48,15400
60,50000
46,26200
39,15400
38,18700
31,38700
47,68000
39,4300
64,23100
67,4300
49,84500
41,5300
25,4200
69,11800
72,7300
54,5600
21,9600
20,13500
59,2100
63,24800
61,5000
47,18000
45,63000
44,4900
58,8700
60,77000
62,4200
77,5300
83,2280
45,42900
40,74000
39,17000
19,3200
28,33900
68,33400
64,15200
29,3500
19,1500
39,76000
32,44550
33,1600
37,26020
35,39000
63,5900
47,2100
85,6000
57,17000
71,8300
52,13500
72,14700
59,4620
86,25300
77,17600
33,21500
50,64030
39,12030
55,68410
47,32700
44,13400
35,10000
31,15000
33,9030
67,22400
60,28800
66,39300
70,51100
24,740
25,1600
45,45000
61,6600
76,42000
46,86000
84,49500
82,38800
51,55200
49,38980
38,7200
47,78000
61,44300
55,50000
27,604
64,5500
62,4250
53,62050
53,10690
60,28500
60,11000
43,22800
37,30000
51,89270
43,43800
41,52000
47,12400
23,3100
59,42000
55,6800
16,190
67,23900
48,9500
19,900
65,35800
72,10500
46,37900
63,13300
48,60000
44,34000
53,56460
52,21960
26,3200
41,50300
47,62010
24,7000
33,32500
52,27300
33,14300
64,40000
42,10000
34,3070
38,47700
28,6000
73,6300
30,16000
27,36400
41,19600
44,55380
61,83000
48,15880
48,4500
28,44500
86,24100
44,90000
44,9000
28,17400
51,33430
50,15000
18,5000
49,18800
65,21850
41,18500
59,26400
26,12500
54,41510
58,24050
66,21200
64,66100
23,9200
41,64000
50,13700
43,96400
28,10000
57,21000
67,26400
42,11100
70,9400
23,3800
26,30100
26,24030
47,22600
36,27500
16,1250
15,750
48,26000
16,300
82,27000
88,17020
29,50000
60,16300
50,14000
47,2580
45,10000
55,27400
45,23700
67,4200
62,3000
72,1700
67,13500
64,28500
62,25600
30,35000
53,32000
43,45000
42,68280
36,26600
35,18100
55,63000
46,42900
70,7000
69,2700
47,6100
38,50100
62,50000
53,17000
49,10400
85,36200
38,4000
26,42000
63,32000
73,22710
19,250
27,980
87,20000
41,40600
60,11400
57,4100
46,360
49,102800
52,8800
24,43000
71,2600
51,37100
39,900
40,75500
38,32600
42,54000
40,28100
26,28400
25,18600
36,48900
72,18200
38,22100
58,22000
59,1400
32,29960
61,75500
53,16110
37,3100
31,16600
50,6200
50,2800
78,6100
48,34000
59,58000
43,39100
40,3800
41,24000
41,880
58,104000
47,35600
33,36000
24,1300
42,26000
26,20000
41,28000
18,320
48,68000
48,21500
52,25000
22,40000
22,14100
19,500
62,16200
49,29400
61,29000
58,88000
28,26600
41,8500
62,30900
48,520
22,50
15,1470
77,73600
55,55000
36,26500
40,8000
41,27400
30,38500
68,12200
39,39000
19,8400
36,27000
68,11100
71,9700
63,47100
63,9300
57,62250
38,55300
57,95700
65,70000
57,3730
50,31800
48,2400
17,3300
16,3400
27,17000
49,17600
22,1300
27,45600
26,35200
79,8400
73,12000
59,36000
41,20600
21,16100
25,34700
46,53000
56,37000
55,11580
23,1000
64,7900
67,50390
75,5500
40,24000
16,2400
66,10400
60,8000
58,17000
33,69300
30,4300
63,6700
33,23500
23,10200
22,5900
28,13300
66,44700
75,6500
67,27500
64,3600
59,55000
82,13600
57,29100
32,45000
29,26800
38,2000
68,48000
69,12000
25,6600
60,57000
28,42000
60,28210
57,20
50,94000
19,1220
54,36450
22,12300
40,35150
25,3700
49,25340
45,90100
45,70160
37,36500
51,46000
50,44000
69,46100
46,12300
73,25900
70,8000
31,14800
32,7000
44,43500
64,17430
25,20800
77,11900
57,74000
62,87000
41,40800
48,40700
70,16600
47,39000
46,12500
45,2300
44,82000
61,42000
29,1200
32,4000
39,12700
40,16800
19,13000
20,9500
25,20200
34,24000
42,1500
48,35000
37,25300
31,35000
32,16800
31,2070
34,42020
31,33900
28,14000
26,13810
70,17600
42,43200
40,41500
21,550
57,19300
51,67100
70,4700
57,6900
46,51150
44,26700
34,45000
19,5400
38,15000
33,9000
85,4300
65,2000
74,95600
26,21900
26,4000
38,8500
48,49000
40,31000
56,3400
25,1800
29,30000
77,13300
47,2400
34,9000
16,760
41,19000
61,11800
39,15000
55,16000
93,15040
17,3020
32,15000
24,31000
24,29830
25,20000
34,9600
85,4800
37,43000
31,46000
64,33800
33,31000
39,32300
20,9800
24,13000
66,47200
21,4600
20,21300
19,6200
21,42000
50,41000
20,5100
53,11800
54,14200
28,170
26,36000
16,25000
74,16700
49,56000
47,53000
24,14050
29,9600
67,19500
36,21900
21,16000
37,54500
34,11000
32,1500
24,37700
23,11400
45,39300
65,5600
35,6400
40,6100
24,9100
45,47000
59,44000
44,7200
47,11500
45,44100
34,51080
32,26000
78,5500
66,24320
30,29330
57,6000
18,13300
79,24100
31,1900
35,1970
40,48000
30,45600
42,80000
47,24800
17,570
71,2920
77,5100
40,14400
48,70330
40,5200
41,16800
22,29000
21,2400
32,25700
49,91100
35,35300
93,22200
28,5800
42,14500
24,15440
19,2030
21,6350
46,14000
54,19500
34,23800
28,22600
82,15300
62,73950
57,17800
27,25000
25,30
65,52000
60,6300
29,22500
24,17700
21,1300
44,25500
64,20300
51,25100
52,24040
39,93700
18,7900
81,20200
51,7400
62,5600
30,3100
27,1800
21,1420
26,13700
32,10080
36,12000
36,8580
16,2700
45,9900
26,28800
59,20900
31,29000
58,28500
82,4400
31,22600
66,10600
45,360
23,260
33,2400
55,11400
36,7400
27,9300
68,21200
53,47600
67,10000
20,7200
68,9800
35,26000
32,33000
48,20100
52,58100
20,5800
23,22700
56,31200
71,22680
74,9300
19,17300
19,9000
41,37000
37,28710
63,28900
30,5200
68,16700
43,33000
59,37000
88,9700
62,18200
57,8000
20,2400
55,40800
49,47000
21,10170
29,39000
45,93000
41,9900
16,64
41,40040
31,42000
17,140
39,58000
52,5500
54,26000
51,2100
38,35500
73,29100
35,16500
42,47000
33,22000
48,7100
46,33100
50,47000
63,5100
19,7900
75,28300
79,7300
41,31300
57,6440
25,16950
23,8600
51,27120
52,88000
64,53000
62,59040
61,85000
51,64000
27,1300
34,36600
24,3900
24,3500
25,14000
59,43600
54,10000
33,7800
40,3000
51,16000
55,11000
41,55000
41,27100
88,6400
47,11000
47,7900
58,61300
62,70400
77,12300
45,49000
36,38400
40,4000
43,42000
60,9200
44,48160
37,4000
64,6720
44,50000
33,25700
79,10300
63,9700
40,4
20,4400
47,75000
70,29500
49,1590
39,42100
38,18500
22,6800
72,15500
71,96100
58,40700
49,28600
60,27000
21,48000
67,13700
51,15100
55,17200
34,11400
33,600
41,44200
48,10000
55,5000
70,20000
75,23900
34,38000
29,23300
71,62600
64,4000
69,40120
64,12800
47,49000
43,48000
23,11650
66,14200
39,44000
16,4400
70,22800
22,13500
41,32100
68,24800
59,59500
39,40000
16,7000
41,13600
82,23980
75,3600
25,12500
38,350
72,19500
46,23000
52,34030
29,53000
30,10850
26,32000
46,60200
47,72400
69,48500
59,18300
38,54500
23,2800
47,76820
37,2700
59,4600
70,4600
29,3000
35,9300
36,3000
45,11400
60,39500
49,37200
53,63000
52,15600
54,27100
30,26200
27,25200
64,1600
55,25000
50,8800
54,27200
70,27900
64,27500
42,77400
71,47900
40,66100
55,67000
68,18300
66,17200
24,3000
23,500
30,11850
30,41000
64,9900
78,12600
84,7200
75,37000
32,800
26,10300
68,16000
54,46860
45,15600
61,45000
43,30420
49,30450
18,11400
46,5100
28,2700
46,1800
62,29200
58,29000
69,26000
63,6900
64,11500
39,30600
57,21020
79,20000
82,35100
67,11900
51,47000
25,22900
29,33700
25,4600
61,11300
38,25600
33,16000
33,16800
46,82000
36,6860
47,10400
45,46440
26,40400
24,3700
46,37400
48,41000
73,13000
59,33500
56,14100
22,8600
20,8300
30,150
48,67800
83,21200
28,40000
74,53000
80,6990
50,45200
49,15400
41,19100
24,1600
60,62000
71,25800
33,36300
32,36300
49,59000
72,29100
51,37000
48,79800
18,1304
34,77480
73,82100
24,15700
27,17500
66,25200
29,42000
49,24600
43,15200
58,23000
70,67800
70,5300
29,36400
28,10400
35,33400
43,20840
17,1500
23,17400
20,10200
51,45000
44,100000
15,1200
45,36660
45,5100
40,46000
42,2100
66,46400
26,29500
45,10600
56,13400
57,20400
64,18500
27,26500
33,27900
54,40400
46,10200
46,4400
60,7400
21,1180
19,4100
34,17700
20,3900
19,15900
56,34300
35,47000
36,10000
23,10600
76,11700
67,24000
72,5900
63,5310
37,33400
58,27200
67,4000
36,11800
36,15600
53,23400
19,8600
51,34950
46,25700
20,420
54,1400
33,4000
49,22900
24,2500
21,2900
19,10400
46,40200
15,4800
43,58010
41,750
32,41600
62,6400
74,6000
54,23000
33,18400
32,80
39,31000
61,7900
76,18000
40,440
64,18100
74,26700
74,8900
93,36000
38,15510
43,17600
37,64000
34,39000
55,39500
22,8100
27,42000
42,56000
17,6800
53,25200
58,74500
62,1600
29,27200
37,20700
18,6200
22,25000
31,60030
55,30000
22,26100
49,8400
16,7700
43,28800
24,5400
45,41500
32,28000
17,670
17,2500
61,34900
55,46880
54,41540
15,450
19,3600
29,5180
50,55000
50,48000
63,28600
60,19900
49,37000
22,9800
30,9000
45,12500
15,1300
49,32500
35,32100
79,13500
83,61000
45,4700
15,8700
41,10500
49,9540
56,24500
38,78400
78,76800
66,95000
65,11600
20,40800
50,15300
45,6800
30,72500
42,21300
27,29300
70,56200
40,52000
48,47300
46,3800
35,26500
48,11200
26,13600
31,25100
25,7600
38,17200
43,10000
47,17400
50,52050
47,26050
58,16000
32,30010
28,40010
74,19200
70,11700
66,24200
56,3500
49,5000
40,12120
54,24000
20,5004
48,16800
21,3300
31,28000
23,29000
47,350
72,65000
39,13600
59,49000
34,56100
18,800
24,23000
48,34500
39,22780
33,26600
72,33500
48,65500
23,760
60,38000
53,27800
18,5300
65,10900
32,38000
62,38500
74,75200
77,6100
57,24000
21,820
23,30800
58,42400
29,15900
65,29920
18,6440
57,6300
58,83200
39,47030
33,25660
48,39000
62,17000
60,74000
55,9100
57,13000
76,14610
57,44800
15,9000
50,12200
36,10400
34,25200
78,9900
47,24000
46,29400
68,42300
56,27900
80,28600
50,19320
39,18600
60,21000
30,8100
38,11600
22,17900
49,11800
63,23600
60,25100
34,7700
50,52000
80,29100
55,52000
56,18330
62,16030
67,24800
70,7200
56,42930
55,33600
59,9600
20,13600
56,9800
65,15200
64,5000
38,101000
41,25200
20,1300
22,4500
21,5200
49,90000
49,97000
43,102000
83,6700
79,8100
15,660
19,16200
35,42100
52,93140
49,20710
58,220
50,49100
55,43800
53,6000
38,11900
26,530
56,65800
57,60500
63,7400
65,60000
64,10800
50,21000
50,8630
35,20500
55,13500
45,36000
20,15300
18,18300
53,27500
45,42100
75,25600
81,11000
47,61000
22,5600
58,41000
25,29000
50,27500
44,35400
42,29500
15,4400
17,7000
27,28500
40,29000
38,8100
21,6800
19,4400
23,12000
22,5500
64,87400
66,11300
39,60000
41,32300
42,27600
74,10400
43,21100
43,7000
44,4800
31,450
58,7000
45,70000
42,44200
57,29700
56,65500
55,80930
81,9200
26,40000
83,4800
66,3600
33,500
33,25000
52,20000
47,13000
22,67000
41,25500
46,85000
38,19200
50,34000
38,53800
41,62100
42,1800
41,26020
48,48900
40,7700
36,37000
35,38500
28,6200
62,29500
25,8100
27,39000
58,23100
49,14100
58,21200
16,810
57,29000
34,8800
35,22900
48,14700
28,560
34,5600
42,10100
19,10700
19,11400
30,5800
62,15000
40,25000
29,6600
22,8050
45,3200
44,16500
43,36000
80,15800
19,12000
47,22500
18,710
47,35500
45,16900
23,28600
45,25200
17,3700
38,16200
36,49804
29,38000
49,60800
46,7600
46,9000
51,13700
39,10000
23,16000
23,8010
43,18700
52,19000
53,39000
26,31000
32,22100
70,31500
87,13800
18,650
53,27000
63,55000
93,11000
77,5800
49,5100
57,4060
65,28700
41,10700
45,42500
58,38000
40,50000
40,33300
34,15400
49,45000
63,25600
62,35600
34,17500
64,105460
19,930
63,66400
60,4800
44,92180
49,8800
44,71000
68,1600
20,7500
68,21000
65,20400
43,9200
64,28000
17,8000
16,6000
47,31200
15,570
25,30000
52,23300
48,12000
25,7300
64,56000
33,20300
36,16304
60,14400
22,16800
72,37470
68,8700
20,7750
19,10300
39,34000
57,25270
20,21000
45,16300
44,4300
37,12500
67,95600
78,22600
75,1800
29,36000
23,21800
22,7000
56,63000
18,7000
41,49800
42,13900
23,17000
22,12700
31,24080
61,69420
64,4620
26,18950
39,48000
39,68000
33,20400
25,1300
51,12500
89,21110
48,63000
47,81000
39,9700
22,44000
44,33300
79,12000
68,69200
67,33600
71,5900
47,33100
63,3300
60,12300
58,40800
50,9000
45,101100
18,3200
58,71000
57,13200
59,29500
67,26800
40,40760
41,68600
46,9900
33,13000
72,63500
85,80900
35,37500
28,21500
68,43200
22,15500
46,45320
47,26500
22,16120
57,8950
51,56000
23,21000
25,15300
60,60000
56,11000
26,7120
33,48000
32,63600
37,63600
44,42580
56,7000
73,28500
78,15600
20,4870
24,600
18,11100
48,37000
63,40000
31,43300
31,26000
52,36400
44,18700
44,6500
46,68000
41,26000
69,32100
20,5600
20,660
46,45600
55,34000
54,75000
32,27000
29,8500
63,47700
60,56800
39,17500
20,2700
41,3700
65,18800
64,9804
46,93400
45,56000
34,43000
46,37500
26,7900
23,5400
30,1700
41,44000
53,17500
83,42900
53,4700
21,22400
19,28000
30,29000
49,43320
26,23800
53,40100
52,8000
54,65000
52,70200
23,10100
50,46500
41,4000
50,60000
43,5300
49,17000
37,73000
48,8900
70,23600
65,11100
48,2940
48,37500
42,57000
25,3800
23,25500
19,16800
26,32400
30,50060
61,76600
60,18000
39,22700
17,3400
75,600
71,15200
58,44010
83,19500
70,28700
78,19700
39,31500
28,30000
56,53000
53,17390
45,46890
48,23520
69,12800
47,36590
45,10200
21,6400
48,1800
21,6700
47,16050
60,35100
58,45100
58,72010
55,13200
27,5600
41,38400
30,26700
16,4600
36,38500
27,40000
54,33300
82,8000
58,900
73,13400
47,5700
59,2300
58,74000
44,59430
41,26500
49,3000
44,6200
58,31200
65,21500
28,35000
27,8000
29,34000
70,22500
31,43000
34,17000
43,10100
82,7300
76,85100
46,45000
39,15700
36,2000
23,34000
28,43400
22,6900
49,20300
46,69000
42,3800
36,19650
37,39000
47,48000
22,4800
20,11000
17,6200
57,6100
86,11500
47,900
62,31000
44,53200
17,6400
43,71230
37,42560
37,35500
28,7800
22,4900
26,14400
40,19000
25,2900
70,4000
41,17000
55,860
22,1400
46,3300
17,4200
67,14300
43,75300
87,23000
82,8300
36,18700
43,38000
25,14400
22,3500
79,67800
57,34100
51,53000
52,55100
42,31800
46,15500
71,63500
27,11800
23,26000
64,67600
67,14800
16,110
31,9100
60,18200
47,36800
63,42304
62,8270
81,16000
55,10300
52,28000
79,4800
67,13400
62,24300
39,5150
51,16600
31,70000
37,18420
35,36000
42,10300
37,32900
67,76700
34,66000
30,24200
30,530
42,30250
74,20200
70,14600
54,20600
16,410
48,10980
48,3600
60,8900
38,2200
65,41600
20,8900
17,6700
28,42080
59,34500
57,35400
47,29730
47,19700
44,72000
20,1000
78,9300
87,35800
50,53000
50,61000
24,24000
65,31140
66,6800
38,26000
59,3600
60,13800
69,31800
70,3100
54,7200
26,16500
58,17100
40,18300
19,20500
19,12500
83,33100
63,38000
54,31000
33,29800
38,16500
49,20400
32,53290
34,18300
50,78000
25,23000
29,11800
26,13300
65,49900
66,13900
62,6000
56,100000
38,29200
45,49200
33,48600
56,28200
41,53250
57,26000
58,12000
51,29000
46,16800
18,19200
93,5900
56,71400
39,30300
20,6050
53,65004
51,31000
22,2600
29,24400
22,4700
61,14000
26,12600
43,34370
44,31500
81,6000
28,25500
54,18500
24,4960
53,27600
50,3500
28,36390
69,28400
67,5500
69,2900
50,16200
23,11200
53,46800
60,84800
44,56180
38,39200
58,80000
57,22200
27,6400
25,6400
50,63000
53,53000
77,50400
54,33000
40,49020
83,12600
85,2600
49,5200
38,72000
51,14000
28,19100
21,38700
29,40
34,13300
30,13300
67,52000
64,24800
47,2500
43,64100
79,24360
48,48000
59,10200
58,40300
66,85100
74,7300
83,18400
76,5700
56,700
47,37000
30,44000
35,20010
24,8530
20,7700
18,7500
56,8000
25,59000
68,27900
46,46300
20,2900
18,9000
25,28000
47,25260
44,12900
44,5100
82,6300
25,11600
17,3050
15,1610
53,6200
61,94000
22,22000
36,23500
56,38700
38,18800
32,2000
48,7500
16,2630
38,36830
15,3300
32,11000
30,13500
58,36000
36,12400
43,33400
67,1800
68,1800
51,28100
52,29400
45,38400
49,25260
51,34600
82,15000
41,9000
47,83000
43,25500
30,10340
21,12010
21,8800
28,8400
78,1000
32,4900
52,4100
74,32000
70,5500
30,19300
22,26400
21,17900
82,12900
31,70500
48,80100
18,2504
19,2800
24,28000
19,10900
65,68200
62,4530
19,15400
57,62210
34,34800
32,18410
34,23500
18,950
20,32000
15,20
70,19200
34,41800
43,43000
44,56000
36,90000
44,43830
65,13100
49,46000
75,15500
75,7800
29,12700
22,12500
50,10200
34,36060
22,3900
22,9400
77,23400
20,2000
73,16640
70,18560
47,32600
38,41000
67,6300
64,37500
63,5600
47,41500
18,5100
42,100000
34,32900
52,50300
85,9000
24,2400
33,14400
44,17550
68,38400
47,19000
43,51000
52,22550
52,8500
33,30700
61,43000
41,46800
39,23100
43,450
43,7200
56,63080
54,2700
43,47000
51,42040
49,13800
56,21600
51,40000
17,6300
47,60500
19,5500
28,37000
33,47500
40,31600
23,25800
44,34600
31,20000
60,31400
34,60000
33,28500
81,40400
89,38800
51,27800
52,75200
23,1800
38,88400
36,43500
27,14400
36,3900
34,13000
41,130
44,11700
60,22700
55,28700
45,52000
53,75000
67,4400
68,21600
59,72000
61,26400
55,22700
62,47800
56,5300
93,32100
61,36300
41,23200
51,70
29,2550
52,120
47,8180
41,3000
49,18220
34,12000
65,3600
38,4800
26,18700
82,18700
40,43000
24,2900
93,1040
83,7900
49,550
38,38650
44,28100
60,40000
44,17000
45,33000
70,6100
83,9200
71,23500
93,35700
76,16400
74,3000
49,60100
23,5900
53,3900
85,15400
47,51000
52,39000
54,8300
22,45000
21,33600
78,18000
18,2600
24,2600
30,9800
26,15500
50,35700
23,600
76,40400
72,18400
33,12800
28,28300
71,13200
77,14000
50,58000
46,71000
64,22000
24,38000
20,4100
18,90
23,14500
34,24200
48,33000
44,3600
34,7300
35,66000
25,650
21,11400
25,49000
68,30500
63,36500
43,21400
45,32100
36,32400
47,44200
70,31000
47,8500
74,19800
21,15600
51,62000
45,27060
16,660
86,40000
20,700
85,18400
38,65000
42,6400
38,2100
40,55000
37,40250
46,57000
79,5300
18,5200
17,12000
79,5400
65,58000
45,12090
26,17500
44,24900
41,26090
46,35600
54,36600
58,6800
56,11300
35,29300
35,12500
31,44500
32,15900
93,6000
59,1000
62,11600
49,41000
36,300
67,28830
63,18500
79,16400
80,5100
41,86400
33,24630
72,13100
73,28490
64,5160
30,19004
43,2000
72,73100
71,7000
76,15000
66,7670
47,57000
38,18504
29,54000
23,3000
42,600
64,81000
59,4000
41,7200
21,11800
18,7200
47,42000
77,36300
33,280
69,9600
66,9500
66,19300
49,85000
51,43850
65,26800
89,6000
56,2000
28,31500
29,64000
18,47000
44,43000
71,39900
49,50
49,21090
37,17900
63,25200
69,27100
37,3160
21,22000
38,90000
48,55150
22,5150
57,40200
48,28000
34,42000
17,3500
55,12000
30,31200
36,45600
34,15100
29,48000
40,9900
49,8900
47,6800
45,53900
46,18800
37,2900
45,59200
56,45440
57,38800
49,20000
23,2000
33,26700
33,20740
34,36400
23,25000
28,15600
38,73000
37,34000
37,7600
73,6200
41,1900
41,29800
78,40400
83,15600
32,27600
36,62000
43,21800
48,76000
54,42100
48,4600
25,33000
32,35700
58,30600
34,10360
31,22100
30,58500
73,7020
65,27900
67,14600
64,18000
21,14300
37,42000
42,8600
47,26600
81,25800
73,15700
87,33500
38,45000
63,77280
55,60000
48,84000
56,99000
21,13500
43,25850
44,42200
15,1710
70,18000
80,2000
74,7200
56,10900
57,7900
71,26880
68,17900
38,80000
64,14710
63,5990
57,50090
56,4420
39,32600
28,45600
26,35000
34,29800
31,13500
85,7800
40,41000
71,36200
66,5850
60,31800
64,430
34,13500
50,60900
31,7500
26,56000
22,27000
42,68600
59,11200
51,61000
27,13000
51,85000
55,46000
43,44940
43,2500
48,45700
43,53400
62,49100
41,2500
36,7100
62,4600
86,4600
34,12300
83,31700
36,22900
56,8700
42,29000
40,63000
25,13700
49,47710
54,41010
24,23300
54,37000
44,62000
43,800
49,53000
35,37400
46,47000
38,41500
42,53100
45,24500
41,15800
51,10100
49,57100
43,82000
80,15200
70,89950
30,3200
21,10800
21,4900
85,48000
72,2680
48,63500
59,21500
24,12050
57,18300
32,35600
63,4800
64,3200
58,5300
48,19900
46,15400
19,10200
46,1600
40,400
49,3500
30,2200
74,1800
49,27700
24,17800
60,49700
58,49700
34,880
43,700
28,18300
23,32000
21,35000
47,34500
22,10200
51,8000
34,27000
45,58000
70,20100
70,5210
26,33400
89,5300
75,5900
93,36300
43,68200
42,59200
53,44204
33,41600
28,39400
65,26700
42,81200
78,39300
69,13400
42,43000
55,23000
51,2000
33,28200
36,53000
45,31700
33,37000
27,29000
24,170
63,16710
45,15400
39,10600
82,6830
80,4400
39,18000
21,3500
17,2800
62,39500
64,65900
38,11800
17,800
16,280
31,36500
44,37800
25,1500
44,51000
40,71500
33,40000
66,26000
38,14800
23,9700
43,4500
53,49000
69,11000
24,5200
21,4500
30,8500
60,55000
32,17500
36,15400
35,59000
26,35500
24,24280
38,66000
61,67000
50,67000
73,20400
69,5500
60,20300
37,18400
23,26030
39,13000
36,59300
33,38000
32,45300
81,19000
33,22400
31,38000
54,12840
53,20300
28,66250
31,18000
65,33700
62,57900
69,4600
64,5100
39,6100
42,56040
17,7040
33,44500
15,150
33,22500
32,24500
25,10500
26,4300
21,5700
38,10800
47,77000
50,13500
77,16800
28,14500
23,20800
32,7400
35,23400
26,11400
65,8400
69,18500
20,15500
49,1700
42,64000
50,9900
50,32500
56,49700
56,47600
52,75004
53,30000
55,90000
51,16500
45,30300
52,14400
19,23800
43,8000
42,30700
38,27600
24,14900
36,2700
41,53600
80,11100
38,34000
48,29000
73,44600
54,3000
42,27500
32,81100
74,4500
63,4500
57,22530
45,9500
63,19700
50,34200
45,24390
61,55000
61,42800
37,11790
78,65900
65,17300
57,39000
63,2000
58,9540
31,25000
53,81200
52,60150
55,84500
53,77000
33,80000
27,47020
65,8100
48,53000
30,42400
57,25590
59,50000
46,350
30,7200
51,38100
53,101000
33,37740
32,29000
60,10500
34,16840
48,11800
52,26700
29,1500
35,3110
31,10400
38,33500
37,13800
36,7000
61,17800
58,8000
46,53030
47,6010
52,46004
51,33400
46,1200
55,53500
42,53000
42,32750
47,55000
67,6500
41,140
27,1100
32,13100
66,22300
45,3800
39,97600
35,41000
42,41000
47,48100
29,46000
85,20600
45,59000
36,45700
30,58000
49,45100
74,40800
37,17600
40,2400
61,17000
58,21000
66,23500
87,10300
88,52500
56,9900
54,16900
76,56000
41,5400
76,23100
71,13800
37,45000
34,8000
42,31500
44,33700
56,38000
52,31400
47,20400
31,23500
47,47100
44,37000
45,50170
38,43300
63,38600
28,30600
84,58700
30,19010
32,8000
68,38200
59,2000
55,98150
53,14900
51,26000
30,40000
81,1600
83,18600
79,9300
56,9100
57,9400
55,62000
50,25100
35,24200
79,17300
65,71600
66,54000
44,29500
45,72000
85,10800
75,29800
41,2000
36,340
81,10100
47,6500
49,39200
66,16000
66,47100
61,71600
47,15900
85,7900
66,46100
62,680
51,12200
56,8900
44,21200
53,9400
81,24800
93,7800
41,20100
72,13590
71,49500
63,13000
44,8300
37,33600
53,20
43,47200
26,38000
16,2200
55,38000
38,12800
70,18600
69,5300
50,70000
40,30160
69,28360
26,8500
79,45500
69,13600
71,21520
83,7200
49,28200
24,8200
52,3300
54,16450
60,83000
80,11700
44,38930
49,18560
62,8900
75,15700
58,6900
22,33800
77,9730
61,28300
66,43500
60,39000
85,28000
82,5000
50,49000
48,36550
69,63000
66,4200
59,22000
59,24200
41,15200
76,30800
82,20900
36,5800
35,27000
75,61300
77,83200
61,28400
63,280
80,15700
82,6400
68,29300
49,28800
51,59800
35,50000
59,7700
49,31000
36,37500
22,26000
31,780
78,11800
60,51500
67,44000
56,48200
64,19600
54,8500
69,17500
70,5700
55,57500
51,39000
73,16200
73,14200
56,8500
60,13200
26,9800
41,13500
72,39400
53,38200
78,17500
48,24330
77,33100
55,10630
20,250
83,19630
71,6800
78,1200
65,83000
69,13800
74,31200
48,42500
47,10
78,21600
20,6800
18,14400
76,56800
68,57300
76,7300
28,82500
61,24500
84,19700
48,39400
87,7700
86,6670
52,64800
51,12400
39,27400
70,37400
68,4660
76,35700
80,3700
44,64000
58,56000
68,8100
58,48000
82,28400
39,10300
44,59000
19,14600
44,16200
65,32200
61,39900
61,15000
73,14900
49,180
68,7600
49,55000
53,27100
70,24300
24,23100
77,9400
82,41100
89,4800
54,21200
61,75600
70,2800
65,40030
93,16700
59,59000
66,9600
64,36150
54,5900
74,28900
68,25500
77,17000
55,21800
40,12280
40,4700
89,8000
29,60000
31,50000
48,9370
61,2000
63,20600
57,22830
81,35000
74,6400
57,45500
70,19500
64,8200
67,27800
28,38900
19,450
22,28000
61,320
51,1800
21,27000
62,18400
74,21410
78,13700
81,8200
59,4500
62,13000
71,26700
71,12100
69,30000
37,6400
67,19600
64,21800
44,13700
68,28500
73,5270
59,22470
57,19580
76,16100
73,5100
46,25500
52,8700
82,9000
28,5300
41,330
60,53100
49,2000
47,58000
65,19000
67,5100
68,19600
50,11500
62,35000
83,31000
78,3800
69,7400
72,25400
39,14700
32,3000
52,6004
19,10500
77,20400
82,31100
77,7600
68,17800
69,8500
48,28500
41,20840
84,40950
78,14120
54,31500
72,9130
57,9330
79,4000
84,32700
64,9200
65,9790
49,42300
48,81300
63,92500
45,26500
42,15900
55,36400
83,25500
63,34040
43,15800
43,13500
65,42500
69,16000
63,56000
53,42400
40,17300
93,5600
72,22500
83,33900
64,21100
63,22400
93,11550
49,16000
54,25000
49,19600
29,21000
72,41000
78,17840
15,1500
73,20380
66,37000
62,22200
62,4930
75,17470
77,10700
64,24500
58,10000
69,4000
65,4000
50,31200
69,61800
65,6000
59,70710
78,8000
50,23100
49,9300
21,4700
33,17200
48,69000
57,35000
19,4300
21,12400
52,36000
36,24600
43,13300
58,1300
65,30000
72,11290
68,59700
68,40000
72,46500
40,24550
88,67050
66,59500
77,9800
82,48000
27,12200
52,22000
57,58500
60,24830
51,22700
84,12000
55,7400
27,45000
40,34000
57,17400
58,650
28,2300
78,56700
40,98000
43,12200
50,50200
52,15200
47,63000
63,33000
58,5000
78,400
78,3900
36,22400
43,18200
53,38800
18,3300
50,56000
35,38600
22,4400
75,24000
53,12200
52,100000
49,10900
18,8800
22,38000
29,36040
80,1500
25,26800
38,16030
38,15400
73,62200
76,41000
56,90800
51,31200
40,49300
27,24210
18,5604
93,7550
93,8400
70,49500
66,8200
70,17000
32,50000
25,19000
78,17000
43,70000
79,8900
55,9160
59,29000
55,27000
80,38000
61,7000
26,5900
26,15400
44,6400
35,27400
72,43800
56,9000
60,40300
61,68000
72,16400
65,3300
23,8700
46,23900
40,11800
48,14300
49,25030
29,18500
31,4700
69,17000
51,44000
60,9100
41,55500
63,14400
53,8200
30,4220
19,20000
75,34400
73,7200
56,5000
50,4800
63,16240
80,13700
55,83800
49,27000
52,7000
48,22700
52,62000
79,67100
58,14400
58,4300
88,13600
31,7600
78,48300
54,12600
65,26580
93,13960
48,43800
47,10900
76,6070
57,11000
77,31300
46,23100
36,46000
36,16200
35,31200
49,1500
55,57100
77,8400
83,13200
68,1300
65,6700
48,19700
29,2200
61,26200
48,39100
53,7500
58,22800
73,4100
67,27300
56,30400
71,11370
49,26280
47,59080
18,2100
37,32000
53,23000
35,4200
27,32300
69,23800
72,17400
71,16100
78,4560
74,10280
46,28240
44,17600
48,11000
42,22900
74,6800
78,12200
63,9200
49,13200
77,8200
40,36000
83,9600
54,36700
73,13300
73,3500
52,23000
70,30860
83,22930
72,14400
66,8400
65,16400
66,5100
25,580
52,13000
19,15600
25,31000
20,1800
27,29500
71,27200
85,7200
80,4800
74,8100
45,27200
82,21100
47,35000
49,19700
62,56000
53,47000
81,35250
47,27100
47,27500
40,24500
65,23900
45,48700
41,37020
34,58000
31,8000
62,68200
65,2170
56,10600
73,10160
71,60200
65,6200
41,9600
47,41200
46,10000
38,36800
64,18400
64,19700
38,9260
28,29240
61,18500
42,13800
79,19900
66,21740
55,500
20,600
41,38500
37,28000
28,2000
69,11890
77,15700
69,4400
50,30460
46,29200
48,6100
67,22300
76,24000
72,46000
65,30800
53,9800
60,12800
80,7200
52,34800
22,14300
59,47300
51,9300
23,7500
42,48000
45,22600
25,6850
23,14700
22,10900
48,13700
79,11200
65,31280
66,5700
78,24900
68,4200
51,24500
19,20300
46,30500
73,39500
21,9900
27,25700
25,24030
28,20010
22,770
60,69000
80,6500
82,10800
84,1000
42,75000
77,34800
82,19800
61,54700
80,12500
47,38800
73,43500
74,48100
55,54100
74,26300
69,5400
56,27000
54,2800
53,31050
49,21500
42,5000
54,9200
36,33600
62,4000
28,9300
27,300
56,4200
62,17300
58,3000
20,9300
22,870
77,27300
25,12600
19,2450
88,12000
66,24100
50,40700
46,13200
82,10300
63,39780
60,48440
66,19800
53,7000
74,29590
65,13800
58,20400
47,500
59,40200
74,11600
69,65000
93,15600
54,5000
50,6630
63,1480
50,16000
26,25140
54,11500
70,14000
66,14700
68,18700
72,23500
65,25300
75,21460
44,13600
79,9620
69,2300
48,2390
43,39000
61,25000
79,16600
53,42500
51,96000
30,44800
66,11100
65,42600
69,15600
33,25300
36,4700
61,60000
61,76000
74,8800
54,27600
20,2600
93,4000
49,7200
41,37500
46,17100
53,42000
30,16300
84,41700
33,25500
76,13000
70,43300
67,5400
33,38600
22,31800
80,18690
47,8700
42,790
74,25200
61,8000
42,9800
21,1600
21,200
77,12500
79,5500
54,10800
61,20400
21,20400
19,20400
69,26700
85,64100
18,25000
49,42160
21,38000
16,480
64,17700
18,11900
41,37800
62,30800
64,7600
86,1750
67,16800
72,15000
68,18000
21,25200
19,37000
86,24000
60,28300
22,7200
56,1900
65,27200
62,47300
62,580
46,15100
47,46400
21,580
49,18270
74,27400
78,27850
33,47000
21,25000
81,33900
75,13800
43,19000
21,1800
47,19110
46,7530
62,57640
60,54100
78,21400
46,2300
59,56000
58,13200
74,16660
54,85000
37,38740
38,62900
83,32950
73,5400
47,15020
32,24200
22,350
27,32400
24,3200
77,22100
73,13900
69,4100
72,57400
30,25600
70,25200
61,33600
54,11000
55,80000
38,51700
85,21300
61,37000
68,53300
66,30100
70,2600
66,11000
60,102000
52,3600
70,32800
73,27400
27,25100
48,18500
44,34500
77,26530
53,16000
66,19600
52,30800
51,58100
56,25000
62,12600
75,10500
64,42000
71,10400
72,25200
60,17500
79,12300
48,14400
42,21200
84,11000
93,11100
68,13900
25,60000
75,13900
76,20400
88,14000
39,84000
69,39200
51,19000
18,300
24,18700
15,900
73,11300
26,29100
23,9300
71,20800
50,32020
64,2300
73,15500
28,12500
89,72000
56,25200
46,105000
49,20
80,30000
20,19160
47,86500
36,10500
83,20880
84,22300
82,8400
76,5100
93,37000
55,68000
63,69800
64,20400
69,33800
75,10000
36,31500
51,3000
58,46000
77,15300
74,18000
77,20000
30,23900
69,10700
47,7100
53,29300
64,41380
63,21340
74,13000
43,1000
71,66400
79,77700
78,19500
77,8100
65,19500
64,35500
83,16900
33,9600
76,35070
68,38370
75,37800
71,14000
23,1200
58,8400
60,13450
69,54900
89,17400
77,33800
71,7800
34,32300
32,24480
67,35600
62,28800
66,6400
48,1600
16,3900
71,24100
60,23000
77,15200
41,34400
16,320
65,13300
73,15100
61,2400
62,83000
59,11000
39,27140
48,19400
19,400
73,30020
72,5700
59,34000
52,29000
66,64800
63,7100
86,7900
37,33000
18,350
76,43500
63,24100
61,8500
70,40610
74,25600
58,24700
86,24800
53,52850
37,1600
63,11200
55,40000
65,20800
62,9000
46,20980
48,10700
57,54000
36,25400
39,2000
72,2800
74,19100
68,28100
60,12610
78,28400
48,43400
76,9200
61,29100
37,9500
53,21200
16,2800
61,15600
54,47000
85,22800
83,4300
76,6600
78,23100
62,27700
31,2500
68,36100
70,44600
35,2400
66,7700
72,36300
36,39500
52,17300
65,36560
70,19000
57,15600
78,14400
67,13200
62,4800
44,7000
43,35600
56,17700
78,16600
73,18700
28,27600
58,103000
36,70000
93,8900
70,6200
81,5800
62,49000
69,34700
61,2300
75,24600
40,6900
72,8400
77,17300
75,7100
67,3700
42,15800
16,370
33,24800
93,40000
88,3000
65,51900
61,32300
39,12300
74,11000
51,13600
17,1350
75,27700
76,5800
66,15800
65,14000
66,21400
61,1400
61,6700
64,10300
78,7400
93,8300
93,13000
69,33300
62,13500
68,10900
34,34100
32,32000
59,16500
86,30100
89,16100
76,1200
37,14200
93,56100
93,4700
71,12000
32,5700
56,69400
45,22400
77,41760
73,5800
78,28000
55,28100
64,31170
65,55600
62,53900
83,9400
80,13300
68,11400
56,21010
49,11400
67,14000
67,36700
71,6900
30,4400
83,21600
81,5400
28,6700
52,16500
38,7300
35,23100
81,26900
26,18400
40,8500
27,33000
35,48100
21,13800
29,13200
33,27000
20,6300
52,38200
54,20200
38,37500
47,16400
38,6100
81,10000
50,34250
39,64000
39,56000
49,13940
44,76200
23,1600
23,20500
68,37100
48,11300
51,33500
62,11000
60,13000
59,16700
44,47000
79,24000
29,32500
32,27050
73,21400
28,50000
62,9800
48,14200
43,14200
15,1400
47,40400
41,39800
53,9700
77,25100
82,19900
55,3500
65,17100
64,20500
75,9950
16,2900
82,30800
34,25000
71,1100
84,57300
80,10300
79,5700
34,21200
70,56700
34,330
69,47000
75,14300
75,5000
58,27000
53,10410
65,52500
29,23700
27,2000
38,63000
38,7500
65,32800
67,8700
45,22460
70,22400
66,59400
39,34760
68,19000
63,22100
62,40400
54,75500
52,21500
46,38700
88,21400
76,14300
59,32000
79,9250
84,5150
42,21000
56,32440
60,13600
64,40600
50,22030
28,2690
30,37300
89,3700
42,17200
42,90000
44,690
83,4100
85,18300
73,10700
49,13000
72,14800
76,9900
64,29600
75,11000
78,4700
70,19300
71,5400
56,104000
52,26900
64,52700
72,5200
66,57000
64,4800
79,18400
70,25400
78,10300
69,4200
40,10510
52,100110
76,10900
69,7900
42,14300
18,24600
72,27000
70,58700
67,43600
45,33400
24,26000
51,39900
45,20300
65,20000
66,18000
56,4000
93,28200
69,38000
52,44000
79,10000
64,24400
44,98000
64,4590
64,14900
50,14900
50,27000
56,10000
30,48000
51,15600
68,9100
78,51200
64,22500
82,27500
77,13000
38,31600
63,24000
68,11000
82,46290
17,23900
79,14130
74,31100
58,44100
57,28240
55,23400
34,800
50,51000
35,57070
35,10800
52,31000
82,48800
27,38100
65,16000
39,47000
43,18350
50,16400
81,6800
25,12400
25,4400
53,1500
72,12500
72,6100
45,7200
88,24600
77,31400
28,4200
66,42400
48,34700
48,36200
17,12900
77,10400
50,33100
18,2200
87,41700
45,34400
44,17800
18,12700
69,16700
89,11600
85,11650
82,17620
65,11900
72,14100
78,11100
76,13600
59,37800
55,37800
16,3300
60,15000
41,36080
70,16000
68,8600
77,15400
64,50600
61,40400
57,67300
22,5700
63,34100
68,37410
47,38950
85,19000
27,32000
81,50700
70,30370
73,16100
68,57600
62,35400
44,47700
58,9700
83,9500
24,610
75,16800
72,23800
69,13100
74,30000
79,21200
81,4500
78,32400
44,60000
38,9100
46,4
57,9300
76,9500
60,19000
64,52600
82,23700
62,6850
28,73000
37,20500
19,960
62,18000
63,23200
30,8410
60,19600
77,10600
81,17500
76,4600
52,65000
20,8100
33,11100
25,6900
27,17700
66,25120
71,65100
66,7300
83,56680
78,6670
69,29700
35,60000
45,17700
25,12200
72,20100
44,38000
19,7010
40,8900
55,45000
71,42800
71,14200
37,32060
41,2300
52,21200
21,1100
23,4120
44,19000
53,11400
60,26300
22,3020
70,13000
69,3600
57,14900
56,3800
80,14400
54,50700
47,50900
59,16300
68,46240
63,4100
88,13100
73,33870
66,13020
72,25520
55,24200
56,36500
59,35000
54,15000
60,46600
68,36000
79,7200
64,9600
93,8410
76,13400
83,20100
51,37390
42,12900
46,100000
53,3100
75,17900
43,31300
29,19500
65,39900
70,60990
26,4400
35,2000
59,9500
59,3100
29,10900
93,6900
58,35000
45,11440
48,71000
60,5900
46,200
70,16100
75,20100
56,19300
31,90000
53,56100
50,23400
57,50000
63,45000
36,19200
75,30100
78,30300
86,22200
67,10300
62,12300
31,15200
68,13300
25,18200
41,41200
51,13830
78,14300
87,65000
78,7800
70,11300
93,10000
82,13500
85,19400
67,28700
63,17500
43,19500
59,13200
23,7510
65,8300
52,11500
41,30500
29,55000
63,6600
69,7000
19,6210
56,18480
55,65000
51,1100
63,40200
68,15600
70,28100
65,12300
82,36000
79,25250
70,5100
70,29400
78,15100
66,32000
48,12010
64,51800
67,41600
55,16600
31,39800
59,37980
56,18380
39,42040
29,44000
41,4800
66,22800
93,24300
54,1230
41,7300
75,41300
75,23000
66,38400
33,15200
21,13030
49,64800
39,39800
18,8300
41,25020
48,750
45,20900
71,10700
80,5000
58,30400
79,25100
79,21100
63,7000
67,23600
20,8400
44,20800
76,31900
51,20900
75,75700
93,10400
26,500
50,28500
69,15000
77,28500
30,19500
56,1700
50,3700
81,44800
31,14000
23,28020
63,7700
86,34300
77,70500
50,53090
37,68000
33,37360
52,71000
65,33600
84,8040
52,37500
70,6240
59,30000
29,15010
41,63500
62,38100
63,11300
70,20600
67,20000
56,10200
57,48000
48,5100
21,13700
74,37400
71,5700
76,16900
86,6100
54,15300
79,28000
85,5500
16,250
30,14300
28,44200
60,41200
57,39030
85,22600
76,4000
60,5000
69,41000
75,7500
58,26800
54,9900
30,10800
67,18200
53,24100
75,12080
73,12600
68,24500
65,4300
70,31900
64,4200
45,67800
20,1700
37,31000
38,3000
75,11800
59,19800
59,26100
19,22000
70,7800
63,24500
73,3300
70,17700
74,33100
34,44700
71,29200
51,10200
41,940
89,11550
57,5500
35,1600
34,100
62,650
33,41000
34,4400
56,61800
48,46000
73,5900
78,16400
69,23200
65,78600
76,28400
56,1600
82,28200
51,52900
49,14400
23,7400
24,14000
60,40400
61,800
67,47600
38,40700
39,25500
37,58000
62,34500
59,16200
64,13350
62,14300
45,11500
55,5600
50,7700
84,13600
86,1000
51,57200
47,17100
56,69000
28,15800
48,90000
61,50800
62,79000
80,8000
80,23400
37,18910
35,17620
53,73000
60,7500
30,9710
81,10800
17,4430
60,50950
58,36950
50,45620
45,8640
52,7700
79,15600
69,28500
65,38000
55,41000
47,25500
43,55000
74,14600
50,2150
60,1900
65,4600
93,15100
79,9700
59,41000
34,4700
67,37120
64,1320
41,10400
76,31600
23,15600
71,88200
69,24100
50,99000
62,11700
66,71000
65,17400
59,18600
60,10200
46,66000
74,26200
66,16300
44,22100
73,25700
73,17960
74,22100
80,9200
85,10200
69,18000
70,37460
53,14000
57,17300
63,35300
61,21100
85,9600
93,9960
24,9800
88,9000
68,34500
79,23400
73,11600
41,2240
52,40900
16,1300
59,35200
79,8650
42,65000
42,3600
43,4800
74,24900
74,17400
58,29500
51,39500
83,11000
43,31000
18,22500
93,12680
50,980
72,9100
17,4500
36,22100
31,16000
51,42300
75,23700
42,34600
50,10030
65,28100
68,9900
37,13400
64,48240
44,2340
31,35800
74,58700
50,29120
55,31800
69,53300
65,49100
55,8900
22,16204
22,18910
64,22120
62,15970
72,46900
77,7120
71,7500
81,37270
68,12900
19,30000
22,17000
59,5200
68,14970
71,6600
37,17300
71,75000
59,60070
55,3100
62,21300
32,21900
50,22000
23,22100
33,1000
20,16200
62,3500
50,15700
38,2400
66,27800
68,25200
68,22500
72,22200
54,46000
65,40400
41,6600
49,26800
50,77700
31,40000
31,26300
49,23500
69,14800
20,30000
49,72060
49,3100
36,17800
49,18700
36,430
16,960
85,24000
71,105000
40,75000
57,74120
69,95804
63,6400
51,5500
40,35500
80,23300
73,19220
35,28500
65,20300
69,16300
84,4300
61,15090
42,7500
56,94700
56,37100
25,1900
19,61000
76,70600
75,7700
53,56000
55,39200
89,53200
61,63500
62,13600
79,26600
77,19100
81,15500
72,29000
45,28900
38,14900
52,7520
41,82500
37,31700
15,5100
15,1550
41,17300
62,14100
44,52000
34,20800
42,20500
62,20000
66,28700
25,26090
41,21500
64,22300
76,36100
54,100000
24,10300
68,68900
71,19200
39,46000
46,1500
64,94700
67,39400
62,23270
55,14400
18,730
79,8000
69,13200
36,33000
41,90000
71,67800
63,41900
62,38000
66,23100
72,5100
71,8200
71,33560
46,12700
23,18004
74,71900
87,65900
49,36400
76,4400
80,43000
61,27900
44,930
53,29500
22,19200
44,17300
38,16700
44,3500
68,13500
88,8650
15,700
40,62000
45,19800
87,15000
76,27200
62,24500
25,33600
29,8400
27,16600
46,6100
33,42900
37,1000
74,10700
26,80000
48,79000
48,27040
63,51600
48,6800
40,41400
83,20000
44,31520
36,8700
81,9300
54,26600
40,80000
74,23000
88,12500
82,18500
72,38500
34,54000
69,15740
39,32000
81,11100
73,3900
29,1700
51,1500
89,15200
79,14500
68,35200
63,39210
59,26900
40,32600
61,22290
60,41000
43,44500
71,39400
72,4700
73,5000
63,29500
31,23100
72,15900
49,25200
40,47000
76,6000
54,41100
51,36150
46,34400
22,7100
80,14600
75,5800
73,34400
38,48000
66,12100
74,21300
72,44500
25,6500
27,460
27,3500
64,43900
44,8700
54,7800
68,22700
65,28500
76,23800
68,32100
52,58000
78,38000
72,20
72,39000
64,70600
63,13400
60,97000
87,4900
61,28500
46,600
51,23000
38,41200
62,45000
62,37600
65,28300
72,44950
19,5300
21,9300
45,3100
54,21000
66,17400
21,8790
21,19000
40,26300
72,8000
57,54200
64,36800
64,4440
34,25500
66,93000
68,1900
52,13600
47,24240
45,840
35,44100
32,11700
66,20600
75,5400
79,18050
79,13400
73,66100
61,16500
81,17300
82,10100
65,22100
68,12800
82,5700
72,36000
75,12000
78,12400
37,14400
40,101000
78,7600
80,24600
48,2300
43,100000
59,20500
63,28500
27,13100
62,9120
17,390
48,31300
55,19900
26,13500
33,46470
36,32404
21,8600
55,10200
56,18000
52,23700
55,43670
55,38400
64,1270
56,13900
88,5000
62,3200
22,12400
65,4200
82,33870
76,4200
65,29000
68,72000
29,33000
74,11400
49,31500
65,39000
62,480
57,27700
39,80000
19,7500
74,27300
80,28500
77,36400
59,9200
74,9600
71,4400
57,25170
68,57000
89,1400
67,14400
70,7600
25,4900
20,12500
62,62000
44,60900
44,32130
81,73300
80,1900
43,26800
46,7100
64,8600
41,31500
35,13100
66,20500
73,21600
34,20200
38,6200
53,22460
20,13300
74,20600
70,5000
80,8050
65,36600
31,1400
54,28900
23,19500
21,14000
54,14000
39,1600
25,11100
40,10800
82,20100
61,25300
30,43000
26,7600
87,8600
36,94000
36,4
40,29410
43,39400
87,6000
38,26380
66,27500
70,10300
59,27500
56,2200
85,8900
63,22200
46,19650
51,72000
93,9600
70,40300
55,18700
54,7500
50,3200
63,53900
62,6600
48,76500
69,56400
49,14000
50,53190
77,16700
52,10900
31,58000
60,17000
36,52000
48,7610
57,26900
57,8700
68,70000
68,3900
57,54400
48,65000
47,47000
76,20000
93,6800
86,61300
44,25990
52,8600
66,28060
74,31300
69,6500
66,33800
43,1400
85,27900
77,24100
66,13000
57,17200
66,19100
64,54100
74,38000
46,870
69,6730
51,45800
51,20300
82,40
73,40
64,14500
35,6100
75,49000
73,2400
42,29600
46,80000
37,20520
69,35150
43,72000
63,40100
61,4300
64,48000
35,41300
24,21000
66,40600
55,37500
77,18100
68,15500
28,16900
53,11300
75,18400
69,11500
66,16800
58,51000
83,15900
70,8100
60,8500
59,44300
53,31500
31,23000
38,49300
86,7600
55,81400
51,6500
66,39100
64,5880
52,105000
40,7900
36,9130
32,10500
70,9000
75,43700
70,48000
70,3300
75,18200
73,20900
57,28000
72,8350
37,36000
84,7800
52,15500
54,6800
47,13200
73,22600
66,7900
19,50
70,3000
54,28950
53,39300
44,9100
66,7500
65,18000
64,23000
77,10000
84,17000
72,21300
31,2000
75,6400
52,35200
82,12000
93,24100
19,10100
60,12400
63,8600
63,36800
46,20700
78,8400
79,10400
75,47100
71,2100
37,12300
56,39300
89,34900
55,18000
73,68400
46,10800
74,10100
80,12600
71,17500
68,18800
40,22900
70,31100
81,12900
61,25400
81,13850
86,10500
33,4700
68,77000
73,15000
76,10290
71,4800
43,8800
68,22400
76,16500
84,42200
73,33100
63,22000
50,4100
20,10080
19,1700
27,8600
24,33800
77,29850
58,39700
58,39300
57,38000
77,7500
71,32500
67,33100
81,19700
72,5800
72,19000
78,58700
70,6300
76,5500
79,6500
72,9700
51,35100
54,9170
70,35700
61,15400
73,16400
58,4100
41,40400
31,24550
74,15600
32,32400
65,13200
54,5800
30,21800
26,980
56,25800
54,9440
84,11700
50,44400
34,3200
47,26800
36,38000
28,39200
36,450
77,33900
61,35800
54,19000
57,28500
42,1100
77,14500
71,32200
49,6400
28,19200
73,55700
75,8700
77,78500
82,22000
64,34000
75,51400
76,15200
36,34500
73,46300
74,2800
89,19600
49,22800
48,43900
45,5900
61,47300
21,1410
65,14500
62,4500
58,26000
48,9400
57,14100
73,15060
58,1000
73,10100
56,610
48,20800
72,15100
74,5100
17,120
77,7300
66,62200
88,8300
86,61000
81,23300
26,21300
29,1800
81,5900
76,22300
47,11810
24,14400
64,11100
83,16700
93,15000
87,4000
65,41500
57,5400
74,10200
83,40000
70,11094
27,35520
23,26600
70,44300
69,32400
69,8900
59,15700
80,3500
68,30300
47,32900
72,33000
74,4900
26,28600
30,23400
74,34000
51,75000
39,41000
71,16800
66,5620
22,10010
82,35600
52,33000
43,12010
25,13500
65,14100
80,10000
67,32900
66,9640
35,5400
69,10440
71,37400
77,19700
74,16100
26,21000
26,10600
68,4400
85,28900
45,34200
65,41020
70,4300
75,11200
78,6900
67,21490
63,8000
81,14000
65,83500
60,51600
64,46000
16,650
17,60
32,39000
78,16200
60,94940
52,5200
61,32900
88,24300
45,4500
28,20300
76,29500
75,22900
43,27700
50,31500
60,13670
68,9000
76,30600
67,5300
51,36500
71,11000
40,15500
59,30500
30,21000
25,14600
66,18680
31,23600
33,2630
29,30600
32,16330
63,9000
18,1700
21,3600
65,36000
86,12000
58,44190
70,49900
70,34000
36,1100
71,5200
23,12400
50,24800
83,12400
89,11810
80,10200
43,17300
41,14100
18,1900
66,38800
61,8200
71,42500
80,7900
27,2400
31,65000
67,72000
67,36300
88,9750
45,9800
54,63400
38,9000
73,22200
52,86000
51,46800
62,5540
34,82500
46,15700
52,43100
49,24500
19,6400
19,7600
65,28400
72,11400
42,10200
49,15600
85,6700
71,61800
73,6600
75,19000
47,20700
58,34000
73,14300
37,20100
79,11500
48,32900
21,23100
34,25100
62,15500
81,4900
64,28900
50,6620
24,4800
66,34350
68,3300
33,42600
71,27100
33,3840
86,28300
84,40610
70,10500
68,13200
72,24000
69,37100
68,17100
68,4380
36,43000
59,14600
27,9600
81,40
74,12700
52,24400
75,24900
40,68000
38,57200
17,8200
16,23300
53,17570
52,23370
41,100000
40,5500
72,24600
47,30600
43,23500
43,48600
63,68300
46,21700
76,27100
65,1000
70,40600
15,8000
40,37900
30,28700
69,25700
75,18000
70,14500
80,22100
70,8200
63,37300
41,22100
70,23100
77,14400
69,31500
73,49000
80,16000
43,5400
23,3200
21,8700
19,830
73,11200
42,26080
70,61000
72,98600
64,12500
65,65400
63,49300
76,12080
43,24000
77,15800
46,7000
16,5850
64,27000
37,3000
65,19600
38,30120
36,65000
73,66700
50,29300
19,4600
18,26200
43,4700
30,16600
33,3700
49,47900
59,47900
58,18600
64,16000
71,32000
68,50300
54,870
43,83200
69,22400
55,57000
55,89000
79,25000
78,11750
53,6500
40,36050
25,800
80,16900
73,8800
62,1700
32,19400
69,26500
66,57600
31,24500
86,18000
58,58400
49,54060
83,21900
72,12400
27,6200
38,10300
70,11000
41,34000
36,17500
15,3000
72,34500
84,23600
17,10000
41,8800
32,70000
93,18500
24,24300
23,18200
45,19500
69,24600
77,7100
73,46200
66,34000
27,13500
68,62200
59,31200
50,54600
48,35300
28,41000
78,12800
82,4700
74,19700
49,42120
42,12800
87,40600
66,26830
47,37500
47,18500
53,19300
82,11600
66,22500
65,34900
69,10100
49,93000
44,45300
43,12300
37,1800
21,27500
29,18900
57,3100
58,41500
59,27250
70,15000
68,53200
66,29190
37,15000
40,8600
40,11300
43,5100
46,28800
20,6700
81,18900
68,42800
64,1200
51,27000
15,4500
75,9730
63,30800
54,1200
29,59000
29,31700
39,13500
85,24700
79,4700
58,29180
56,24600
75,46600
77,25200
84,20400
66,49600
72,20600
71,4900
23,15100
38,20300
61,39750
56,7700
47,60000
62,28000
47,53250
57,16200
55,4700
82,18100
79,4500
76,32500
72,18300
67,20300
60,70800
68,51700
58,26150
51,16700
82,7700
76,3400
27,15300
80,22400
41,54000
40,17600
70,12400
52,25200
64,11700
79,10800
79,19910
31,32900
88,6300
52,15700
41,17100
54,29800
76,2100
83,9830
85,27100
62,51900
57,4000
62,13100
57,6500
42,46100
40,2000
69,16900
38,13500
15,6500
73,9800
20,2300
84,16700
83,10800
75,53500
74,22800
74,64200
76,10600
64,44400
80,8600
63,8500
21,16500
47,10100
54,24200
80,32300
80,4000
79,15400
67,30260
19,9500
33,13500
48,40090
66,9000
69,16600
16,13000
85,8000
76,17100
76,53200
64,17900
70,7900
48,6600
42,24500
46,15600
42,23500
34,72000
71,11200
82,14600
80,17000
81,25600
34,15600
86,11300
56,19100
63,52000
54,17700
55,47770
38,19800
43,860
40,10500
58,14600
56,101000
43,29500
44,26500
43,32300
42,9900
37,23800
32,1200
53,20800
45,76000
39,1000
64,27700
53,70010
35,27800
33,12400
49,38500
63,24400
40,68500
60,3000
85,19900
84,76700
50,700
17,920
21,4000
75,32000
45,14700
82,12300
53,41600
52,15400
68,23300
46,5400
81,7800
77,14180
79,7500
73,11500
82,7800
22,3800
77,9000
60,45700
53,36200
78,7090
51,45480
64,25000
29,35000
80,10600
44,19600
26,14730
45,80000
49,6800
25,17600
38,39300
48,80000
54,72980
57,20100
19,13400
39,6500
39,105000
15,320
40,77410
37,9440
76,86700
69,4800
77,15600
47,52000
42,210
43,41300
45,55000
52,9500
69,17700
26,47000
60,23500
76,66000
73,23900
77,31800
57,21200
82,39400
27,31000
77,25500
77,63000
68,36200
48,17000
55,10430
23,450
19,11700
63,7900
53,27400
59,22400
54,6600
54,1900
68,104000
63,30500
50,7500
51,10900
71,64700
72,7600
58,19510
70,16800
48,45600
75,38800
73,12400
71,24900
64,14400
58,15600
57,5200
40,25990
62,14130
67,20200
68,16400
72,74000
43,66000
78,21500
67,5600
43,15500
49,26200
76,40600
75,3900
33,19990
72,12200
81,30000
69,40000
68,41600
58,11890
58,42000
53,44830
53,15440
35,30800
69,38600
76,18900
23,3600
66,35000
86,1100
57,7300
17,450
54,49950
31,25500
75,29700
45,1700
77,16050
81,17200
45,55900
45,29100
76,23796
61,16660
28,36700
21,62000
51,14400
77,58000
73,14100
74,4300
25,24500
39,20500
72,38200
64,5700
78,12900
69,61000
50,5800
66,15004
66,4700
31,14100
65,31400
64,13800
67,45200
64,9500
36,6200
27,22000
54,24030
15,10
88,7200
51,33700
57,47400
70,38000
72,4000
79,19600
31,3600
32,13270
38,31400
81,10500
79,13100
79,18000
66,30700
60,21200
73,37200
52,15100
36,75000
56,40380
76,7800
78,4800
73,22000
68,30000
66,47800
41,9700
64,99004
87,7000
84,18600
77,19300
61,6300
51,104000
45,4300
85,12000
78,20100
55,39600
62,42600
21,17400
68,8200
55,44600
70,40750
74,13900
47,50100
57,4500
43,15900
49,21190
17,7700
76,12680
53,40300
85,23600
67,38000
51,104600
51,50010
49,43010
46,29500
30,2000
30,420
24,800
31,12600
93,27000
72,17600
27,32600
47,69200
44,8500
37,37500
73,50900
79,14200
78,17700
79,20090
72,13700
63,17600
60,39900
77,11000
77,9100
40,46300
55,62050
54,18100
38,20600
63,26000
42,97000
46,48800
30,40010
65,47100
62,520
49,68000
50,12800
73,19400
50,24200
78,15000
45,85100
16,610
26,24100
58,4700
71,18000
52,10120
31,32050
71,38000
52,18000
60,29030
82,10500
83,13000
71,22800
66,9200
51,24400
48,5300
71,30200
36,48000
45,16570
19,9100
61,6450
33,7900
44,42600
46,38600
87,45000
72,27200
38,20800
85,10700
50,17300
55,54300
46,19900
60,20400
46,13500
30,14400
32,17700
34,9700
42,15400
63,12800
61,29600
53,9730
55,85000
55,49900
67,1200
68,9400
54,25500
49,26000
17,6280
24,7300
65,46600
63,14000
54,33600
76,19000
69,23500
57,29230
65,16700
75,13730
33,8300
16,10900
41,30300
86,66300
68,21300
42,29390
57,10300
57,27000
31,44000
46,4800
48,19300
45,2500
65,66000
69,19800
58,640
73,31300
18,7400
65,22400
30,20600
24,16700
76,52000
71,57500
68,4300
76,48900
65,5400
70,24000
84,63700
80,6700
74,39600
71,17600
53,56770
65,15940
39,61000
84,13200
55,29000
58,71300
37,54000
93,9800
77,25300
80,35060
80,45400
68,37300
67,46400
62,74100
56,59000
52,32460
53,11220
58,8200
53,17600
75,6200
36,37400
80,17600
60,54900
65,15300
24,47940
78,18300
74,13300
78,16800
49,62000
18,9700
46,88000
78,10100
82,6900
33,19100
53,16580
61,40000
73,18900
67,30300
47,39800
19,710
73,16700
74,22000
59,17030
55,11200
84,25700
43,17000
40,28700
45,48100
26,20800
31,730
21,700
80,8400
59,1270
54,63000
49,24400
75,18500
77,4500
25,1100
46,19250
23,800
70,16200
18,14200
37,10100
84,10200
52,14800
68,6600
31,100
65,28600
52,32300
81,56100
53,1100
59,22300
36,800
52,9000
68,10100
62,54200
35,6300
40,18700
69,77000
63,17200
33,6500
81,8900
44,43800
39,56120
51,47700
50,88100
47,30050
63,65140
64,35800
52,32500
51,36200
41,75000
67,10
38,730
68,20600
77,14600
64,32300
39,2300
71,23900
41,16200
29,25500
56,64000
59,24600
48,43100
34,37200
85,11600
24,11800
49,9200
48,17700
64,26400
51,15900
41,9400
31,28500
51,1200
67,29900
71,18200
76,26200
69,20030
93,1800
67,19000
93,18100
51,49800
15,4490
40,27000
36,100000
42,4320
61,10500
55,7000
52,2500
78,28700
74,24700
73,11700
67,37700
18,2830
34,25900
74,7500
81,18940
69,4900
27,34050
33,44000
26,39000
83,9000
62,16000
36,23100
65,42400
63,14300
74,24300
47,14690
85,17800
64,34300
55,16890
48,65150
27,14800
37,5500
30,1900
28,4800
47,32300
54,38000
40,44600
39,13980
26,33000
80,27200
43,18100
56,58500
43,6500
85,14600
83,11400
58,9490
62,26500
70,28300
64,4400
60,20500
79,13000
60,27900
53,35300
58,11000
67,4900
72,35400
71,2000
83,26000
23,42000
88,54600
83,19300
52,9900
73,31600
64,58570
58,7700
80,5800
63,20800
33,11400
81,14900
75,16700
93,9100
77,19400
40,96000
48,42000
55,23100
58,40200
78,32100
48,26500
32,48000
59,96000
57,18700
74,5200
57,71000
57,36300
51,58350
21,450
57,15720
76,31430
80,21300
32,300
81,32400
74,66900
65,25100
71,11300
86,16000
32,5200
27,31020
22,42700
55,3450
50,25000
82,37900
45,18500
23,8200
63,26300
41,24400
66,12300
66,60900
86,7300
69,3800
58,24600
51,15200
27,8500
69,52000
70,9100
36,21700
66,15900
69,18200
68,79100
83,17500
62,29140
71,26000
70,42020
72,13300
34,66800
45,19250
52,9100
62,34000
82,14100
71,9400
59,9010
44,39150
33,68010
29,16800
73,21000
40,39600
41,22800
75,9400
77,17900
50,95500
21,16700
81,64800
84,9100
58,61500
53,5800
30,26500
32,14400
28,140
81,6100
45,830
52,59000
25,9600
75,7000
68,18500
68,19500
80,21200
21,4800
85,20200
66,23800
52,46300
73,38300
73,7700
48,13040
73,7300
65,11200
63,20050
71,70000
82,18900
88,8700
42,4600
83,15100
40,39400
57,45900
58,86000
40,500
35,15150
66,45900
59,8000
25,33004
76,11604
71,4300
56,1460
61,1900
49,26900
63,17800
73,24300
20,1590
73,36900
73,9300
69,8600
81,4310
44,12800
71,18700
15,2000
55,38100
49,20500
41,53000
40,7300
28,14400
59,35900
53,65000
76,12200
81,2200
72,12030
69,21830
88,12700
66,29370
53,48000
29,6900
30,32050
78,16700
58,22400
26,2300
28,14900
69,24500
61,5800
18,530
48,10500
41,32800
45,43200
93,19900
35,17200
74,10900
74,36500
68,25000
32,6200
29,14900
63,1000
58,48500
77,29300
78,9600
38,21600
75,40900
70,13900
39,16300
76,5990
76,10800
80,42800
62,57530
58,7500
38,3600
75,34800
57,75200
34,2200
44,10300
45,54400
49,63000
60,47000
66,15000
81,16800
46,11300
32,15600
71,31700
50,37100
71,10210
81,3900
62,36800
63,6300
51,7500
71,52030
65,14400
61,11000
62,54500
61,56000
59,38220
63,9100
35,5200
83,10000
38,6900
82,5500
42,37000
68,27800
67,3800
66,18600
64,10500
56,810
70,38600
71,27900
64,5900
49,51500
49,34800
26,9500
85,23500
83,6300
35,69180
44,12100
48,45030
28,72400
59,26800
67,23200
47,12600
54,25300
63,37100
47,44400
67,75000
56,101200
62,42000
62,69500
78,10500
31,14400
23,15400
77,19500
54,14300
53,10700
39,70000
40,24300
56,9680
87,53200
48,190
51,17800
49,74500
30,11500
51,28900
71,29830
44,33400
40,870
19,15050
17,2040
35,44000
37,1200
70,20800
64,21280
57,25990
45,46300
17,5070
15,50
63,12700
65,19900
56,8800
66,11200
75,25800
75,29900
86,13730
48,8500
42,20
72,18000
82,17600
83,14600
57,25400
60,40500
55,3000
86,10800
59,69000
35,20600
89,10500
76,5300
61,10100
93,18000
86,19400
75,10300
27,43390
26,90
31,54000
75,33900
61,19400
41,29350
69,15900
69,42000
22,22500
70,20500
73,4
62,4
19,9900
80,49000
44,26300
55,56000
68,96400
36,26100
86,53200
64,13200
24,5070
24,7500
75,14100
63,3200
33,11000
63,49200
75,14200
75,26000
69,19700
69,17750
36,3800
77,45500
68,5300
48,56200
54,46900
75,12720
68,6800
83,38200
67,61200
63,60800
52,98500
52,4900
87,8900
44,14500
62,8810
32,7800
72,8900
62,54000
42,38000
66,16200
59,2200
21,18500
67,8500
70,5150
17,6100
87,13000
64,9100
31,7400
69,66300
28,24700
70,8500
64,58060
30,4030
17,8800
15,8800
43,34300
36,7200
18,14300
40,19970
41,17900
27,100
47,72000
78,25500
57,22000
48,7600
67,71700
64,240
83,16000
75,14000
41,18200
72,28500
93,64700
66,33200
76,6030
70,3200
73,11650
82,14200
38,13610
20,6600
69,27500
72,13800
72,25300
26,600
37,580
73,67700
29,43000
42,38300
60,53700
43,17500
52,15020
44,18900
40,21700
57,55000
79,11000
29,66000
29,17800
84,11200
27,39700
21,10100
15,630
39,4030
39,47900
50,64300
60,22400
40,4500
75,15300
47,41600
58,4020
73,64550
75,16200
79,32900
62,2500
71,42100
50,880
71,10320
65,6100
55,18600
57,35900
17,5400
77,24600
81,39600
77,16300
27,19050
93,8100
76,860
55,21400
39,4600
68,14460
65,23500
47,25800
68,67800
71,8900
79,49700
87,13700
23,21400
53,24200
22,3600
73,18600
25,28500
25,51000
60,25410
80,6900
36,14600
67,61000
86,21300
79,3700
46,16020
53,90004
34,420
68,23500
50,43010
57,16600
60,18500
38,46300
48,12300
18,780
62,57500
61,520
77,22200
20,16500
76,23000
49,29000
36,34000
45,21200
59,25200
47,23500
30,38040
30,3400
42,74280
79,25500
84,24400
77,25000
73,27000
76,11300
20,6510
58,31950
44,31400
38,700
16,380
66,17000
61,11600
56,33700
70,17500
43,21600
81,26600
81,44950
64,20700
77,6700
36,36300
77,94600
47,44440
45,42030
32,620
69,7300
63,13500
69,1880
37,84000
40,1200
68,2200
62,27900
75,9100
27,17740
53,15130
69,22310
33,2200
29,80000
69,21000
21,5950
69,10500
25,4000
39,31400
44,1200
70,6700
64,16800
57,29800
59,16100
78,17800
73,24900
28,31200
26,10500
63,16000
65,44700
26,7500
77,27700
75,21000
43,3100
49,18570
63,75000
56,26600
19,260
59,33000
34,13100
71,30300
72,4800
64,27200
68,15800
66,53000
64,11000
78,31500
67,28000
82,7600
55,45500
80,9000
74,13200
31,15220
35,15700
35,13800
67,9900
15,80
62,31600
28,17950
86,7800
77,2900
25,9200
68,26100
50,47500
81,27100
82,12500
77,2400
68,15300
65,10400
52,34700
81,27300
33,28600
81,22420
84,4700
49,65070
85,29800
71,12400
76,13300
28,6300
70,8700
74,3700
30,6900
19,14100
16,720
19,33000
24,8500
66,9900
84,9800
26,55000
60,14800
78,26400
73,13700
42,58000
81,51500
47,3450
82,10900
76,5540
39,6400
43,8300
56,11100
16,10600
70,6800
67,34320
55,3800
68,55800
72,31500
64,6800
67,3900
80,21400
86,5600
67,7100
49,30300
48,3000
59,14400
30,36000
76,14200
56,21000
77,8680
68,10600
37,15500
78,13100
79,5350
42,34100
16,204
76,25900
62,9200
61,18300
69,17600
17,4100
22,940
75,4800
74,17900
76,10300
80,4200
64,17410
61,69000
74,8700
76,3800
75,23200
66,7400
54,13400
38,99000
39,45000
58,52000
68,29800
82,59700
78,13420
16,13500
63,19000
58,25780
76,3300
38,11500
70,22000
34,47000
37,11140
28,26500
46,30700
45,36600
59,17500
48,10800
66,10800
35,20200
36,22600
68,16220
67,12900
70,35200
47,28500
79,12900
70,16500
78,30400
93,10200
64,99000
56,44000
62,70000
71,39500
35,5900
67,15000
62,17500
30,8400
82,15600
78,27200
81,12000
79,4200
47,17300
21,17500
66,21100
53,8300
46,18900
42,16200
35,1400
38,5900
37,1700
47,10230
53,17604
59,18180
40,43300
72,26300
51,18000
50,100000
19,6900
72,23900
76,20500
76,37000
62,32704
47,1700
59,45000
34,27590
57,350
27,24400
65,44100
69,26200
72,9300
44,33500
38,68300
35,13200
76,21000
76,4500
42,36800
36,25100
83,11200
41,22500
61,20020
69,18360
66,4970
38,14500
18,14000
35,12360
21,15300
21,4230
39,62000
72,13000
73,34800
74,43700
63,35000
60,10000
78,52400
78,7200
58,14850
54,9850
48,28100
78,27100
46,38500
47,34950
57,28200
53,2100
45,19200
64,6300
61,7500
36,3600
46,36500
44,23600
71,22500
68,29500
71,14650
76,12400
62,4820
59,26600
38,8300
39,11800
57,72000
56,48000
69,28000
61,14100
49,6990
24,19280
26,1600
57,20900
82,9800
79,20100
72,9400
69,12100
89,7400
74,52000
34,19600
72,6600
52,18700
24,6800
19,2900
64,12600
42,7400
80,13500
93,11700
80,34500
31,49000
65,15000
63,17000
45,36300
58,34020
47,71000
39,75100
37,61000
81,8800
75,60400
60,4700
35,80000
72,12800
61,1890
48,1700
26,3600
50,102000
41,57000
31,34300
55,26000
74,105600
38,12500
42,2500
62,14460
66,30000
47,9040
59,12300
56,15400
74,37500
50,29400
80,15900
62,7600
30,51000
39,16380
38,31700
47,2900
38,26100
69,31100
66,19400
59,70000
41,21000
57,7500
30,9200
86,17600
64,320
62,6950
15,2200
86,17000
55,6390
58,19000
31,49700
28,35600
60,61000
64,18700
76,26900
77,13500
51,21500
53,18590
45,27700
44,950
20,30
62,37500
63,20300
35,16900
65,31000
38,21000
58,30800
65,13500
57,53130
78,19000
35,3600
44,1600
61,12200
47,40900
33,17700
32,78000
85,8760
65,12100
67,21700
65,42100
52,80000
64,25300
57,20000
47,4000
58,6400
23,1300
57,12700
39,52000
37,50
58,36500
63,10700
86,11100
58,54000
71,11780
61,14020
46,930
40,10650
46,3100
82,3800
65,52700
70,2000
55,9200
64,26800
45,750
42,8000
86,8000
93,8000
77,8980
35,65000
33,38300
61,35000
19,3900
61,7200
79,22100
64,8300
66,61000
32,10820
75,19200
73,7600
41,2100
33,3900
62,66010
32,58000
74,25500
66,1600
63,4000
21,18400
19,7800
35,38900
61,79000
45,6300
21,26000
75,22400
60,32000
31,7300
82,8200
82,9900
63,44000
54,450
71,26980
67,14200
50,14500
41,55010
93,19000
54,3800
68,14600
77,24550
81,4730
21,6600
18,140
73,17400
69,15300
83,21800
65,37000
65,20100
53,3800
38,31000
46,30200
83,10820
86,19880
39,14950
53,62800
53,13110
66,23710
20,14100
82,6000
59,31600
80,14000
61,53080
54,2190
54,3700
31,1200
74,16200
44,13690
38,16800
61,33500
65,8800
84,26700
73,5700
68,23000
43,1300
43,32600
69,24010
67,17500
49,23900
51,36600
59,5300
51,26200
20,490
34,45100
43,61100
61,18590
38,70500
20,3800
24,44100
20,8500
44,11600
69,5000
61,64400
53,28000
73,8500
38,56000
84,11900
74,12400
82,10600
61,35320
60,13100
65,7400
47,65000
48,28800
52,5300
49,19500
53,34900
65,56200
16,7200
73,10000
47,1624
63,8800
36,5400
47,20500
27,16800
52,11400
55,87000
71,29300
80,30800
65,30700
62,30700
66,44300
37,30200
41,100400
30,2060
75,15400
48,18800
37,52060
41,39000
27,3100
88,1100
22,5200
76,30300
63,25800
41,75100
71,9500
35,7000
47,92100
53,29700
65,53500
70,41800
52,3800
67,11100
54,39400
54,14400
23,7900
19,5200
64,20100
73,15200
53,100000
65,17600
30,15600
29,6200
39,11200
74,13500
65,10600
58,39400
76,9300
42,51100
39,21804
56,27400
62,41150
40,36900
49,43060
27,13300
60,44100
54,11900
42,6700
34,3600
58,20800
65,17800
75,25400
72,11200
77,22630
48,15670
48,13000
33,13320
93,17300
83,4200
41,62000
40,3100
28,22400
62,5000
57,9200
42,7900
83,17200
59,18980
78,10800
63,63500
29,65000
66,15700
74,14700
69,23700
65,15600
63,17900
65,13700
34,8300
79,23000
74,9200
63,14680
60,14380
79,24800
72,18700
36,15500
69,26800
28,1300
33,20500
30,7500
56,31000
39,8200
35,26200
47,10800
46,7300
61,8300
71,22200
59,10700
44,12300
71,22000
23,44100
68,5600
80,29870
40,8700
53,50500
62,32000
55,32600
65,2300
79,30000
80,4600
55,4000
55,20500
29,10300
62,17900
38,27100
18,4300
62,9500
86,15480
73,39600
79,14320
83,10110
78,67610
80,4700
52,17000
54,4700
86,18400
75,21400
75,31100
46,290
77,1000
69,39500
56,67000
72,2000
60,23600
23,11100
70,1100
67,11180
21,12800
45,16100
70,1200
67,55000
53,13800
50,20500
53,74500
58,17400
55,16500
57,41800
58,8800
52,25800
66,12000
37,37600
36,22200
62,20600
53,18000
69,12830
64,13900
60,78000
54,53000
72,10050
36,32500
34,26600
71,45000
69,1600
76,19100
88,5600
73,15580
78,10740
40,14700
44,20300
43,8500
39,90000
71,20600
67,67600
46,100
60,13300
52,24450
69,39600
84,10300
19,7700
51,26800
57,49500
30,7600
68,31000
78,18900
27,44000
50,15240
66,2100
73,10300
62,6700
84,27700
67,18800
78,22500
52,49400
63,15330
43,1700
79,5800
52,37300
47,44500
40,7500
57,17450
54,16250
24,11900
60,1000
70,29100
75,8500
71,40100
57,2000
25,9800
86,14200
66,24000
33,24600
41,41000
47,38960
44,10200
66,42900
56,56000
76,16600
73,5300
74,2400
75,7600
65,24250
64,440
72,7800
62,20800
61,24100
46,5700
72,26000
68,19100
74,7900
18,850
68,85100
73,24500
64,22850
63,8900
71,3200
51,11500
50,26000
28,28500
70,18500
22,19000
51,21900
40,25700
61,12300
71,43000
39,32800
79,20800
74,4020
74,27200
78,4100
78,25400
65,17500
85,1200
52,93000
50,23000
33,200
77,62500
77,4100
66,21800
44,16700
64,50000
62,22800
80,28300
41,43100
69,48700
62,600
37,65000
80,42000
20,4500
62,35100
38,65400
40,37000
43,40200
68,11200
63,5400
70,40810
71,7700
59,30600
73,15560
68,12400
70,20400
20,15700
46,12480
53,60000
83,19100
20,7300
64,22200
74,28400
67,25500
25,51300
49,32970
84,45400
56,25400
50,710
59,16000
65,12200
40,23500
59,69400
47,100000
29,52000
89,24100
63,15000
53,69000
62,48200
35,26440
61,57200
31,60000
76,11000
59,20800
50,7100
83,17300
77,25400
69,7680
69,7100
50,7300
61,12100
28,15500
24,15300
71,21900
77,3100
62,33300
41,2800
69,35100
65,7500
68,22800
66,9300
65,9500
41,62230
74,15100
72,3900
17,11000
87,9900
68,10800
60,22690
60,29280
29,8900
61,600
58,61000
31,55000
27,11600
28,10500
68,14100
44,8170
75,8200
69,19230
56,58000
56,25050
34,15700
50,43050
78,17100
76,10570
45,30500
36,18500
64,20130
59,10100
68,56000
57,25300
55,30500
48,20720
72,16100
49,65250
44,18100
48,17404
93,17600
66,8700
39,11100
70,6600
55,15440
52,13110
44,8600
50,64200
48,1000
77,29100
70,19400
63,22900
52,9300
69,16200
65,8700
78,18800
76,15400
38,3500
31,10600
40,5250
62,11300
40,7100
81,13230
21,3200
71,10340
19,300
35,5100
37,11600
79,9000
80,26200
62,27190
22,25400
22,18100
66,28400
62,26200
74,16000
63,7500
27,1400
40,59000
46,15200
49,16800
73,11800
73,18430
86,9700
51,18600
27,60000
34,6250
89,23700
58,37000
64,33200
52,80800
66,10200
80,15400
30,20500
79,17200
24,7800
59,5400
59,500
53,4400
38,15100
70,20700
71,15950
20,36000
59,7200
30,56000
37,37800
50,18200
46,7800
26,28000
69,24400
36,19800
55,14600
61,39800
85,18910
88,6600
84,8700
80,11200
71,17200
75,7900
47,84000
76,11620
65,18100
57,37000
38,14400
78,8800
60,11100
58,40600
54,60000
27,58000
78,9800
37,27900
16,870
27,21700
63,36000
43,610
48,75000
77,9500
83,8600
46,40900
70,33700
70,4200
68,2000
71,8700
76,15600
18,20200
60,65000
62,45600
42,15500
30,14100
38,67100
38,22500
73,26100
71,21600
42,70000
23,36000
20,11300
69,16500
76,16800
73,85900
27,8700
18,360
71,10000
78,13200
59,8780
31,38500
65,25700
64,34010
54,32000
82,17200
76,19500
65,4710
64,28800
68,47800
81,4700
28,49400
71,49100
70,15500
82,13200
79,4900
43,27800
35,20660
69,18900
43,9500
66,22400
39,22600
36,22500
44,14700
26,24600
40,60200
38,68000
50,18300
63,21000
72,13500
82,9300
71,33000
75,14400
35,7500
44,3000
72,15800
71,18600
70,22100
35,15810
72,33800
75,17200
77,2300
58,36400
60,10100
72,16200
45,39000
58,5400
79,9900
65,32000
18,26900
16,8500
60,31700
55,2000
16,240
57,1100
43,23000
27,4300
29,21400
52,1520
43,28200
72,62000
75,19400
64,5600
60,21600
54,8600
72,10300
67,10100
87,11200
54,81500
68,44200
38,37700
43,29000
50,15900
33,22800
32,16200
17,750
81,6700
52,20400
58,86500
42,21400
18,900
25,24700
24,24700
65,7000
87,17200
49,32300
82,8800
44,5004
26,2200
41,24480
65,37100
50,32200
83,14000
67,2800
85,34700
73,3600
68,11600
49,3160
38,20500
34,17300
39,17800
80,29700
71,33400
74,23400
63,14100
76,10430
39,48200
51,22160
32,6400
17,430
61,58000
66,5000
51,7600
31,7700
75,27000
23,22900
66,32200
67,10200
57,61500
56,36900
51,101640
50,6600
26,29000
49,21300
46,13300
57,43500
70,27000
71,51100
74,22500
46,9600
48,10200
66,60000
74,14100
68,17400
86,9600
39,8800
54,34640
27,20900
93,7200
26,34600
66,57300
60,22960
65,15400
79,16100
56,74000
35,22400
17,8400
68,2900
36,13600
43,14400
93,40200
51,41800
24,44000
30,44900
56,8100
51,6200
79,23300
67,14100
63,10000
72,2700
65,2500
16,5200
25,45800
73,8100
76,3600
34,18700
59,16800
62,10900
70,15200
65,46130
67,6900
78,31200
78,16900
29,15400
70,10800
72,9600
70,13600
65,9900
77,42400
49,1800
35,19300
76,26400
80,9400
21,9800
46,3200
73,79000
66,21040
59,26000
55,64000
20,1790
73,8400
59,8700
67,11670
81,20
71,28190
42,5850
32,40000
70,32700
67,5200
62,14000
53,17300
25,34000
23,33000
67,16600
93,16400
34,1500
17,14000
39,16800
61,20700
57,100
76,18600
35,58004
38,62000
31,11400
56,5400
56,46000
89,5000
86,5000
56,21270
84,30130
87,7400
84,23800
70,11900
23,14200
80,15600
66,34300
71,6700
19,23000
38,23800
40,12300
79,32700
31,51800
21,2700
65,5500
74,21800
70,13400
24,12700
49,34000
45,63300
44,3700
80,10500
81,10900
24,13100
81,47100
78,12300
41,800
74,21820
32,21200
40,16600
57,92110
21,1700
73,11900
33,11300
39,43400
79,14660
65,12500
62,26450
38,45400
24,22000
69,19900
63,44600
61,24400
55,21550
41,21200
42,5280
80,21600
71,7400
75,11300
67,9300
41,860
46,8500
45,8200
69,10000
62,44000
67,16220
38,8400
89,1000
42,59000
77,8930
58,31600
48,33200
48,15700
42,5700
49,1600
71,6240
47,103000
88,24000
67,26000
71,17300
18,10900
35,1900
65,24000
57,36000
29,82400
79,22700
74,3900
72,18900
77,5900
57,10800
33,31200
20,9100
74,8500
49,15700
86,7200
80,34320
37,9800
58,2800
63,20500
64,13000
56,6700
57,2600
93,11500
49,21630
30,29200
43,34580
41,2200
20,15900
67,18000
81,1330
37,41600
52,5700
77,8000
27,190
44,5920
84,7000
68,12820
49,36200
51,9000
70,4800
74,29500
44,29700
84,6500
61,33200
57,33200
65,58800
51,28500
48,29200
71,19700
39,66000
18,9600
16,4200
65,25400
17,15000
86,8660
23,15300
62,47500
38,10400
58,81700
55,4400
44,23500
39,16500
72,53700
52,59400
43,23900
48,48100
20,10300
66,21700
64,1000
88,21600
85,4700
72,6700
15,2400
20,9900
42,24900
64,7200
78,15800
78,5800
36,34600
54,20700
76,5400
84,59800
60,200
66,14300
53,26300
61,56800
59,17900
51,35400
61,6250
39,37700
22,510
50,9300
61,36170
59,13100
81,18800
86,31900
48,15300
77,36700
57,15100
76,24500
57,15900
35,33660
36,16600
68,14700
67,20010
66,7800
89,10800
33,16200
63,25150
53,25700
44,7500
56,5500
43,19800
48,98000
59,63200
23,37000
42,41900
65,50000
32,7200
71,33290
71,9300
79,42400
25,100
33,9800
59,23500
59,4
59,14500
78,46004
72,2900
72,23000
82,9200
71,26900
79,42000
66,75600
42,12300
53,21600
49,120
44,16910
28,11560
30,15800
16,780
32,37000
39,25300
74,7100
85,5000
32,6500
65,17000
49,4300
54,29400
60,14500
61,50240
66,35400
60,25500
35,13500
58,25450
50,22300
35,20210
41,15810
93,4
57,13780
56,6200
39,43200
71,31100
75,16900
31,3900
73,44000
40,16940
69,25400
72,6800
78,19800
44,41600
61,20970
53,26800
73,37400
70,13140
76,4300
58,3300
68,8000
67,5000
39,2400
79,35300
65,19080
52,6820
43,16900
57,66880
26,43000
73,26200
27,18500
32,18500
34,18200
67,22000
79,19000
57,15000
61,14700
65,26300
38,78000
39,7300
62,81600
46,17500
74,20700
65,7900
38,26400
35,600
66,25300
24,33000
87,11300
81,3700
81,13830
70,20900
57,44600
41,16700
38,19600
36,11500
61,16110
69,71300
36,13700
40,25100
81,13800
28,21700
66,3700
48,63700
49,12600
68,3600
47,47500
71,18900
32,42000
27,19900
51,7100
69,20900
45,55200
51,11800
44,4700
79,13200
82,14000
66,32700
60,9600
88,6410
27,13900
71,11580
69,21600
70,12700
70,2200
74,25400
62,9600
29,45800
58,16500
45,27100
39,19700
63,69630
86,30000
48,70000
53,47800
58,5200
47,26200
37,890
68,21800
84,19000
72,2300
58,6300
57,27400
77,16400
79,6200
41,21900
39,40400
82,17900
78,24800
69,25000
66,20800
93,54100
75,24500
66,7100
55,19650
59,75000
31,6300
25,29400
65,24870
60,8210
72,34900
57,15200
93,12400
58,15870
46,4600
93,17900
40,13200
45,73000
45,5600
28,1800
66,18900
70,72000
85,13900
60,27210
43,27200
75,6100
74,14370
20,17100
73,43400
65,7680
93,26400
35,24800
36,4300
58,48800
60,4670
43,33900
32,400
44,26200
35,45050
31,82000
75,25300
71,12900
59,28800
88,10600
23,28800
22,38500
75,13600
39,17300
36,14900
61,13000
61,80000
51,2500
67,33000
53,15700
50,16700
40,4300
68,33500
50,30
80,5900
42,44000
61,5500
83,18300
67,16000
17,6600
67,49940
48,15500
17,130
75,29600
63,1980
62,2600
85,21000
50,11040
72,4200
48,32600
54,24300
28,14700
25,10200
36,39900
78,12100
49,17910
48,13500
42,21600
62,77000
81,25700
73,18800
63,12140
77,18600
39,22500
21,2000
41,15300
64,34100
39,10700
67,14370
21,15800
17,12500
58,12400
64,8900
62,38300
60,41060
68,10000
32,11500
67,31900
63,5300
31,2200
48,7300
70,16400
62,2800
60,3700
45,31800
86,18700
75,29000
70,10660
65,20810
68,7300
60,20900
59,24100
70,18800
79,16500
85,6520
73,53500
37,22800
55,2950
51,41200
41,16300
48,39600
23,10500
27,41000
82,16000
87,8770
61,24300
71,6200
58,37600
30,13700
80,19700
78,4400
54,14320
50,7800
44,7080
34,40600
69,30100
60,18100
39,1900
83,14200
29,33300
34,28150
51,27500
52,27000
72,2600
74,5500
35,18600
60,79100
55,7200
72,21700
67,58100
64,7300
75,12280
32,60500
34,8200
32,19200
56,61000
67,19800
68,44000
72,27100
59,38700
87,35300
78,20000
75,26700
63,6810
75,7340
45,21500
45,22100
43,53600
60,22600
70,51000
67,21500
76,38700
78,5300
71,13700
65,43100
58,39900
38,53000
75,30000
34,16000
37,37000
69,34100
41,22920
17,6500
24,29000
65,39720
40,8100
48,86000
48,36600
38,19500
49,5300
20,8800
20,14400
66,48900
24,10500
35,9600
43,11300
72,52280
59,30100
66,36100
65,28720
76,32100
66,3800
80,10190
82,20000
68,20000
64,19500
36,82000
38,39150
74,8880
68,50000
81,21000
52,3700
49,17500
73,26500
70,3700
45,19530
49,10200
45,2200
62,16660
49,47300
45,4900
47,10050
84,13800
67,17200
38,22300
34,2500
77,7400
77,14300
38,26200
53,28600
73,10400
84,8400
43,60000
86,17400
65,25000
35,34000
83,10200
88,11000
26,17700
27,11200
59,90000
70,26300
25,26600
68,23900
65,18500
33,35300
77,35000
63,71000
62,37400
73,49800
67,9700
20,1600
26,36100
29,11300
73,7370
57,2604
37,1500
70,11500
62,400
46,15040
44,38040
69,9400
36,29700
39,17900
38,28200
84,12200
60,22000
59,5900
40,63600
24,880
65,9210
44,67000
77,30400
46,46000
35,90000
86,17900
68,17500
71,25300
60,34500
48,300
48,8600
77,21800
74,24500
69,27000
63,23000
53,35500
66,49700
73,11000
33,39520
45,66200
41,9300
44,49700
48,67000
35,48500
38,47200
61,29500
18,440
76,17300
82,9600
71,4200
82,19700
78,4900
93,17800
72,1100
66,1100
53,34500
65,27000
29,31000
66,26500
19,8700
86,62800
78,33600
75,11600
50,16600
65,28800
57,41100
67,36400
69,57200
60,61100
31,19200
82,14700
27,20800
36,49100
78,25200
58,51500
51,47500
87,45900
71,20400
74,3200
78,5020
75,15630
67,21600
39,18200
54,8400
34,27900
25,19800
45,800
74,12810
58,29900
84,24300
65,24200
37,31020
69,22600
66,5910
78,6700
72,4600
81,20400
29,28100
89,36300
93,2600
37,7500
60,37400
75,25340
65,30200
60,2700
69,49140
38,39000
45,16160
45,4200
15,10000
39,40700
34,21300
55,10400
60,30500
45,28030
51,38800
69,27020
41,80000
69,12400
69,6310
50,4000
27,14200
56,12200
42,82000
27,27500
52,7600
47,18200
24,23900
72,11670
56,5600
68,14200
19,650
53,2900
44,28900
44,27700
33,8600
54,6700
79,57800
43,58000
81,21300
47,14730
28,3700
22,21720
25,21300
60,98000
52,21600
33,14100
82,21800
18,2300
68,16800
50,9500
26,17000
43,90000
18,6800
17,13000
54,11300
63,2300
20,8520
22,950
71,22100
61,7800
72,15300
63,13700
79,21500
42,85000
61,19200
17,4
48,15600
31,5600
26,14080
28,18040
45,4000
64,45000
80,17900
80,54400
43,15300
39,50300
75,24100
86,8400
64,16900
42,18600
38,13400
23,9400
60,14610
71,15500
77,20800
30,17600
76,73500
65,6300
74,33200
54,21400
66,28200
43,36400
22,14800
35,18500
36,100840
58,18300
56,4670
71,15400
75,2300
70,12900
88,13700
67,49000
79,67600
45,12400
42,67000
44,55010
18,11000
78,19200
59,33300
59,19400
79,38440
82,45100
83,8100
85,7500
77,17400
77,31500
79,7730
71,9800
73,4500
34,32500
59,5700
56,17000
79,27500
67,20104
51,14200
34,36200
44,65600
48,3100
50,7200
21,21400
69,24000
50,95000
58,45000
40,26600
58,550
36,14300
17,550
23,46300
52,19500
48,16300
58,23400
55,76000
37,10500
50,24100
61,19300
37,44000
17,860
64,24300
62,25900
50,18400
51,8600
67,30200
61,46600
89,9960
63,29000
39,12280
36,1400
64,38900
56,51800
56,15300
82,46000
50,22700
85,40200
86,18760
28,44000
70,12300
67,35210
44,21500
67,11800
15,3400
66,19000
62,13700
49,9130
34,16300
66,64400
58,22700
45,100
59,28500
55,31400
63,19600
62,31700
83,17600
75,18100
73,970
83,3000
56,45780
78,30490
78,15150
65,9400
66,12200
36,28890
39,19300
54,20100
79,10480
37,25700
56,25500
51,36300
64,7500
73,13500
85,4500
43,16600
66,14900
58,12500
68,26900
31,35630
73,5750
44,84000
60,44000
66,33100
63,1400
50,38600
23,17200
50,42980
20,42000
60,14230
53,38100
82,3900
62,21200
25,34600
24,26970
40,33800
29,21600
36,17100
89,15900
53,33600
53,31200
61,27000
55,6400
84,5600
84,6300
83,14900
75,20800
37,73090
29,20300
53,33500
46,20340
76,13800
65,45300
59,13500
81,74700
62,73800
73,11400
77,2800
85,12800
89,29800
67,3200
46,11600
51,21810
45,18020
34,8100
85,53300
79,20600
72,54300
50,73000
68,61200
75,36500
68,6700
68,22600
73,30600
17,1380
36,30100
32,24300
68,32240
72,11440
66,47000
60,3200
70,1750
61,3000
76,11600
75,89700
58,16100
44,26440
79,8200
56,15200
76,16200
53,9100
53,92000
44,35820
37,47300
58,36900
44,4720
52,13700
40,60800
19,14400
19,3100
70,22200
48,12600
28,15400
80,24100
81,52000
76,13100
79,5900
76,19300
39,10900
33,2500
86,3600
47,29150
70,14550
65,36100
34,20500
75,6300
89,10600
19,23700
56,20700
34,3300
71,49000
77,11600
52,16800
41,6900
89,21100
63,21600
21,8904
27,18004
58,5500
72,47900
71,3300
44,14600
83,27100
67,18400
73,29000
75,33000
73,24250
83,16200
48,37400
41,25040
32,82000
61,27400
59,18200
29,79000
33,9500
81,10200
56,22900
67,13300
65,22300
59,37700
64,32754
42,21900
76,11690
30,28800
75,17600
34,22300
43,30200
76,34730
38,750
72,5280
73,16900
52,20150
63,65000
80,36500
84,15100
48,45210
42,5500
71,44530
69,8260
63,32600
69,33000
74,37700
65,62600
36,1000
64,5410
43,41000
55,12300
54,67000
26,7300
44,57000
39,21800
84,8000
79,12820
57,3000
34,16200
19,4900
65,35400
62,22000
83,13500
64,18450
93,18800
24,9900
65,14900
38,33300
40,20400
41,27200
34,8600
58,20300
47,3300
67,9400
55,5050
24,35000
64,30700
49,23400
32,36240
76,4700
57,16000
36,13500
60,25600
39,44700
39,27700
19,5700
73,63900
37,10600
76,39900
77,32900
27,30100
74,34600
23,6600
54,2500
74,4000
59,8800
83,6600
34,4200
48,21400
61,5400
21,30300
78,13000
72,10800
68,8500
62,2950
43,3700
53,45900
72,16510
44,21700
42,23100
54,16300
71,7100
61,16600
47,43100
53,5600
49,9000
51,33000
45,36500
20,7100
56,6800
47,21600
30,11000
79,34700
47,44900
56,12300
77,26000
78,8900
60,25950
64,3900
75,3500
73,12200
34,47200
36,39520
69,4300
26,16400
69,7600
64,2070
47,8100
76,65800
58,510
50,32400
48,24200
69,21200
44,14100
60,53000
72,16000
61,17300
75,32600
32,41100
62,6880
61,15800
64,13500
36,7900
73,54400
78,3000
21,9790
74,24200
47,8400
62,37900
62,13300
59,11720
82,13400
36,6010
56,26530
53,28100
74,25810
77,5000
57,20520
55,14810
75,12700
22,7500
75,21300
40,36800
41,1850
66,51900
60,4500
46,41500
65,15100
47,20930
43,12600
33,29500
83,30400
63,2180
40,10020
52,19850
60,30100
58,300
33,5400
40,48030
42,39600
35,48300
53,26500
60,80000
66,2000
85,22750
67,6400
67,17100
66,16100
58,11900
79,29880
81,15800
72,72500
75,58800
58,96500
57,69000
64,23700
27,6800
51,99000
48,17500
29,3800
24,8800
60,41130
57,13900
32,3900
65,105500
64,14504
69,3000
42,45810
72,22650
76,30900
65,15560
68,27230
83,23300
59,47500
39,7500
61,31080
50,48320
58,48600
75,3800
31,1100
35,23200
33,19800
54,15400
74,28200
83,17400
55,24400
64,3100
63,4260
68,1100
45,17600
17,9600
40,65000
56,400
51,790
69,14500
55,18800
23,24500
54,19600
35,4000
55,79000
40,26900
18,280
63,36410
73,22400
70,2700
70,39200
48,19004
27,7100
67,25200
23,6900
23,4900
66,12600
73,23400
28,27000
75,7200
36,10
42,14900
67,13800
59,15600
40,7600
63,18600
44,41300
59,49600
58,18900
85,15600
64,43800
67,22900
61,26800
59,52000
60,16900
54,46200
54,43300
34,69000
43,44000
76,20700
68,24000
70,9500
76,5000
75,2600
50,14700
83,12000
35,63000
46,24200
81,1400
79,4350
22,7800
22,37000
19,17900
20,10100
41,44400
21,17300
60,52000
84,10700
63,41600
57,33000
77,18800
40,31300
68,7400
67,31400
75,25700
55,52580
31,38900
51,18500
29,7400
72,37000
71,10800
66,14800
42,22500
31,7900
54,58000
50,9700
45,23400
55,23500
33,2800
67,33400
31,13100
70,23200
28,6400
25,24400
35,21500
43,65000
81,23800
71,24000
23,9800
66,22080
64,6460
52,700
41,23280
28,950
77,42000
86,22500
58,16300
75,8600
70,24700
77,12100
81,4000
61,34700
34,28800
49,55100
50,8280
54,17500
49,18200
34,52000
20,2100
71,35000
76,25300
79,3600
39,43510
37,7400
64,37900
64,650
31,26900
32,25600
77,16200
69,8400
85,26000
60,14604
53,38500
37,40400
76,18200
38,13100
42,67600
69,25200
54,61000
93,13900
93,13400
68,13700
73,15900
66,2200
84,9000
60,24500
72,18540
29,260
32,6800
78,14000
45,33100
50,20200
73,35600
66,1700
81,6600
45,28600
78,75200
23,20400
69,55700
78,22700
72,14500
72,250
32,19700
50,6400
46,22920
58,52200
48,31200
80,29000
76,20900
67,11700
68,16300
77,20200
52,12100
68,4000
69,26400
39,18900
86,21200
70,5800
58,760
75,5700
76,39600
75,36300
47,28300
74,20400
57,2200
72,10400
53,52200
80,19400
80,19200
81,19100
80,16500
48,24100
76,28500
74,30700
67,24380
64,21300
62,3800
68,9210
67,18700
30,37800
41,200
71,40200
79,3200
42,77000
72,12100
36,46200
65,9800
29,10990
50,68000
42,19600
21,13900
68,37500
69,74400
71,9000
35,35400
48,49800
38,800
59,5110
80,10900
82,1100
61,5430
57,12300
71,14800
55,23750
46,36980
27,35000
60,39200
28,34200
53,19600
40,18400
55,104600
62,12400
52,72000
15,1900
49,18100
57,65100
62,6380
82,11940
40,22400
53,34600
77,12700
80,15580
80,10580
64,6900
36,10900
25,6150
24,7200
41,43000
42,68000
17,7200
23,28000
72,32800
50,27004
38,43800
36,19180
33,28700
36,14400
47,13400
43,11500
67,68400
31,31400
61,20200
66,27400
65,9000
57,840
42,10900
74,16670
65,21700
70,20300
60,7300
51,7000
66,33500
34,32400
79,12360
51,29300
53,25090
34,13800
74,18300
81,18500
61,23900
37,21000
65,18600
79,39800
86,21940
50,8250
17,3100
71,4020
52,2700
63,11600
59,4700
19,15200
75,11900
53,99000
18,6510
69,32000
59,6350
29,7600
36,700
69,110
70,15300
63,8100
52,22300
68,31430
66,43200
63,11410
37,103600
33,24700
55,62400
45,16400
42,42500
41,12500
17,4700
85,3600
24,10700
36,43100
47,18300
79,24200
34,19900
74,28000
65,3200
73,26800
42,2800
20,15400
43,2900
20,11700
65,40600
67,12300
62,5400
31,4290
36,43600
45,400
41,19500
44,41200
44,39000
61,10800
64,4100
85,4200
81,17900
60,17200
38,51300
56,24800
69,15170
55,29600
81,36000
73,15400
67,11000
60,1100
59,68000
71,30400
68,24410
66,41400
70,60300
31,16200
27,25300
46,24800
78,9110
61,57000
39,34120
47,11704
27,2100
79,10200
67,9200
57,20700
72,31000
52,28400
43,3600
47,14204
82,19100
50,5320
30,1500
69,19600
63,9400
45,19400
65,19200
66,31600
62,10300
35,17700
54,70000
71,21000
67,2000
36,17460
30,11600
71,41500
86,11000
74,17500
65,3700
93,9300
74,40320
68,17000
56,21100
74,9400
41,30400
53,8800
71,12800
71,1500
46,22800
82,8700
37,6500
32,1640
83,8400
61,24600
78,42200
66,32100
75,10400
42,36410
44,11900
37,85000
74,32700
63,40
49,13600
67,35000
86,4000
23,26800
36,20800
38,12300
74,14400
61,8400
35,75840
45,15200
65,9200
79,42600
78,23300
60,25020
53,22050
54,55200
26,5800
21,600
35,8700
47,16500
66,22000
71,44800
32,6100
74,36000
64,27100
32,28100
33,1800
34,62000
38,45080
63,9900
49,20804
82,19600
81,4400
81,21900
74,37000
46,300
43,47700
72,9500
67,15300
72,78000
47,46600
50,32040
70,18300
40,52400
58,73160
52,32400
57,9700
56,6880
79,33600
76,42700
82,19400
23,2200
84,17400
83,56200
82,24800
60,900
50,15400
65,40000
70,16700
46,82150
21,14800
24,9200
50,21600
48,16100
30,64000
30,23600
63,21800
63,14950
17,11300
63,9600
66,11600
59,1200
20,450
78,19420
66,2400
23,960
27,800
32,4600
72,60600
61,27800
68,14900
33,15500
50,43000
81,11200
68,5240
61,84300
54,10320
33,28240
17,7800
72,23400
74,24000
41,6400
50,43700
32,53000
40,1300
30,26000
83,13100
68,43600
60,19700
28,12300
18,8000
28,20100
49,32400
48,730
27,9200
23,10400
71,20300
70,7100
50,20450
40,29300
21,20500
45,28950
70,9900
72,5400
30,16030
72,28100
50,13200
63,2500
77,30000
38,17600
33,16400
64,17600
25,3210
85,13200
67,20100
47,24600
68,13800
42,60800
73,4400
82,21600
59,11500
70,3900
60,3300
70,34900
51,32700
47,30700
40,18600
36,23900
35,19200
56,24700
52,12200
40,64000
54,9800
46,13900
59,13400
59,8400
60,69100
85,24500
47,42100
27,270
41,42200
41,49000
29,300
61,38000
51,51670
23,16600
22,1220
68,17300
66,34600
62,13280
67,37600
66,78100
29,23400
57,7000
68,22120
63,7200
83,26600
68,11500
74,4730
69,4700
65,2550
35,21100
62,13450
65,15900
75,12150
53,67000
32,56000
69,20600
32,4300
67,21390
57,51000
56,90600
74,14000
40,18500
49,5500
68,16340
15,3500
93,7400
69,57000
70,37800
75,21900
84,29800
67,12800
62,18600
75,9900
72,13600
44,27100
71,24700
48,36090
65,61000
54,4000
20,33000
23,6400
28,5400
66,7360
69,42500
80,13000
60,22930
80,9300
75,19270
72,58600
74,7740
80,33000
81,11500
71,8500
74,4100
70,4100
63,16800
54,22200
63,23100
78,11550
84,12160
30,27920
33,15600
61,30200
56,3000
53,18500
57,25500
35,11000
69,31900
16,700
57,25900
58,1700
71,16200
36,37190
63,11510
50,66200
62,27500
58,48950
36,16300
84,10500
54,2400
52,33600
52,38900
20,17700
67,15400
43,31400
88,12300
85,4600
35,29100
56,5700
75,14500
71,4600
70,3800
37,53000
33,47200
67,53200
59,20200
39,2700
76,10110
31,4200
79,15000
65,9300
64,7690
60,630
25,16700
46,16400
29,5500
35,14300
18,12200
40,1870
54,710
16,80
59,48200
37,5700
31,8300
42,4900
45,5400
51,48000
63,27800
63,26800
71,25000
66,31310
69,5340
59,66000
54,7300
72,3400
58,32600
56,22600
50,35500
50,12900
51,24100
66,17500
57,18100
71,16600
81,17400
87,20600
84,28100
43,85000
72,20300
61,18100
61,6430
74,15300
75,6900
33,3500
30,3500
29,4100
18,22000
19,18600
71,47000
30,32200
87,34200
70,10190
72,5300
75,9200
73,43000
27,39800
77,33000
93,13200
39,22900
37,18600
51,34500
73,80180
59,7000
74,22700
58,27800
16,640
67,43000
68,38100
62,6100
77,21500
76,13500
93,8700
78,5870
66,7740
82,23250
67,12500
35,37000
62,460
88,8800
77,6780
60,10900
39,7400
47,4250
68,31100
58,37100
29,15100
18,3400
80,31000
77,14100
66,20400
82,21900
52,45200
52,42800
71,11600
84,20700
36,58000
59,3800
73,69400
46,8600
36,15810
69,5100
26,23740
25,37900
53,5200
69,11400
40,81000
55,19800
70,11430
80,25100
75,8000
25,15800
58,7300
37,29300
76,6700
68,42200
72,19900
68,22900
56,66000
67,70600
67,36390
74,4800
76,2700
83,6900
52,1850
40,94000
22,330
84,7700
88,10300
89,17390
82,36700
77,9300
45,48000
82,35000
67,5900
75,65500
79,37100
54,20720
65,52800
66,16600
70,45460
72,8500
50,38500
37,26404
35,14500
60,21700
59,15100
93,10700
56,11340
58,20200
32,9700
61,21140
83,16500
63,62400
43,40070
42,7170
15,5630
62,29100
64,26500
19,6800
81,24200
28,1600
19,21000
36,520
46,35000
20,33300
24,4900
21,11300
28,4510
93,19700
82,8910
53,46000
18,9800
69,49390
72,3100
57,14700
30,12500
30,1200
45,20600
38,12400
72,70500
69,43400
71,15600
42,19900
18,12300
74,48300
75,12300
78,46000
43,6200
69,32780
26,17100
34,10390
22,10800
64,50500
61,34000
71,39800
74,41100
48,23100
70,13200
55,19200
67,20500
61,550
78,11300
23,250
75,55700
67,24200
75,34300
71,26100
82,14300
41,32500
82,22500
64,44000
72,22000
79,12750
68,2700
41,15004
41,4
63,13100
66,6700
72,5610
37,18100
41,510
40,2650
72,28900
84,24000
43,36600
48,25400
44,32800
42,2050
37,250
87,18900
84,10100
22,11360
56,8830
63,80100
55,66100
32,14800
57,9380
28,6600
18,63000
69,16100
45,5490
64,46600
63,4440
28,11800
68,23800
85,53700
45,60500
57,50300
58,700
82,47400
39,86200
38,15300
36,5600
61,5900
61,28800
69,9100
65,1950
22,920
80,12200
29,90000
39,28950
51,18300
27,14500
93,10800
72,74200
64,24100
29,27710
61,1290
89,10200
87,12800
60,13500
24,8600
23,19200
63,16500
29,22800
72,62480
82,17400
81,27900
76,2800
50,18540
75,29100
38,10
55,19000
17,11100
75,16000
80,9690
73,14000
52,10300
16,2130
31,21730
79,12400
34,8500
64,10420
82,34100
41,400
79,16420
36,14200
38,53030
79,19100
66,21600
69,14100
72,27830
54,35300
16,3700
55,45250
64,15040
73,38100
74,1700
76,33300
53,4600
54,35700
56,2500
81,28000
29,26900
56,39550
54,300
25,26030
19,3400
65,73300
30,54000
39,25600
81,26000
47,21460
38,31200
50,19500
49,18500
43,24720
55,17600
33,7400
39,38000
40,3340
80,33210
76,7070
63,1720
55,31600
44,1900
79,17900
40,35480
37,15900
74,18700
30,20200
28,32200
67,9530
66,60500
55,69600
54,9230
64,15500
28,3500
45,3600
72,7700
41,70
69,43700
51,70500
69,37960
69,3330
35,45950
32,15100
65,21800
57,19380
85,4000
58,28800
41,50020
35,20020
62,44430
24,27900
35,9500
31,6700
42,9200
64,68000
27,21200
49,54000
22,3200
35,17600
35,60250
30,4000
37,23600
65,23000
81,84300
78,8300
40,61000
45,62000
60,43000
25,4800
70,17200
20,18300
75,10100
22,50000
79,7600
43,3500
24,19700
84,1100
46,18200
58,90000
20,12400
71,20100
71,36700
35,47500
23,13500
37,19800
72,11600
68,14000
63,103900
69,15800
57,58900
63,1200
46,14500
50,8600
71,67220
67,16300
21,12600
50,34300
34,8900
37,63900
36,45500
74,89400
66,56200
42,48020
49,55020
59,12900
77,11800
73,4600
82,85100
51,1700
18,1140
63,28200
59,15400
55,16100
32,290
37,10700
35,4300
29,17000
24,31500
80,30500
68,10700
89,14680
93,36700
29,4620
32,16900
43,7600
36,9300
50,350
16,530
24,10800
81,24100
78,6600
72,3000
72,23700
31,46300
62,6500
45,10800
51,45300
51,62004
56,55150
24,4700
58,23500
89,17900
30,34000
37,23900
35,550
52,10090
51,58000
24,17500
20,13900
75,32900
86,18600
86,6900
52,39020
42,300
73,19100
40,13500
43,30500
24,270
74,33600
75,20
87,91900
18,9300
44,4400
35,13400
25,45600
69,1400
25,27350
49,27200
71,25700
34,92800
31,10200
22,8900
25,6100
43,12100
28,15700
26,6420
25,27500
56,1550
72,9800
83,9900
31,24400
32,52000
28,30400
37,35400
84,8900
18,12600
16,9000
58,37200
19,5100
19,8100
26,31600
32,23500
19,27000
76,22750
63,14630
59,17730
71,5600
35,38000
49,30640
47,33600
19,9704
23,8630
82,21300
34,23900
16,13800
29,24500
72,10100
35,55000
83,8480
77,25410
66,16400
34,29100
93,3300
36,32450
47,66000
19,730
34,16100
32,17900
67,6800
25,14500
36,1700
84,12804
76,56600
44,75000
55,2610
64,5300
73,54500
66,3200
74,25000
56,69900
46,5490
24,12100
40,19600
45,9600
69,3500
37,28300
27,17620
47,11710
47,840
23,120
41,46300
42,36700
86,21900
42,68500
65,21900
55,7500
84,13100
73,52800
73,15300
62,30600
32,30100
31,38600
39,66400
46,30100
48,12500
21,11700
80,10800
77,12900
74,4700
52,25600
28,1700
75,8900
67,69900
62,30200
37,31600
53,1600
52,75000
40,72000
39,1100
89,7000
36,84000
36,25200
70,22340
56,3100
22,2500
70,36000
71,4100
63,35400
60,300
65,3500
55,53700
81,1300
93,34800
76,18540
80,71000
75,32400
35,12300
39,40010
35,30030
53,79900
41,11400
56,35100
71,14080
45,46200
75,16600
16,850
56,32200
55,43200
82,8600
83,1500
63,45800
36,41000
33,25400
28,22100
86,14300
74,12990
23,15900
21,12500
50,26300
63,61400
51,6600
26,20200
50,91500
61,71700
23,16400
24,24600
54,9500
34,1200
65,23300
49,65200
46,7200
35,17100
53,9300
33,4300
54,18600
54,59000
27,63000
59,35400
42,9600
38,1800
67,4600
73,17800
41,35480
42,13600
24,14700
53,45800
18,14500
26,9200
73,28100
27,11890
46,2800
44,6800
86,28900
60,12700
48,42300
56,20560
76,16620
66,3000
39,77000
41,88000
42,4200
34,68600
39,20400
57,52200
55,12600
51,8500
38,17900
33,2700
20,12300
41,21100
52,40130
70,1800
25,14800
38,16600
18,2900
62,80100
63,14500
39,1200
40,18510
15,1100
43,81000
42,63000
42,13100
93,28900
44,13900
25,22100
53,75030
47,23800
23,20700
37,18700
28,36000
67,29050
62,14910
21,740
35,5300
68,24880
76,20600
67,12200
44,12200
64,91100
63,73400
84,17240
56,600
72,24800
69,6400
49,40100
23,18600
16,120
36,16604
78,8700
63,600
74,31000
87,6600
76,17800
61,8900
69,18300
66,9800
71,45700
76,16000
59,23100
21,19300
50,19400
37,34070
87,16000
71,4700
53,9240
60,79000
38,14300
30,17800
27,87000
27,730
57,9600
43,30980
66,39700
73,23930
72,56000
66,33000
63,36100
33,8700
64,39100
76,14800
54,10900
48,6700
45,92400
34,16700
74,38100
71,52100
52,18400
82,46200
73,73200
27,28600
77,45000
78,3100
55,19280
46,35160
74,53700
19,920
64,69600
78,6800
69,51800
70,14900
34,23600
32,6000
47,9700
41,48500
72,53000
80,24980
71,7900
65,35000
35,49000
36,23200
33,43200
48,56100
64,40200
58,4
59,11800
67,29800
68,13000
57,74600
47,35400
19,12600
20,12200
64,32100
19,17700
40,25500
67,36560
65,51400
57,39300
67,8900
64,5870
37,8300
35,10300
69,40100
81,33200
54,101000
43,17100
37,28800
18,5600
64,98000
63,4300
38,14630
55,1200
33,6300
21,14400
30,32500
88,4600
81,4600
29,29300
20,22200
50,26600
46,14700
62,3100
59,37500
63,29350
67,46200
21,13620
88,10800
69,28800
78,68900
25,37000
69,5900
76,49800
49,79000
20,800
66,14000
23,23900
38,29800
57,8200
93,10290
29,19200
28,17300
79,13300
50,1200
22,800
65,23290
40,16700
44,25100
64,29200
60,23220
27,19700
46,36300
52,6300
64,16360
25,7420
20,2450
18,9100
23,15500
52,73000
29,10700
76,51500
75,13100
36,12600
64,21000
22,32020
43,49800
75,9700
22,5300
41,7400
67,29300
78,39210
71,6610
76,58000
64,55800
50,20300
62,59800
50,48900
75,33300
34,70
41,27800
40,20900
41,25900
77,22000
82,25000
56,18200
77,58700
79,6100
71,26560
39,35800
26,14880
78,62400
34,4000
75,25970
67,3500
33,8800
25,9500
75,16670
86,33900
52,11900
71,52800
75,9000
66,2600
48,7200
67,10250
58,38200
36,44000
75,4200
22,14500
44,8240
47,6200
68,39600
67,4100
79,33000
67,13600
70,27400
65,38500
36,47900
74,21720
80,29900
45,21004
66,19700
45,15030
40,48100
26,36200
71,310
84,6060
68,25320
32,900
80,9900
27,49900
27,20100
76,12650
77,12550
29,35800
26,53000
62,32520
27,11700
37,9600
73,23100
66,29700
76,24400
74,6980
66,25290
47,30100
64,55900
74,5700
43,48020
40,31200
60,12430
66,32300
31,12800
25,13100
71,9200
36,2500
36,6400
77,19000
81,900
41,40
72,14000
93,12300
76,57300
73,2200
30,44180
74,29900
55,48480
62,34050
33,10420
26,19200
49,35600
42,31900
40,12900
55,24840
54,50620
37,11300
21,30700
20,11500
52,56000
71,45600
79,22200
20,24500
62,3700
43,51700
74,14500
33,32100
21,15700
50,55600
60,75400
61,16200
41,59000
51,36800
68,35300
81,11530
70,32150
75,11500
42,3900
33,26100
38,70
67,10600
62,39900
61,2800
63,85600
39,10250
34,41100
38,13900
66,37400
60,40
57,1120
39,12900
75,13200
59,46000
36,61000
36,56000
42,18500
68,55300
24,26030
80,1400
58,50800
18,6700
55,43900
28,17600
74,33000
70,36700
73,81700
34,53000
30,6800
22,14030
22,19030
76,25600
70,3600
32,16400
69,30600
67,85100
78,8600
40,12500
27,16380
53,8400
24,34700
63,31100
57,78400
77,80000
41,68000
81,26100
82,7200
73,7500
63,33500
55,29100
46,30900
23,45900
23,14300
45,85000
27,470
68,10750
60,8200
61,7300
49,25600
31,9400
80,46300
61,43060
57,25600
35,28800
79,2100
66,21900
24,13900
71,14400
43,38900
41,29400
54,27700
36,37200
77,13070
77,22700
62,5500
47,22300
41,19800
25,450
29,21050
76,48800
48,97000
28,17100
69,51400
58,32200
66,77200
74,10500
41,14700
41,17600
23,13004
56,50120
74,17200
82,22220
41,24900
50,75700
61,51500
68,32700
62,14900
36,46300
20,9960
52,11700
65,64000
43,16530
69,10900
29,3400
78,47200
22,16600
67,42900
69,11740
31,42600
60,3880
35,250
63,15200
62,1500
50,73230
23,350
66,16670
64,5370
35,2690
42,7200
63,48800
44,16800
49,17800
46,4500
83,25200
56,10500
51,13800
20,21600
33,6020
51,18700
49,21700
74,11300
34,42800
86,21000
73,28400
47,13600
24,19330
33,51150
31,32450
21,19100
57,22500
19,890
52,57620
20,74000
56,23800
67,47800
60,640
59,3500
24,6900
74,6700
81,17100
45,15300
70,22300
60,1700
21,10600
45,35900
42,47400
54,84000
86,33100
37,25500
80,10100
86,12100
56,38900
63,29700
19,9800
20,17000
39,22800
32,38500
78,7000
63,27000
57,47000
60,8
80,940
62,390
65,7700
59,24900
26,15200
46,38640
46,36440
32,8100
46,12200
21,10700
18,10600
19,12700
80,37300
81,12600
53,28500
53,10140
65,12800
31,20200
74,10300
69,20000
24,35100
25,8200
69,15200
77,16270
59,17600
40,20800
72,6500
88,17900
76,27360
89,20800
83,12700
22,20400
72,34400
65,21200
47,19200
20,900
69,5600
31,30900
76,29150
36,6900
85,11550
28,11900
38,9500
46,8800
72,12700
34,1700
39,8600
36,24370
63,37400
27,950
27,9800
20,480
52,10200
43,8400
20,460
61,12500
70,29800
56,16420
81,53100
73,8300
68,2500
64,13400
45,2400
43,47500
73,1900
81,1900
83,19000
54,19300
40,200
35,3100
65,8900
66,28300
60,30600
65,5080
84,18000
56,55750
31,15500
30,19600
25,29700
60,31000
32,61000
21,19500
18,10500
72,35700
35,2100
54,20
44,7800
75,70000
62,14700
54,2600
35,98000
39,16670
64,23400
74,21600
77,27000
65,10100
29,77000
46,10060
42,14400
17,250
93,26710
38,58000
56,17300
50,35400
46,90000
33,1100
64,36200
69,34800
70,19800
64,22690
46,22900
93,16300
25,39500
35,3400
77,44900
62,930
70,17100
37,13300
59,15150
51,430
22,2200
69,3700
74,13600
74,23900
27,7200
77,1400
40,34100
20,17200
39,52100
84,16600
33,28650
36,5200
78,28600
44,69000
39,5100
88,40800
42,53300
48,58400
72,70000
72,48900
42,24600
51,6800
74,40100
36,12700
65,21600
31,19400
25,600
23,17100
62,76000
62,82000
78,9704
62,8400
78,18850
83,16400
30,15100
22,18020
35,6700
48,7480
76,40070
48,44200
20,10800
68,50200
73,29600
52,11300
78,11400
41,25400
41,6300
73,13730
71,31600
65,13000
56,3790
60,11500
20,4300
73,28900
54,18120
27,8580
88,34400
38,30400
58,5120
54,15600
82,4200
75,2330
82,5080
68,12500
22,11830
51,51700
26,8800
51,34000
46,14100
42,32100
71,20900
40,22350
68,11300
79,13900
79,14300
23,19300
19,9300
67,7700
68,33300
61,30150
27,23030
67,41100
44,4500
33,550
25,19030
49,36100
44,37400
15,310
65,7100
51,4990
30,13940
18,920
74,23500
69,36000
93,9700
67,3300
62,40500
41,4500
83,14420
77,29900
81,13900
53,94000
47,38100
52,3900
64,110
65,24100
25,23500
25,20300
28,42800
39,20700
63,65800
47,39020
47,37820
57,68000
77,20300
24,2200
44,28140
42,5490
45,2900
77,26180
68,6400
35,19900
68,5000
29,43700
56,3900
58,33700
35,3500
20,950
62,59600
76,40410
76,7400
83,51000
56,39000
46,57300
77,7700
49,16100
53,46200
34,11500
32,32600
18,180
60,30290
73,8670
33,12600
79,18700
73,140
68,46200
55,10700
79,9600
84,21800
39,83000
84,11230
78,28520
78,14600
81,12100
52,4240
42,8300
39,55200
24,23400
20,15200
22,5800
64,50040
24,3100
36,4200
20,22800
64,59350
63,3400
50,75250
75,8400
40,6800
33,24400
46,5200
20,240
64,20900
52,28010
68,14400
51,5100
49,11100
52,74200
41,44600
35,70000
46,12900
73,41500
36,43800
68,37160
68,18400
76,12530
18,7700
69,23100
65,32210
60,39100
27,720
74,22600
43,11830
51,17600
29,29100
70,32600
69,10300
44,18920
15,100
18,630
67,18120
40,15700
40,3700
68,56500
75,12100
24,4200
45,16200
41,60
71,81000
68,53600
39,14190
74,54000
54,18700
58,4500
74,91100
82,37700
68,4800
26,33200
66,25100
65,48700
30,50300
30,35800
69,2100
72,8910
75,7510
76,8500
29,45000
80,45800
66,2860
49,24900
72,4620
64,36000
59,33600
49,12400
26,27900
83,4000
27,96000
27,24100
55,15300
36,1800
36,11400
55,30700
82,22800
45,13200
32,13400
35,18300
76,27400
77,11500
93,27900
86,9800
86,9200
31,13200
62,4300
85,5830
33,36800
28,19500
51,14800
37,57000
18,10300
36,67000
37,46200
72,40720
38,8140
28,30500
22,6700
36,36400
56,24400
41,50100
29,2400
36,53100
37,44600
32,27300
71,13900
46,8100
56,72000
49,92000
43,30600
52,5400
17,4420
83,24990
56,7800
63,49960
37,27600
22,14200
61,100
67,44200
87,8000
67,24500
62,31500
37,5600
17,50
60,29100
43,20900
26,20700
23,38480
37,25800
80,8680
82,17800
56,46700
46,10700
69,25800
39,30700
33,71000
33,37700
70,37000
84,13400
35,39500
70,18900
65,29600
62,29600
80,82090
72,560
74,37800
74,6500
38,5700
58,3500
40,8200
28,18500
45,15670
48,40800
79,9200
76,10700
77,4700
68,30150
93,20900
82,15290
85,12200
80,23200
68,4500
21,25600
39,20900
35,5500
57,3700
75,26800
72,56600
29,3900
47,21100
38,24940
70,12500
67,30100
85,22500
34,2970
75,15000
61,17500
40,12710
24,830
33,18800
42,8700
73,5200
77,23310
73,63200
75,10800
34,28380
53,24500
30,11200
32,11300
65,72000
45,28800
43,25400
65,26000
41,24300
38,25800
60,70200
60,36600
24,10010
59,4040
27,44400
62,13410
77,18570
59,26200
29,24020
25,23600
71,6500
60,4000
49,28700
45,7900
39,27800
17,4760
54,21900
44,11300
79,11150
68,51000
65,25220
67,11400
60,5500
25,21600
93,16000
73,42650
36,47520
24,20800
47,52040
20,5820
30,29800
21,8730
45,2800
51,11700
45,9400
46,14800
38,14200
40,41100
57,17130
56,28900
33,30350
41,28500
65,36210
86,10900
71,2340
34,16500
87,9500
49,31600
32,12600
56,1260
38,2900
49,42000
19,13500
60,4100
32,48200
27,99000
72,1800
36,12560
84,4800
93,1300
43,1800
78,16500
55,22000
47,15100
23,13300
16,10800
38,28800
86,39800
44,35500
46,2200
27,13700
28,7600
84,16100
65,48900
65,500
30,21500
69,68500
85,3000
23,9100
39,26300
65,7200
31,8200
73,25000
67,24700
59,14800
31,19870
40,28220
45,810
89,18800
26,61000
56,2800
65,31800
53,21400
38,12160
24,11140
41,8100
31,56000
40,11100
67,6240
34,6600
22,25200
46,7700
63,20100
85,4970
50,46800
38,260
39,30200
55,37000
32,7500
39,8500
58,27100
87,10200
51,12800
46,22400
39,41200
71,63400
68,3930
37,11100
78,91900
34,37404
37,96000
88,11360
29,14100
40,25400
67,29000
37,32004
52,54000
23,7100
65,12360
20,22100
32,8400
39,26060
37,69040
46,20800
35,320
79,26300
84,32900
30,45200
82,14020
38,21500
36,21100
67,7000
29,30400
55,19600
55,5900
32,3930
33,14200
68,16110
62,13900
32,5800
45,68000
16,540
87,11400
74,6180
81,8700
73,20500
48,22300
45,18600
28,49500
57,50
58,6560
67,21400
56,6500
44,14300
21,22900
47,910
84,40000
75,3300
86,27900
48,52200
70,40900
67,15320
75,7300
63,53000
89,33140
83,2700
32,12450
31,16500
62,4150
58,64000
69,18100
74,15800
67,22100
65,20500
59,61000
58,100
69,36100
36,60100
50,32100
48,33100
43,32500
53,24700
71,62000
19,770
45,3700
25,9300
48,9380
70,27600
84,71400
43,6900
39,620
18,1250
16,550
76,18300
75,24400
47,28800
73,3400
34,7800
52,6200
56,20100
38,25300
70,20350
45,45200
44,13500
52,27700
68,31660
26,54500
26,40800
76,8900
40,31100
45,13400
81,20500
60,24200
36,42500
21,13100
75,14600
65,43070
76,29900
71,2200
89,3300
27,19800
30,37400
49,7700
59,9100
67,67800
77,33700
18,3700
24,19200
75,55300
73,16500
93,30700
42,55400
38,70000
43,11900
38,39900
45,22900
93,39850
41,47000
93,26300
47,24700
33,7600
68,30400
51,56500
50,34500
27,31700
27,35004
64,19000
25,14200
43,32450
36,26900
35,50010
42,38130
45,30130
43,46000
80,2700
63,10200
70,34800
39,50050
20,170
64,15700
59,6500
32,1900
17,1650
41,13800
48,100000
33,28800
42,14800
25,44000
49,14500
60,35500
77,20100
73,4300
42,15820
67,31100
57,10100
24,31900
20,26000
76,49200
50,10500
21,4400
25,15200
79,46200
74,35200
21,12200
52,69400
76,26000
61,64000
52,46400
51,1900
75,38670
73,19500
73,54600
76,37900
79,11700
42,13530
76,8400
26,25010
53,60500
70,35100
37,28100
37,38100
62,26690
26,360
73,22900
57,24100
31,31000
26,21800
35,15360
34,660
70,13800
76,25200
72,24900
36,2050
37,46000
52,17700
62,19760
69,35004
32,56200
52,23100
20,3700
56,43370
77,19200
75,10900
37,25040
76,33700
75,32200
87,47400
86,24500
37,38000
62,26100
83,15300
79,50100
70,38800
47,40940
49,33300
25,12800
23,25300
46,12400
47,11900
22,14700
65,5900
22,48000
64,21400
43,6910
23,5300
85,18600
57,31900
54,69340
51,26500
81,31000
46,760
79,31100
47,12500
89,30100
24,9050
39,7700
16,3210
31,20900
44,10900
61,10600
68,53000
31,3800
40,10700
21,6500
30,2700
76,54000
74,10560
71,3900
47,13630
51,55900
51,40230
33,43700
25,23700
31,24600
41,34600
46,37390
59,17060
55,43000
48,54000
46,12800
35,6780
58,13800
66,23350
67,3100
69,79200
57,23700
57,87700
22,13400
68,6300
38,26220
32,14900
80,4370
50,1800
21,14100
29,70
71,11400
29,35450
62,2490
65,41200
79,21600
45,43900
18,7100
69,25720
44,50800
74,3100
81,12300
81,20800
69,38300
75,21500
63,3100
35,8600
60,37600
60,29000
59,43800
15,6200
72,35000
34,19150
71,48900
17,7400
30,24400
27,16400
63,9800
71,25200
84,26800
44,56010
30,31700
78,11000
18,210
81,35500
46,20500
30,37000
30,44500
80,10700
38,40310
33,20200
34,17350
28,55000
66,26100
93,14100
43,14500
42,5900
78,41110
80,38600
79,16900
77,17500
40,21200
79,22400
70,32000
63,31500
41,102150
43,64000
17,9500
50,90000
42,56100
45,24100
46,5900
62,41040
43,20700
18,11500
33,13700
36,32200
57,49300
67,7600
74,16280
79,22000
65,29700
56,11800
58,75300
40,32900
28,16500
76,2900
52,14900
74,37300
64,14200
44,76270
42,14550
58,58000
31,9700
57,53000
42,10800
44,1700
58,600
39,400
32,20300
21,950
69,39400
81,64900
42,16400
48,1500
35,38400
56,3600
21,17800
28,33000
20,17500
47,80000
30,29600
39,10420
23,900
88,91700
54,10500
35,58200
85,24400
56,71000
74,16600
71,55000
33,42000
40,20100
23,6300
44,22600
49,47460
46,39100
76,17590
71,39300
72,8820
85,10400
86,35800
66,1200
72,31100
20,12900
51,2200
58,87000
38,13700
29,23900
41,40030
18,990
59,35600
43,22000
25,29850
19,360
29,42290
65,12160
62,5800
69,25500
75,18900
47,39600
38,16900
44,5200
79,11900
76,15700
71,19000
72,21200
30,39440
51,2660
81,1100
86,8100
30,31400
30,3600
65,23100
27,18600
81,6650
47,35700
29,3300
23,4360
85,9200
77,28000
41,4400
50,480
26,280
26,33700
70,10600
27,13800
54,34700
65,15350
68,24400
73,18504
66,40990
41,28600
65,19100
55,36860
52,8120
42,870
38,30300
20,13200
32,15700
65,30300
49,1920
75,12610
75,41200
56,41150
57,31000
15,300
89,40700
73,32500
56,33500
75,24200
52,88500
86,4500
36,30300
38,9780
65,34800
61,23600
16,11500
55,20800
72,34100
77,14200
54,41000
46,39200
93,16800
93,23500
29,2504
59,21800
86,30500
87,2800
56,36000
55,1100
66,31130
56,35260
50,2000
61,51700
71,29700
32,28500
44,14900
27,2200
52,4800
67,57020
86,15400
48,37100
74,11900
72,33900
31,41800
63,27100
35,31500
45,30090
44,20900
75,36000
27,22900
44,37200
17,20000
38,6130
38,3400
67,41700
35,14800
50,10400
65,29450
35,370
68,49100
61,23200
67,17930
18,17300
52,47000
52,54800
42,74000
33,4500
70,9960
30,43600
38,15500
61,10700
53,12100
73,800
28,12400
59,30800
42,260
45,1100
72,22390
61,37720
39,40900
27,23100
53,100
72,12070
73,6100
59,3900
62,42990
57,42000
56,34750
80,16300
37,55170
49,9510
63,19900
51,10130
31,37580
52,8230
54,13790
82,24200
79,40000
75,22600
46,8900
73,9400
61,1200
57,52920
50,2100
34,7400
42,6640
69,36800
67,4500
56,14400
54,56000
35,32200
49,3900
49,18400
49,21100
36,20600
61,12900
50,15200
61,48600
60,11600
40,6670
37,27400
75,24904
73,34500
75,14900
75,23600
67,40410
78,5900
85,30100
81,20700
32,57000
54,7400
43,1100
28,23400
28,25040
61,3700
60,15600
75,8300
52,27600
25,200
61,50400
57,8400
55,20700
64,780
21,18700
59,57000
55,29300
51,95000
39,34030
37,26400
37,33700
89,5400
80,16600
74,9280
57,5700
32,8800
66,23900
65,25780
69,12580
47,4800
24,20900
79,37700
66,18300
61,35500
46,1100
82,13100
77,10800
41,3500
81,18600
47,18600
53,44500
63,78000
66,31200
34,61000
43,19630
64,94800
73,27620
74,1900
43,51720
63,12200
56,13500
38,18300
62,3720
57,33100
37,29100
36,26800
49,19070
52,27900
72,40900
30,800
64,23380
48,40500
68,10290
64,18300
76,14000
80,10650
80,80060
75,13400
65,6800
35,23600
50,48400
50,48100
78,20900
79,30700
43,87000
15,1800
76,19200
60,14300
50,5300
81,41100
44,7400
29,17500
59,34100
60,103000
26,23230
52,9400
28,65000
34,28100
50,41800
48,14600
20,650
93,41000
35,14740
79,1200
58,75020
48,10250
45,13950
19,14300
63,42000
60,28000
71,66300
65,33000
76,22000
64,61900
56,10
67,21910
66,16500
74,37050
31,25200
43,22300
62,7100
71,7600
61,31600
71,58200
64,17500
36,18060
80,20
68,4180
61,25100
81,44200
88,5700
79,20500
84,15500
62,11100
73,60400
72,16300
72,46600
50,20400
57,19500
30,61000
78,19600
86,14400
73,30300
34,10
36,15200
81,20590
54,10200
23,11300
64,59500
46,26500
62,24100
60,19400
48,45500
36,47000
82,31000
33,16500
63,15500
61,51000
19,520
72,9200
28,7300
53,26400
78,41000
82,5200
44,63330
43,33800
58,25100
80,23600
55,83000
72,9900
55,24900
28,39900
51,90000
57,102400
61,26300
60,9800
62,11800
75,9350
79,19400
75,15600
32,12800
78,58000
73,20700
20,16600
83,28500
64,18200
56,26000
41,31200
66,34100
73,35800
49,16900
46,17400
22,12200
19,10820
51,38900
51,25800
32,9100
34,20900
74,23100
73,8200
44,24800
69,31600
59,17050
65,81600
43,20600
89,60100
26,2400
54,27020
45,15700
43,18704
39,26700
78,30500
53,1400
40,5600
51,29900
93,11400
47,9800
22,36500
46,37300
46,55800
73,36800
43,80000
63,25400
49,73000
73,61100
79,37000
54,22900
56,33100
50,21400
63,28700
86,10000
37,67000
58,30900
79,12700
36,31800
29,10600
46,26100
22,13200
32,36004
39,9400
34,37500
32,26600
47,1200
44,20700
43,16300
65,17730
57,65720
36,101000
67,10310
72,27500
63,44200
69,7800
25,16500
29,20700
49,15300
63,28100
51,390
22,10500
21,62400
32,20800
93,55080
93,16500
86,9300
45,34900
26,40700
31,4500
83,30000
88,9100
47,10500
51,6690
17,760
44,340
37,56000
39,61500
81,21600
35,46900
27,76000
61,25600
55,73000
81,14300
76,26700
51,33100
42,21040
21,22100
61,27100
39,330
63,29800
39,13990
78,13300
78,28200
93,10500
44,41700
36,21800
17,10500
19,720
57,50620
31,23200
30,63000
37,80100
36,1300
83,12900
71,30000
47,56800
16,1740
76,21600
33,2100
46,55000
69,46000
55,55400
67,18900
87,32000
72,1600
38,66200
32,46300
21,900
77,70900
77,41300
63,27700
60,7800
52,51210
32,20900
71,27700
77,30950
67,14150
33,10100
51,17700
30,43200
40,9500
71,41700
50,9200
80,33900
54,48000
63,15700
56,43000
84,6900
75,35000
72,3300
71,53200
46,20400
22,8800
52,5900
82,25400
39,57000
39,14600
68,20800
60,19500
80,21700
79,20200
75,41500
79,9500
60,15200
75,9260
41,42840
40,4600
30,39000
60,26000
44,29600
40,37600
47,36700
62,11900
32,25020
65,30900
74,8600
24,26100
26,45000
44,14400
44,3412
62,900
84,13900
24,36000
59,27700
54,650
56,26500
58,67000
53,31000
69,27600
34,17900
23,22500
77,17800
71,30500
62,16100
86,11400
56,78000
18,16800
26,29300
52,29600
70,6170
33,150
73,22800
72,42100
75,33520
60,28100
57,15500
72,30100
57,57000
54,30090
47,3100
57,10900
54,460
42,27900
44,18800
61,35200
59,15200
31,8760
72,30900
71,18400
75,16920
73,600
27,16200
23,5600
52,1420
39,4060
70,12600
62,27800
57,32200
67,3380
37,500
53,16900
46,49900
53,11600
64,12300
78,27400
74,6200
52,7100
39,40300
67,68000
72,30700
67,53000
72,16900
62,25700
48,46500
35,16200
25,6700
58,48300
88,9600
26,2500
55,28600
45,21120
42,11500
81,43000
73,4810
76,9400
37,6200
56,38500
44,48400
80,38940
28,9610
64,28600
65,5800
30,12600
48,46100
46,32200
17,5440
38,26900
65,9100
57,12100
73,10900
45,260
84,16440
79,24700
65,57800
56,15100
66,27200
34,11200
76,9700
23,10900
43,67020
21,400
83,81100
82,14900
67,11004
66,62000
48,28400
41,5800
47,6300
72,11000
30,250
43,40600
17,18200
36,1060
55,40600
65,21100
53,9000
70,20200
30,19800
42,2700
82,91700
63,54000
28,63000
28,54000
29,37000
53,33400
44,47200
86,27700
60,8100
73,9260
72,20420
64,45300
63,36110
44,200
53,16500
64,36100
30,21600
83,12300
24,42000
20,1310
64,24780
40,10910
39,41500
47,19500
49,6900
42,89000
19,22900
38,400
44,29200
70,52100
58,12900
26,7100
68,27700
64,850
41,70000
72,26400
18,4200
65,30500
32,22900
30,14200
72,16600
70,4400
63,17700
67,17600
53,21050
17,220
38,43000
64,61000
69,29600
60,94200
53,30820
83,10100
88,4700
43,2460
93,8120
65,4800
78,24500
65,39700
20,10
16,6590
62,15130
45,7610
17,5900
43,900
39,23300
57,930
68,7500
41,7500
75,54100
19,18800
47,440
30,11960
31,1600
21,2790
34,34500
71,71800
61,34600
69,18420
62,1080
50,5400
45,2420
62,36000
47,36200
18,15600
17,8600
27,7800
60,1500
24,19030
71,52070
19,40000
76,21800
86,12600
42,1600
20,1400
52,36760
93,9970
82,7130
79,25320
65,101500
31,11700
46,6700
36,35800
19,12550
71,10300
56,890
44,9600
31,6800
78,23710
78,41700
73,7050
36,140
70,17530
68,15200
50,26900
19,3550
29,56000
34,12360
70,130
48,530
57,2700
84,38700
74,30900
82,43900
51,3500
82,16600
93,24000
63,75500
71,36800
71,33700
80,59700
74,34900
74,4810
49,34500
63,24200
49,44130
33,69000
31,17250
30,14160
23,5200
67,27450
51,12600
32,21500
77,34100
82,2700
75,5600
59,25700
52,37400
33,21400
29,68000
27,5460
51,46400
52,42810
27,37500
65,91300
48,17800
52,5040
62,1390
44,100500
81,15000
70,24870
71,7820
63,10070
31,20504
74,12000
69,34500
72,29600
38,47000
51,600
59,2370
74,37200
37,2400
17,2700
15,740
52,93020
34,49900
60,1770
82,30500
68,5750
33,15700
83,6200
58,25400
49,35200
65,20030
46,34430
55,40300
52,1200
29,250
55,42400
33,40800
21,380
60,500
62,3690
72,18100
43,32800
53,3500
77,49300
63,2970
93,17720
77,29330
60,46000
76,19900
38,49000
57,28100
25,7900
34,63000
38,41700
83,9580
49,16210
78,17140
65,6050
23,7240
48,52000
73,61300
25,8900
66,25400
59,6700
88,13300
81,8100
74,47600
73,53610
76,25000
60,19840
80,22580
49,68800
44,24400
35,3800
56,19500
74,51150
47,64000
34,48000
43,34600
39,8700
18,610
23,19600
77,58600
44,84200
42,16700
51,23100
27,48000
20,6400
56,21380
54,88200
54,78000
73,17300
60,23400
67,28540
65,32500
55,5300
23,26100
22,1440
21,8900
29,46900
27,7500
39,29100
72,33700
36,29900
42,84600
53,510
73,2300
84,7400
60,98100
72,36600
52,40800
34,11100
76,16980
31,900
38,550
77,6800
35,21600
18,7800
57,28400
49,51000
48,9700
71,35500
66,18490
64,26960
51,13000
49,5400
54,680
29,2700
70,45900
61,7600
41,45100
49,105000
43,69010
39,430
52,51300
59,25180
21,8100
41,58000
67,10230
50,10900
47,27930
43,26440
41,26900
19,680
65,35100
37,10270
48,35500
26,6100
35,35600
69,19400
42,42700
76,20200
36,22530
50,240
57,29500
57,102200
58,94000
66,15650
56,10800
66,5200
68,14990
33,58010
30,5280
65,2400
64,8500
93,25800
86,11530
52,600
63,4400
44,16400
60,35700
61,40500
25,38200
72,18800
38,40100
17,3570
48,64000
25,17500
79,16000
24,20300
65,46000
67,18990
65,9330
72,45800
20,17800
42,42008
45,38840
38,75000
44,52900
88,52100
55,28800
67,16400
68,24700
73,36740
62,23000
84,1200
65,19400
62,13400
61,620
23,16200
87,44700
61,10200
64,63800
74,13710
19,200
93,30000
73,19200
59,24500
57,43900
56,47200
31,9600
33,8620
40,50300
39,24500
44,21300
66,3900
51,30250
56,16250
56,71680
60,30480
33,48300
71,37600
63,32040
67,17000
64,4650
52,36800
40,300
16,5900
43,24900
18,3900
42,5200
76,3200
43,24500
54,2960
53,44000
43,19200
34,18100
56,66260
70,40400
57,77010
54,510
73,23500
47,8300
79,31500
64,2800
64,33000
54,22400
51,76200
34,9500
34,27500
29,33100
53,5500
64,53900
53,37200
48,3400
50,14200
20,15800
61,3200
76,37400
42,17900
71,5280
50,26200
42,41800
57,26100
37,6010
83,3800
43,12050
45,14600
62,52600
61,48000
23,16900
84,6760
83,8500
64,34940
52,46000
19,220
67,35200
25,17800
79,18200
72,3200
40,2200
48,39500
75,5300
40,37800
34,1600
22,200
51,9650
48,17100
48,24800
63,69300
85,12600
34,36800
64,12330
61,25860
29,5300
65,22880
46,77000
73,12300
68,5720
20,10400
77,13800
56,22200
38,30600
47,62600
44,430
73,36100
18,27100
18,88000
68,10470
42,24300
60,30200
32,20100
19,554
61,30100
39,39600
31,20080
38,10200
33,13600
48,31000
79,7400
54,6300
60,12200
54,75600
33,6800
35,19700
38,30500
66,8300
53,3400
22,29600
70,13350
61,150
75,15200
16,840
68,16600
75,18600
48,23300
59,50600
22,18800
65,26500
76,8840
65,9700
58,1600
68,8800
38,37000
28,26200
65,2700
51,4
30,15500
36,9900
22,600
61,29400
63,33600
78,22300
85,7000
32,42600
63,39000
60,103600
41,13180
53,2140
43,33500
77,7270
70,30000
64,5400
73,39960
40,24800
44,16100
48,29500
21,11600
21,21200
49,54900
40,39000
62,39480
71,41200
80,43400
61,11770
62,20300
63,7300
49,4500
36,30900
44,21600
25,13200
76,34100
54,23300
79,59100
56,154
70,420
70,57000
60,33000
71,14980
59,7800
71,40600
57,4600
80,43300
74,17100
56,18500
76,11500
76,16700
55,800
51,41300
51,27600
60,65500
52,43000
35,55100
37,47200
42,29900
60,44840
66,15100
68,9560
40,30300
26,2800
29,28700
46,93000
57,5120
68,8300
41,20800
30,14700
74,14200
84,5900
52,5610
23,24600
16,6900
32,5500
54,28570
72,51600
69,2050
39,40020
31,32500
28,34600
55,39910
29,490
30,6040
39,51110
40,66000
51,35320
51,40040
80,8500
67,45300
35,27900
24,400
85,48500
65,16900
70,25700
70,47300
53,34350
50,24600
85,9400
84,52100
75,4500
33,18610
29,800
35,7880
36,10600
76,30200
54,68000
59,97000
37,14700
48,25890
69,31200
61,78000
30,19404
42,150
53,90000
76,55450
39,14010
31,6900
47,30330
16,2310
23,38000
51,32800
50,36400
68,95100
75,29400
83,20950
56,30600
34,12400
18,6100
29,17300
39,11700
32,6010
40,12600
54,49000
57,83000
58,43000
65,55000
69,12600
75,29500
50,35600
52,17400
38,11200
50,17800
71,11004
79,6800
79,9800
60,27100
57,33440
81,9270
79,8700
34,6400
81,25000
75,32490
44,49410
16,150
43,21010
37,35100
35,56000
78,24000
54,30150
75,14150
44,42800
28,18900
70,30600
67,26300
30,10300
56,65000
70,9880
68,26200
23,4200
78,26000
74,32520
68,24900
55,104000
44,10400
71,33370
21,75000
28,3080
58,15700
64,4900
50,9800
27,2740
53,26900
71,23400
74,14240
45,2700
71,5040
59,22290
60,5600
47,50300
43,23070
19,12200
17,4560
87,14400
74,11850
21,38520
83,27400
37,19580
72,16850
79,14800
59,4100
53,60100
63,39300
74,22900
53,270
52,50100
73,39100
30,8900
73,33700
61,23100
58,10600
72,38700
72,25500
55,19500
61,11500
59,10400
82,9700
85,10000
32,18400
24,5700
44,13200
54,36300
62,37750
54,28000
34,28010
81,960
71,29500
70,21900
52,27200
63,14700
51,37590
79,17600
63,56500
15,3600
23,8500
58,9600
56,7200
17,4800
58,56300
26,17520
79,8300
46,70000
41,61500
34,2100
56,720
59,27300
60,11700
38,17300
64,74500
73,50800
89,7600
86,4270
54,1600
49,33350
40,39900
39,18700
66,22100
80,7100
61,64380
58,2200
62,9400
88,32600
59,8300
64,26900
23,40600
27,4800
53,7700
53,750
21,28080
58,11500
27,10800
88,23500
45,23500
76,18800
23,12700
41,56000
36,14500
76,42200
19,940
46,1230
20,5700
76,10660
27,18700
68,36620
54,40800
29,69500
44,44100
26,52000
17,580
67,30800
81,54100
51,32100
59,5800
86,12980
33,43000
51,21540
48,40
63,23210
61,14430
33,9610
38,21900
78,48200
57,8940
37,27800
40,45200
37,840
26,6300
49,70000
64,34200
62,22730
62,3910
53,4100
51,40500
68,27240
44,39100
42,35800
28,46040
26,590
26,22600
78,22030
78,82900
31,50600
39,28800
34,25700
33,29200
27,34100
71,16280
66,6250
52,15900
50,40530
68,27000
52,3090
49,59600
87,12600
39,8900
79,10500
55,36300
66,27900
66,11500
70,56800
76,8700
65,35030
34,27600
33,18500
69,27300
71,32600
27,27600
20,4600
28,48000
54,44000
75,35800
71,88000
69,19200
20,21800
47,24100
48,24500
47,102000
49,100000
35,33820
31,5300
79,6700
78,20200
56,2700
50,44490
88,6100
57,17600
22,10100
54,17310
39,54030
62,92000
43,9300
69,18490
73,37000
32,27500
51,22610
63,64000
93,10600
35,100000
53,32480
47,21120
64,38800
32,22300
49,28004
36,16900
65,65500
65,75000
50,11100
51,36510
52,14500
58,14500
81,21500
77,47300
47,23100
84,15600
59,18700
66,20200
70,15800
65,13900
52,8300
45,2610
43,13800
48,260
66,45700
69,22800
43,1440
43,300
38,42800
34,40100
57,52800
21,2800
46,5500
28,36100
58,9400
53,22500
84,20900
31,47030
29,18800
39,30090
75,12250
71,7300
63,79200
62,19200
37,37100
30,46000
40,46700
38,26800
38,9800
33,36570
60,60100
22,4440
61,27300
42,430
32,28700
51,6630
51,57900
46,26600
47,55300
65,28200
65,15800
62,14600
64,7100
34,1990
73,25180
50,16800
58,39600
32,5600
53,37800
53,52000
58,40
78,48100
86,22400
58,31800
48,12800
87,30600
48,35600
65,13400
58,13600
42,450
63,27900
70,7300
48,15960
76,25810
72,20700
64,42300
64,23200
58,11700
87,16300
71,15800
25,10900
24,5500
80,47000
71,16900
69,43280
76,23400
34,2400
42,8100
23,8100
75,34600
70,24400
46,5300
44,47100
47,76000
83,38400
70,29700
75,12920
83,12800
55,43600
55,18200
80,1700
46,22150
42,75070
41,6320
34,32600
83,4
75,10600
23,43000
38,11400
37,30600
77,66000
31,15300
50,39200
80,25900
63,11800
60,5800
80,24500
41,19300
79,43500
82,15900
54,7900
50,6700
87,33100
74,7130
36,5000
35,24400
78,16920
84,14000
65,51000
61,13600
71,46800
63,29200
68,10500
47,70000
47,14900
86,6500
62,10400
30,69400
61,19000
41,21800
33,46000
70,30300
66,6440
81,19500
74,7560
26,54100
65,63800
54,27000
53,34300
25,7500
57,20500
75,31500
58,11100
73,73700
23,39000
70,19700
60,31500
75,53000
88,7900
37,23700
24,18500
45,28400
63,88000
71,21100
81,17000
60,59000
67,6200
58,31000
30,23004
43,210
52,6900
74,19400
63,21300
77,37500
61,6900
36,8100
16,3100
68,45800
64,15790
56,18400
50,470
35,42030
29,1900
78,20300
80,7400
77,6500
87,12000
46,7500
41,1100
39,22030
38,22030
19,1750
43,29300
77,17200
53,6400
62,15100
71,16400
33,49000
55,52010
39,36800
37,16500
80,4170
79,4100
36,13900
36,6760
22,36000
59,2800
52,17200
43,36200
46,62850
57,43000
67,33500
37,19600
37,20110
29,18110
24,12300
72,17800
79,58000
34,22500
66,24274
27,15800
58,10
30,24030
61,49000
41,15500
52,21400
26,4200
40,2500
77,27200
77,22400
45,64190
18,5700
16,70
46,77290
35,12100
20,150
38,34900
65,19700
79,22600
65,5280
56,46600
37,41000
93,54500
62,28410
66,18530
15,350
25,40500
49,48500
45,620
54,27400
53,10800
42,18900
53,2200
26,22900
21,13720
69,9700
38,28900
31,11100
26,11300
22,20420
77,75800
48,46300
17,2900
46,23700
57,26800
74,17700
73,93800
49,42700
85,29200
84,5400
23,1900
29,150
30,4800
84,18400
77,18300
78,18100
76,15120
48,18300
60,105000
46,21200
58,26400
57,150
41,37100
51,23300
71,48520
41,69000
39,31010
42,58280
42,26500
47,25400
45,46000
16,7500
42,9300
82,28300
36,750
44,23900
51,36400
54,40600
31,5700
69,29340
69,28200
30,28500
70,26220
61,79300
62,21500
72,40400
78,7100
76,17700
69,9900
60,20110
31,10
42,86000
73,30800
78,31300
43,20400
58,4600
73,27300
65,18300
54,14370
43,6700
69,19500
32,11800
29,34200
74,53200
72,24200
44,25400
64,13700
61,16300
85,3500
93,8600
55,51200
47,15700
17,990
34,26900
37,43120
35,16050
38,17700
44,49000
35,29600
80,5500
71,56500
66,62300
63,3500
65,16200
33,11700
50,20800
67,34300
57,820
63,50100
31,34940
46,1150
63,21900
82,14880
70,22880
76,23700
33,9900
32,200
39,7800
50,8400
67,96800
93,91700
74,12300
59,16900
46,190
53,72000
74,19300
80,65000
55,23600
62,2170
43,20800
17,8700
48,75080
18,770
65,47300
45,16500
23,11700
21,20700
50,19620
47,1900
37,22300
15,30
29,29700
54,64000
68,15250
64,1240
30,29400
28,23900
77,59100
54,400
46,36400
45,5200
55,41900
52,14100
58,7200
52,61000
66,29604
61,1500
44,40700
42,7600
40,17400
57,600
64,31650
32,210
48,6210
76,14100
38,3100
77,5400
71,25020
64,11400
43,24600
33,6160
63,15050
62,34900
93,10300
78,33100
84,22800
85,24200
75,22300
72,60300
68,20630
28,36500
63,42900
62,44300
77,43500
55,5200
44,5800
18,550
58,18100
58,44430
48,5490
40,56000
61,690
37,95000
71,41100
70,10890
69,11090
44,11500
73,28800
32,3500
47,80050
37,43300
41,29200
87,20900
83,18900
71,28000
26,41000
85,10300
65,43700
66,97200
37,21400
23,1240
73,16300
46,8300
47,9200
54,24100
38,45500
55,62010
93,4400
63,18900
81,29700
71,19100
80,30200
66,10900
54,8800
43,23110
50,8200
41,84000
63,10300
36,30400
31,11200
39,4700
21,9130
53,630
68,39100
69,3200
65,58250
61,21200
57,37990
56,52700
85,9900
81,6840
60,49500
24,1100
42,70030
52,26500
51,6300
64,38450
30,26600
66,48000
25,12650
70,11600
85,6100
80,7700
52,21800
63,40800
32,55000
53,73600
85,34200
39,45200
70,46500
30,6350
40,4350
19,8200
22,22400
57,95000
46,40400
72,20000
67,31500
56,20500
56,8200
27,34650
30,30200
25,25400
79,4
53,49900
63,23700
54,20300
25,3400
19,16100
56,6600
33,37500
93,17390
45,42200
71,11700
86,18200
74,45400
27,15400
65,14200
68,4980
53,46400
84,10400
59,28100
88,10930
57,3600
31,25900
64,55600
62,9300
69,12500
48,59700
47,47300
19,15100
57,15450
75,37200
35,43600
69,14420
54,41800
54,18750
66,33400
65,42200
71,23690
18,19100
54,9400
87,17800
81,6200
57,22400
89,9500
47,22100
21,14600
69,97200
66,36500
37,8150
80,22600
35,2620
63,18200
61,4750
51,19800
68,10300
76,94900
44,13800
19,10600
44,96000
29,200
38,4770
71,1200
31,720
50,38900
46,25200
65,26130
53,26100
84,11800
28,18400
40,73600
78,11070
77,5010
42,41500
39,32900
57,49000
75,70900
62,660
29,2600
18,23000
54,35500
66,37200
36,21370
80,21500
26,6200
52,67200
57,43700
66,22200
70,33900
67,8600
31,1970
17,720
19,13200
23,830
39,42730
43,27300
42,27400
50,27300
64,47000
51,23900
57,9430
48,780
75,12200
30,27200
70,3400
75,9800
36,18100
62,19600
84,10930
34,22400
36,46100
63,15900
36,9200
42,19800
35,8300
51,38400
47,15400
24,45200
69,10060
25,6200
51,19900
48,5500
49,470
41,6450
35,14200
35,52000
53,5310
53,8600
52,1300
66,800
36,95000
62,95000
47,15600
71,25100
60,47900
73,25500
75,5100
35,18800
69,14690
52,2200
65,22600
31,28400
28,3750
40,22200
51,25260
85,19200
82,7000
32,33800
41,28800
34,20
51,34050
45,38030
67,32000
80,36000
43,54040
81,18400
61,20800
28,8600
52,31200
74,11050
84,26600
37,18180
50,100
36,4100
39,49000
47,43000
30,40500
56,33280
29,23500
62,40800
60,980
65,11520
65,7040
23,3900
23,72000
73,13600
70,50500
16,680
69,9200
51,10010
77,37900
72,1900
42,3300
64,7150
78,23400
43,17800
77,7800
66,6110
66,750
63,60300
62,23600
59,600
17,16100
58,10500
26,2900
51,73000
41,63000
28,52000
49,18900
53,31700
27,47600
71,8370
64,58000
48,29700
59,32700
53,24900
72,46700
35,57000
50,70100
67,6960
84,8200
54,28800
51,31700
84,18200
71,55800
53,97000
31,30400
58,86700
58,16800
75,12500
85,11300
83,5700
36,24400
22,450
65,29800
68,37000
70,47000
62,6800
76,4170
37,6360
17,460
75,28700
65,39500
80,9500
54,35200
69,29300
71,19400
73,38700
64,39000
49,9780
60,17980
57,68800
53,83600
23,18300
81,14200
84,1800
34,48400
53,15100
68,36600
64,10900
71,33100
64,31400
39,75200
47,6310
87,26500
41,21600
64,1800
17,520
45,60000
75,13300
78,51600
25,21400
73,20200
21,32000
53,7900
62,61000
55,12500
74,48700
37,260
67,30540
56,37900
31,28800
57,33700
77,39600
53,68920
80,8100
76,11400
66,25900
58,11200
33,13800
28,980
85,15000
59,12500
42,1200
88,19500
77,36100
76,26100
72,7100
81,21400
55,35750
72,7900
55,36190
59,25550
49,38090
88,11600
54,22800
63,18400
68,8900
79,17100
49,10
25,54000
80,36100
85,36100
66,24700
64,360
38,42900
36,9400
47,43120
63,9880
59,14300
58,6700
41,42100
61,300
69,66000
42,42400
56,31570
48,36700
74,55500
65,3640
24,21400
45,21600
34,21600
48,57900
82,25300
43,25600
41,600
55,41500
55,9800
60,23300
31,6200
72,45500
17,1080
73,68200
80,40700
32,23300
64,15100
21,7600
35,35900
54,29500
63,53500
81,34500
46,49930
24,1400
22,10060
76,24300
81,32300
84,15200
53,44600
59,12800
73,35200
65,14800
57,3800
17,240
65,58100
93,1500
43,26060
72,11100
62,590
40,38600
52,6700
46,470
44,38500
66,23400
37,45100
72,17200
61,21600
85,33200
74,43400
26,1400
81,13030
43,90500
81,77400
57,14600
84,2500
85,8660
50,3000
53,36800
68,20100
69,55400
44,4200
46,850
68,25100
82,22400
39,45100
44,60250
44,45250
30,75000
76,25780
71,17800
69,6350
31,9500
77,42100
51,12940
53,85000
63,51200
43,25420
27,34800
74,51200
67,35900
48,2100
65,53600
53,45600
89,18000
67,60000
29,12390
34,83000
41,31700
27,3300
70,15700
34,15300
42,12500
72,40300
78,19390
25,14900
29,7200
76,9600
26,28300
22,11700
28,17800
93,20000
30,1550
49,8600
76,10100
64,55000
84,12700
43,31270
41,24700
73,17100
47,1400
79,5200
34,9300
55,24660
89,27600
61,11100
65,27800
54,89000
55,18100
72,92200
47,15300
32,18100
78,19250
69,24950
75,17940
42,70
61,20880
57,101000
27,420
20,60000
88,6000
80,42700
66,40700
29,32600
18,20800
71,43880
68,17470
71,41000
40,15300
48,35100
49,50300
31,20800
37,630
27,6500
23,3500
50,50500
79,9670
64,13170
80,11600
84,13000
65,50500
19,540
68,31200
68,23700
59,15800
47,52200
41,37400
68,35700
67,12040
44,3800
30,30500
35,75100
39,15600
63,42800
55,57300
50,800
26,17300
40,26500
34,4350
55,95500
54,18400
71,7310
65,14700
44,38300
54,41600
60,2990
57,30700
52,830
31,26600
87,25200
69,44100
81,10300
72,8660
63,23500
36,41600
77,19800
67,16700
35,38310
55,34300
29,45500
56,52000
63,29100
81,10370
26,14500
32,6700
40,29100
54,62000
53,18800
86,12800
47,7300
68,12920
37,25604
61,64100
22,12530
33,8400
60,18800
33,24300
62,17800
60,30400
89,8400
53,9600
28,7900
82,18010
79,22900
75,9600
70,22900
64,750
29,9200
30,7700
20,14300
22,13304
31,33500
68,31800
15,10300
38,7830
27,13400
30,16440
71,80400
44,46800
18,560
24,18600
37,75000
78,37300
36,60740
75,21750
73,7100
28,13500
37,35600
44,9400
28,50400
27,580
56,8400
75,26400
67,23300
63,25500
56,26100
66,25800
76,11200
62,6230
25,39800
68,35600
59,43000
26,8100
50,10840
51,30500
37,51000
58,7690
75,49100
72,7500
80,1200
79,11600
82,37300
64,14750
77,24040
28,1520
80,31500
62,102300
74,35100
93,47700
85,1440
57,62100
38,17350
47,8900
34,13900
56,31100
33,18600
19,11900
59,1700
64,31000
78,11600
47,430
69,16400
87,10100
89,21800
38,22200
44,10600
36,38700
27,10400
58,47800
50,70600
56,42500
52,20300
28,45000
88,65700
63,27490
34,29970
36,3700
80,2400
86,12300
76,29200
28,10700
70,21000
81,44100
47,38600
77,30540
43,720
33,59000
35,10400
42,66000
30,900
48,27670
20,20260
45,83770
50,83770
65,29900
61,45900
67,24100
80,82800
78,8100
45,41300
82,17300
75,24800
73,40700
61,43200
82,12200
61,25700
62,17100
74,10910
69,5780
72,25000
89,8600
69,33700
61,62000
46,36800
69,42100
69,3300
67,52200
71,14500
43,54030
63,450
56,48700
55,26900
73,20000
72,12300
33,38400
66,34900
65,71750
28,28400
70,33000
37,29000
40,26800
83,7600
73,26600
69,102600
38,50200
41,30200
57,63200
64,43400
31,22200
34,20600
28,25300
49,5600
54,70
37,35800
74,67000
77,2780
76,32400
74,6070
58,6480
20,21500
45,54000
30,4700
29,39800
29,12300
46,16900
45,29500
47,40600
42,32500
85,8700
37,72000
16,260
19,840
78,20600
34,67000
27,5700
76,26140
19,19000
69,59900
34,31800
83,26700
35,30200
37,6900
48,3300
15,940
55,22300
67,21800
79,6900
49,40700
16,40
47,4700
23,32300
20,510
77,1100
84,1300
64,8850
25,920
61,21300
25,16980
71,28700
71,20700
31,710
50,18700
32,2300
77,10200
54,44700
36,41200
26,990
81,25510
77,3600
56,42400
55,21750
55,59000
93,15400
31,29500
26,83840
57,47500
57,62700
30,6700
52,34600
43,10660
48,61000
35,20800
55,40
68,45300
57,70200
32,14600
67,1500
80,33500
88,9500
72,11300
44,29800
43,830
40,6110
52,42200
41,17704
22,20600
26,5100
78,16080
56,12100
66,27700
77,5600
66,48520
57,31630
61,96000
41,6500
19,8500
44,28500
81,16200
34,37600
72,34200
71,15100
83,30300
43,76900
27,5390
23,1290
34,51000
33,52000
27,200
70,19040
38,46100
62,13200
52,30900
51,18900
52,22800
48,30450
75,36400
75,6700
64,39800
74,39900
45,83000
72,3800
38,7600
73,41670
44,95000
63,32100
64,30300
62,3160
39,78000
28,7700
70,18400
36,18800
36,2300
40,81900
61,22200
64,28820
51,24570
51,2800
46,17300
48,51690
41,16760
19,13920
61,46400
64,23500
74,8560
20,20800
80,11900
50,15500
39,25200
59,10300
49,40300
32,33050
72,26540
70,27800
53,73170
45,130
82,2500
56,17800
55,90180
49,31900
64,22400
55,99800
70,27260
57,94000
39,20800
33,27100
37,14600
44,25090
20,6960
87,12350
59,37540
58,47000
73,19700
75,15140
57,35500
25,18400
86,11900
74,15000
60,33900
80,30100
64,12830
41,48100
35,13900
62,21900
54,24680
48,9800
55,17240
63,16200
64,33170
52,58500
53,4300
74,25504
27,8900
63,5660
75,36600
31,38050
52,52000
65,69300
24,5800
21,6520
16,20000
39,59000
34,27520
48,23600
26,8600
70,21100
57,49200
76,17000
50,7750
61,8100
69,92000
68,7000
89,10700
80,14900
46,42050
47,13550
17,6900
55,3200
71,31500
70,10504
17,26300
75,17100
52,12010
27,24060
51,25500
21,14500
70,19100
61,103800
42,15700
18,5400
53,30300
50,16900
63,40500
77,23100
93,1000
67,67500
86,10600
30,39900
70,36200
74,42200
47,72200
70,21500
68,39700
60,84000
32,59000
62,34400
81,20600
38,58600
55,1000
46,2100
61,12400
42,39100
36,30500
24,21300
67,19100
64,2400
55,37900
53,37600
59,24400
56,3230
44,33720
43,31500
24,38700
71,8000
57,60400
33,4400
65,32400
66,6170
43,59030
50,23500
53,57000
37,16200
60,10400
69,12300
77,22204
75,27300
68,48800
75,27500
66,3400
69,72100
48,7180
88,33000
49,55800
55,90500
50,72020
45,3730
76,22700
70,23700
62,61500
29,2610
85,13300
58,10100
58,40400
47,34300
87,8100
37,48250
25,7960
46,47100
32,67500
81,7100
23,18100
23,20010
30,23100
62,530
86,500
18,1820
16,304
66,1400
81,76200
56,46400
41,96500
45,12600
24,28800
44,28600
29,72000
25,27400
54,100300
27,15700
54,8900
50,49200
50,34100
51,88000
42,28610
65,31600
37,18380
47,1350
40,10900
38,8200
38,38620
48,82000
46,720
62,1200
41,700
77,63300
46,25100
68,11800
82,13900
84,4600
78,14200
21,12900
22,24600
88,18800
63,5740
34,38300
32,34900
69,72500
48,93000
19,3590
44,23540
52,11650
69,27800
70,22250
58,28900
45,51100
78,47400
60,50100
60,61800
62,17600
42,23400
65,54200
63,500
29,9900
78,35700
80,300
69,19100
82,2300
59,10
41,11300
57,80500
22,14400
64,2540
21,10200
65,9980
88,11300
27,40700
87,12700
46,13020
50,68040
86,26900
71,35200
52,4200
26,170
38,6600
71,25400
53,27300
48,32120
58,84130
43,22730
31,36000
38,57000
80,14750
87,13100
45,2690
43,11800
57,37300
72,32600
37,70040
22,4004
52,44700
53,13600
33,56000
22,16050
54,49010
75,6650
32,24050
41,20010
52,62800
16,4
85,20900
22,1250
41,17400
39,54000
62,12320
74,10150
59,17700
66,27300
59,100
22,930
18,200
48,250
44,16600
25,850
21,13740
66,1300
45,9300
22,1900
79,3800
30,5500
87,9000
39,5820
49,37400
28,900
25,42000
84,26000
81,5200
30,40100
24,30500
29,29400
56,7100
78,4500
41,57050
57,50080
85,30300
71,72000
77,12690
62,5700
38,37860
52,78400
52,51150
41,10200
43,21300
19,11300
66,12800
26,21600
56,39800
17,16000
15,290
93,12600
63,32560
80,3800
84,12100
76,3500
44,46100
44,46200
63,7010
62,10
76,8300
64,46100
52,1000
84,19200
73,2100
42,65100
89,8900
79,29200
74,5800
31,17700
32,69000
42,25500
67,35500
30,58280
75,15100
67,25000
71,34120
46,44900
40,10820
42,34400
25,21720
44,40050
46,28020
29,21300
27,48400
63,37500
58,83000
58,80100
66,29600
83,6100
65,24500
81,22100
58,13270
47,68200
85,18000
21,8620
23,26200
38,17500
47,28600
47,6080
51,13400
59,22100
68,17200
53,3340
32,8700
28,35300
50,37000
27,6900
72,9960
45,12900
59,800
71,26580
45,4600
82,21000
21,13400
74,5900
53,86600
25,7400
49,57450
76,15900
34,14800
59,36800
64,42100
68,18900
76,9800
74,11500
43,105000
66,31900
48,11500
43,7640
52,91000
52,16510
78,64600
50,1000
66,5900
28,19400
30,33500
29,42200
20,25900
44,50300
67,30470
45,27400
84,39000
34,34470
46,14004
46,33300
46,6800
87,27500
62,16500
83,32700
48,49400
45,1800
58,440
44,980
18,4700
16,4940
60,29260
60,44700
82,35900
38,20700
18,2210
66,40100
59,3200
62,14800
42,32300
42,71000
67,19400
51,78000
25,15500
29,33400
80,18510
24,20500
55,34800
54,13200
42,16100
43,17700
20,16800
54,10470
16,930
41,10550
65,21000
31,47700
41,4200
35,4100
60,790
73,39200
83,8900
87,25100
45,25900
15,4100
42,32030
44,32530
70,23400
60,32800
48,14100
85,20000
45,39200
54,38200
68,37340
50,54800
51,38160
31,1300
57,64000
68,29040
43,35400
24,42800
76,46800
63,17090
64,29300
68,36800
65,51600
72,38300
24,13800
44,59100
25,2800
51,61500
34,32720
58,13100
85,8400
75,3000
24,45000
49,10600
54,8200
56,32400
28,14800
53,25600
41,25100
32,830
31,500
75,39500
93,29000
68,21440
32,20700
93,22900
51,250
22,15800
31,19700
56,84600
81,16300
78,4200
40,53700
66,52500
67,18630
62,8100
20,14900
68,12600
22,31300
30,18300
28,35700
40,30200
35,500
78,7970
62,26800
41,4600
80,12100
49,41900
31,20004
44,44500
25,40060
27,14600
41,18900
62,24950
65,28740
40,25800
76,49900
18,740
40,17100
55,32400
50,20880
46,40600
67,7800
40,10400
31,28200
52,12800
53,18700
52,3410
42,40400
41,33700
46,54000
64,43100
59,58800
49,25500
17,90
68,54000
75,23500
48,68400
78,8500
81,25300
61,15500
32,2800
51,30800
22,35100
35,46600
76,11100
40,28500
45,10100
75,13580
73,1200
48,31600
69,13900
71,5100
77,5160
25,13600
44,26580
54,77000
59,46690
60,45000
56,76000
42,38500
81,13700
56,34100
25,16800
31,14600
30,12700
22,4100
50,79000
65,15810
47,8130
23,4400
80,9660
37,29020
60,46200
74,30200
74,12600
47,3800
39,7810
54,61100
81,14800
55,23900
83,18650
59,55100
52,30100
78,14020
59,62000
74,55100
81,37400
62,15400
81,42000
43,4200
32,51000
30,2690
18,930
35,25200
63,8700
60,51000
28,33600
72,61000
70,9700
82,28500
85,12100
73,72000
67,28100
23,13600
53,36100
55,49110
66,72500
43,26500
51,32500
23,700
35,29800
67,39800
78,9000
72,6840
70,18710
28,48700
22,16500
26,10800
86,9540
63,39800
62,66000
32,53110
61,13400
54,9300
71,76700
60,19100
36,2200
86,12400
52,900
85,14500
73,2500
75,38400
46,3400
26,24800
89,14100
93,1200
18,4400
21,25900
39,12600
45,22860
77,23000
32,350
36,26300
87,71000
56,18300
85,10990
74,16300
54,5700
39,270
34,33200
77,16190
73,33200
74,35300
40,15400
36,66000
20,6110
45,30800
45,5500
15,4700
34,39800
32,19500
40,13400
41,38100
79,11320
93,9400
41,14400
75,55000
42,39900
32,500
66,14400
74,65200
57,77100
52,29800
75,22000
62,46400
38,64000
21,1240
18,4320
61,65300
52,85400
51,23400
78,14900
62,2900
23,14800
52,92000
41,6120
50,59000
49,46800
85,7300
33,36100
52,65030
53,32800
52,39400
56,45600
60,11900
60,90500
19,7200
52,38400
55,6600
43,20
44,36700
69,32300
70,5910
24,11500
24,7540
27,24800
24,220
55,20400
24,14200
23,6100
42,20050
31,18300
46,4700
54,24350
40,30100
46,32100
77,16500
61,13700
59,6800
37,9300
42,32660
41,36620
21,16200
76,46500
62,10100
54,12520
43,15400
64,46050
78,15900
28,6900
65,22050
62,65720
63,20900
39,30500
48,50010
55,4500
36,15900
85,28500
47,2200
77,8600
70,28900
31,58030
82,58800
65,50300
45,7020
62,3020
72,20900
69,48200
70,8780
20,5900
76,89100
66,23700
52,67010
59,19600
70,10400
56,22100
77,23200
34,26180
32,4800
57,18330
70,21200
53,830
50,80040
51,37300
46,2600
88,44100
61,54000
73,8900
53,25100
28,49000
76,63100
36,48200
38,21100
73,14800
61,47710
72,8100
26,31200
19,5530
39,6900
54,47140
43,31200
31,71000
69,11100
62,3430
65,6600
61,46130
20,15600
23,18400
66,26800
44,42500
62,33800
52,36100
30,17200
71,23300
42,37300
47,35030
46,9100
17,1730
62,4370
23,13800
69,22700
30,28200
44,42400
79,24400
44,650
48,4200
66,14020
49,4600
37,4200
61,29800
48,44400
54,51040
64,3300
75,10200
36,35560
49,8500
71,2880
71,58100
55,54000
83,24500
34,20620
34,8650
64,13100
33,13900
52,9890
45,58030
47,650
35,11800
46,43000
85,5200
70,2900
50,5020
85,16000
86,14700
31,57000
57,900
70,29200
51,30700
77,30600
43,24100
57,5900
85,10500
60,19800
70,8720
63,15440
75,79200
62,66050
38,28300
64,28700
38,39800
53,28604
18,120
67,59900
55,5800
21,9450
85,13100
25,57000
22,7900
33,21200
65,67160
53,420
68,55500
68,16100
44,7300
71,54000
27,3800
58,30500
39,7900
49,1300
64,3400
17,5100
59,29600
37,32400
74,3400
83,39300
36,15700
71,14590
43,59420
61,45400
60,26100
88,37800
70,29900
63,2040
51,320
43,1600
44,19300
19,24000
62,21100
57,9900
84,15900
59,15300
80,44500
76,22500
81,87900
82,42900
71,18300
34,12500
47,850
78,10200
62,14720
76,20800
78,18810
32,51500
67,33150
57,18900
56,17500
61,6500
64,11780
62,8300
84,5300
51,18200
19,480
55,24730
53,8700
49,42400
66,16210
57,79000
57,9820
48,8130
43,7100
21,6640
22,35000
49,41700
49,21600
58,16200
59,55400
54,11800
81,13100
66,13040
43,33340
56,12260
57,2400
77,7000
63,32200
67,77500
69,220
23,48000
23,14600
64,41000
62,30
26,28500
40,58500
40,23200
51,36870
80,3400
53,16720
53,13040
43,61500
43,18800
22,19004
28,4480
45,40150
63,24770
31,1000
55,3980
19,6904
24,52000
69,3100
34,48100
51,66400
85,16800
30,14500
64,54000
38,20010
33,250
35,35800
57,34300
84,8500
75,25100
57,24300
63,98900
78,2980
57,52000
61,18030
57,230
29,1520
45,24300
67,21200
29,51300
18,110
50,6500
77,54900
23,5500
45,75000
74,16450
21,850
71,31300
27,9500
25,11070
71,21800
56,12120
38,44250
33,17000
69,17100
35,45100
32,45100
67,25100
64,16500
63,2200
46,28500
65,5750
24,12800
30,28300
25,11300
55,17100
53,16800
37,45600
40,24900
76,18020
56,14900
28,500
49,16500
23,10010
47,7800
30,7900
58,24200
63,43200
39,35200
41,43200
79,14240
63,26500
26,27400
40,41300
37,100
15,680
53,2400
48,30010
24,4930
22,4670
19,6410
73,7000
47,41700
29,18400
39,62200
77,9200
51,31900
53,52600
40,28820
37,4104
50,32960
31,21300
18,4780
61,9600
65,8030
84,16500
45,71000
60,42100
52,28600
38,24900
61,930
93,6700
40,3900
59,65700
67,82800
59,13700
80,5400
21,16300
54,49240
75,5320
83,20600
56,16860
56,10400
18,400
30,12100
57,43300
27,7300
86,22700
70,42200
29,13600
46,39020
56,30800
51,22500
24,20600
58,4200
66,71700
21,4110
17,420
26,3800
39,43800
39,18500
53,17900
53,13700
84,26100
55,62500
72,10210
62,71120
53,300
76,33000
62,26620
54,17200
49,21900
50,44500
51,37900
57,100500
27,22500
62,90000
36,600
64,30400
43,750
61,18600
44,18400
17,960
39,3500
42,52000
34,30900
23,400
81,7700
82,5300
34,70000
27,54000
63,3460
33,3400
25,17400
68,2800
51,20500
74,23600
76,63020
58,18500
65,35500
60,16560
17,230
84,16000
51,50300
55,9400
60,28600
49,26510
30,71000
74,29800
56,22400
84,7520
30,21100
73,9200
26,38500
60,64000
84,47400
20,630
87,18800
87,17700
83,8700
71,9100
56,28700
37,9200
83,19400
63,34700
38,23600
75,19800
65,61300
65,7970
66,18140
51,91700
49,25400
38,28500
65,59500
41,36100
85,10520
62,39000
35,9700
16,180
60,9300
71,59300
69,10800
32,26200
55,16800
89,34100
38,28600
15,15000
17,31000
46,36100
41,17700
69,30200
22,4600
76,7600
27,41600
24,6100
47,19660
28,23404
22,1600
61,60500
47,100
48,500
42,5400
59,18900
53,31900
46,1700
29,28040
35,30900
83,11800
63,32400
59,47000
59,47800
41,87450
44,8800
87,64600
93,1100
54,8480
27,25800
40,44000
78,50600
23,940
48,34600
43,45100
82,25200
74,11004
32,510
72,54100
79,9080
68,480
40,100000
53,34400
19,10800
85,52100
59,31500
49,70100
46,27700
69,8200
66,29800
61,92500
60,15520
68,20700
49,99300
36,24100
30,630
64,15080
83,19900
50,96400
85,8300
38,2300
38,3110
50,46100
27,5400
30,35700
73,8600
22,12020
80,53700
76,29600
55,86700
48,70600
45,53000
73,57710
67,25750
28,13900
76,21900
73,18250
79,25300
87,5400
35,40030
36,21300
33,10400
57,37200
53,21700
48,2500
63,69000
77,21000
60,34050
83,10900
29,34100
19,1900
82,41400
68,44100
57,13500
22,11500
17,10750
64,28750
48,64600
17,4504
83,16600
53,12410
79,45000
30,18700
15,770
68,7100
38,34300
36,36800
54,31090
31,16800
22,17700
71,29900
83,5900
64,6120
18,19300
25,13300
63,23800
19,7400
44,44860
55,6870
23,4500
67,750
72,42000
53,15050
41,30600
37,4870
81,22400
83,22400
44,30680
80,18500
47,11800
57,57700
50,27860
71,8600
34,7500
77,54000
47,59000
73,15600
61,38340
60,20970
32,4100
31,2670
46,14200
39,73100
61,36700
52,33240
52,9660
51,53200
45,7400
77,63100
32,64000
36,53510
35,48000
35,43700
27,42600
30,43900
49,15900
36,26700
49,66030
67,7500
20,16400
44,40200
16,1960
44,23100
43,600
56,86000
86,28200
46,270
93,19200
25,52000
62,22700
59,49800
37,59000
32,15300
70,33800
62,10800
80,34310
72,1300
71,1300
41,12760
85,7400
73,33210
78,46230
75,4380
43,4070
61,1300
66,55000
54,20400
71,43700
58,60440
49,46600
36,4500
50,8500
66,47700
26,3400
32,10900
89,19900
53,22200
83,3900
56,12800
59,13300
32,30300
43,65400
55,98100
89,21300
60,25070
27,37510
27,26220
55,46800
26,33130
65,15700
83,21300
84,18500
54,35900
65,11700
51,5200
61,65000
70,21400
87,5000
75,19700
70,7700
52,23800
36,15300
73,5480
36,34800
25,21800
50,1900
33,12200
58,61800
57,24160
55,1760
46,58060
20,7900
70,7400
44,8400
61,29200
28,3130
40,53000
59,12810
57,35310
27,43000
66,32404
65,50200
30,7400
67,28600
37,16900
83,1200
85,1800
56,62400
52,7800
52,5800
29,16500
17,480
35,1300
65,24850
56,22504
37,19300
39,24600
48,7700
21,65000
45,1600
16,630
42,34500
39,3900
24,9300
45,78920
43,60500
64,65000
35,48700
57,79050
58,102000
82,6310
43,16500
75,19600
75,4400
72,1500
41,37720
42,85760
37,15700
51,31500
67,27600
77,3000
58,8600
23,45000
62,29400
65,29400
58,1590
45,25400
48,4300
50,30900
44,44000
60,47600
49,61000
70,30100
83,91000
77,2500
72,4900
32,1100
81,15520
67,34600
51,3100
46,9700
30,830
24,10900
72,22300
42,750
53,65600
21,90000
52,47820
46,18400
29,10500
45,13850
51,42770
52,24500
86,8700
78,34300
35,32800
59,29100
38,6500
60,63000
47,4350
70,7840
22,3300
89,22600
84,5120
37,48700
62,34300
42,12400
66,6600
45,31500
22,26700
40,37320
42,46300
31,4400
49,89000
56,900
35,22500
27,55800
25,6300
71,43100
56,22500
19,9200
66,30500
80,12700
66,62700
88,41400
38,11100
56,37200
51,37640
40,45500
21,11200
49,53700
40,4200
43,36100
54,700
68,9300
63,65770
64,18820
61,19900
60,3500
93,10900
89,86000
57,6200
76,15100
32,16600
67,60800
55,2200
74,11100
19,13100
47,46100
38,40870
41,40010
41,50
28,4500
66,48700
44,3400
36,1500
74,9800
42,2600
73,2900
61,37100
28,7500
50,90200
18,20300
49,5800
39,3800
93,7460
34,19200
70,50000
65,37200
34,19400
71,30
26,10400
57,6400
41,25290
38,30570
27,36800
69,16010
39,22100
53,10520
46,38900
44,63000
35,540
64,40970
78,8910
40,40400
39,39100
49,25100
63,22600
57,6130
77,24000
84,850
54,41500
49,33400
47,42700
46,67300
51,21400
30,11400
25,87000
29,21900
28,27500
30,23700
40,23100
71,21400
85,12900
86,9350
58,85000
81,11700
27,93500
18,8470
45,23300
67,40400
23,100
23,6110
42,76000
32,380
59,4920
81,6900
72,4400
56,3540
39,59760
28,12700
60,15500
56,85000
18,8200
44,18890
45,47100
62,57300
57,400
41,20080
23,7300
43,73000
60,96530
79,12200
35,100
30,5600
75,27080
31,45800
41,11700
36,12100
19,12300
40,9700
26,26100
72,21900
68,4900
53,27520
78,11200
68,18320
37,50200
50,57500
54,28200
29,19100
33,40500
63,5800
24,500
34,11600
51,40020
62,32260
55,2800
36,60200
50,41600
51,25200
18,6600
20,5200
75,22640
35,14600
76,8100
56,79200
86,6600
25,14750
58,31900
58,9900
47,210
50,65040
42,44800
43,390
54,80500
77,3800
72,40000
68,44600
52,34740
37,800
48,1420
50,20600
62,37000
62,10600
79,19700
57,82000
36,85000
87,9600
35,46000
37,17500
54,10400
74,1300
21,3400
32,40100
53,26600
52,29100
74,15700
34,3100
38,29400
62,9700
40,24100
47,51500
76,8000
82,45800
74,19000
71,50100
72,17900
86,6000
29,30900
49,24430
69,20040
41,13100
47,27800
81,6400
82,5880
85,8800
67,94300
64,39310
23,19700
60,56000
66,41800
71,3500
53,31800
34,5500
29,11100
38,3300
73,47100
68,1000
34,17220
39,10500
46,56050
45,12050
80,29600
32,25710
68,37700
49,6300
65,50
48,14800
61,87050
43,63500
16,5700
18,13000
25,1510
88,1850
35,75000
39,32570
30,27700
54,39300
17,3800
37,44350
53,74300
79,27000
48,30600
44,1800
19,3690
80,13600
79,48100
38,16540
56,36200
87,24400
77,14900
62,44700
48,25600
82,14800
86,16400
72,17500
18,3250
26,940
33,65000
17,10700
56,4500
69,20300
61,59300
52,16050
52,31700
42,45300
43,35800
55,3900
55,11100
66,25650
52,46500
51,47400
45,27160
70,760
20,4250
60,18690
93,6600
58,100000
51,29500
17,830
22,2800
68,6770
53,43000
29,4500
55,48090
52,19300
19,9420
60,750
34,35040
70,28390
56,4210
24,58000
22,2700
61,9210
51,3310
19,570
62,16810
22,500
50,47700
41,35010
18,12550
56,20408
53,17700
52,27100
47,29600
45,11800
63,46930
22,5240
41,3100
61,46910
61,640
66,14600
56,70000
29,2820
68,18600
45,17500
48,16600
18,1510
72,16700
63,2800
67,79000
64,95000
64,96000
69,9000
74,390
43,40030
42,23700
86,7320
87,20400
84,5000
51,16270
46,73000
46,43750
63,620
58,9100
82,630
31,8500
64,95200
18,720
29,13204
17,470
17,5760
61,11900
43,59000
60,28160
64,56100
27,61000
93,14400
89,19000
34,220
43,23600
52,61600
77,2720
69,12900
29,17820
68,27500
70,5220
39,5700
16,6400
40,97000
88,6040
45,66600
62,50900
69,32600
51,70100
87,10000
25,15700
86,3800
67,48800
80,8800
73,12100
64,620
36,20700
54,67900
77,17140
50,37600
62,12100
60,27010
38,6300
47,66300
67,23500
61,1600
65,21300
28,70000
55,41050
80,17700
68,21500
53,35900
55,56200
51,4400
30,8700
23,8800
22,900
81,15900
53,8100
43,28900
37,30900
70,1000
30,36500
28,33700
49,53460
70,44000
67,45000
30,25800
49,77000
39,12400
52,2100
64,21600
37,49000
25,27700
54,23100
93,7300
31,19500
27,17300
39,20920
15,1410
57,26200
33,10500
27,4900
38,35200
68,1200
75,33200
21,30640
86,190
58,82000
18,11300
43,32200
77,22600
74,28600
85,56950
32,71800
40,46240
40,20
18,1710
42,25300
43,19100
38,200
38,12600
38,850
70,13300
26,34000
57,4320
53,62000
45,18200
84,33100
73,34000
48,8800
19,340
59,41700
36,59000
31,25010
32,38800
85,23000
25,30100
60,29400
39,4900
57,16400
41,18300
71,17100
53,14600
26,720
60,78490
65,13730
65,7450
80,25400
28,28900
71,46070
66,6040
38,40030
33,1430
27,45650
71,37300
58,38500
47,600
53,65360
52,30300
27,5800
69,33260
61,24070
47,68100
47,3880
80,22700
75,4490
31,6400
87,9200
49,57500
49,3600
37,3900
47,41570
44,15900
76,15800
78,34000
65,1300
43,120
85,34400
43,5220
49,10800
45,30100
67,58700
49,64000
60,9450
77,42200
63,33200
48,47700
44,21400
46,19970
64,17400
62,18130
40,19100
43,8100
16,5400
52,25100
93,17100
32,33010
29,49000
22,49000
33,20100
26,9100
33,62400
57,6600
47,57800
65,18200
77,12800
35,8400
35,6600
40,13800
49,50180
40,11700
40,9400
49,1200
23,8400
71,73900
21,30000
68,25800
49,11200
73,16800
31,68000
31,10100
54,25900
88,9300
31,51100
57,16700
47,35900
20,7520
55,4600
52,17560
29,14600
54,16400
56,31700
50,46400
54,39500
55,300
42,15300
38,600
27,17900
84,900
70,1900
59,20
57,760
53,50250
44,5300
84,74800
73,17900
23,5700
44,56800
39,37300
56,9300
26,1800
52,17500
24,15500
87,19900
86,4400
48,47100
38,23700
39,24700
18,2140
72,12130
83,94000
70,8900
37,18300
70,5610
17,180
50,2300
57,62500
56,1300
46,57200
43,2800
18,3690
15,260
71,32100
68,82200
74,48800
93,12100
32,22700
88,17200
56,82000
25,4100
55,19300
85,11500
47,4500
28,7100
33,5300
32,22200
53,59250
34,26200
41,4300
84,30400
46,15800
71,21700
20,8020
72,12600
68,23580
55,1400
93,30500
46,34360
58,89200
73,32404
32,27900
31,25600
30,20400
53,10100
62,37410
62,4210
80,3900
32,22400
57,71200
54,85050
56,38100
65,29200
72,2100
62,2940
87,14000
21,17700
59,7900
83,14400
79,12100
41,19130
43,8900
42,36100
59,64000
64,2100
53,28900
80,19300
57,24600
51,7900
54,72100
46,27304
45,6900
78,4904
79,10150
71,16850
26,14800
24,49000
20,14200
30,14800
24,18200
72,37400
33,35700
52,9600
34,24500
33,30200
70,17400
52,62400
65,48800
76,67000
86,7000
44,23300
80,37100
43,22200
30,14720
67,13900
34,17400
49,55400
62,76500
58,10700
76,21440
77,33500
38,85420
37,20600
48,60170
53,900
39,10400
25,10700
57,11200
54,54700
48,20700
18,7350
24,38800
66,15200
86,48300
19,350
75,18800
29,25940
65,15170
31,12200
43,48350
67,34700
64,11600
61,23800
63,64100
75,10440
52,40250
42,43300
26,22300
21,4004
93,5400
67,22940
33,10940
64,29500
45,26250
82,36100
53,15900
68,20370
89,12400
76,55000
53,17200
55,37400
84,19900
81,43800
78,67800
72,4300
40,48600
36,23700
34,25800
55,35500
42,32600
80,29120
36,31200
35,8100
44,20200
53,44100
59,34300
53,32900
21,760
53,22270
59,6400
39,34400
48,62800
39,103200
52,2400
30,10030
62,720
62,4790
47,10600
28,5600
86,17700
43,47900
43,9700
45,27300
26,10200
60,15400
49,19800
51,70400
58,1800
27,5080
60,14360
39,31600
54,31010
41,77000
34,13700
63,61000
42,350
41,13700
46,11960
15,960
78,31000
51,10400
64,8100
49,63500
73,3000
65,26380
56,14500
33,39000
74,35700
46,37600
22,18400
23,1110
62,43320
52,23720
38,97000
58,12020
48,42800
43,71040
36,6500
66,58400
28,22200
42,960
21,45000
64,19200
38,1600
23,67300
20,6004
56,9720
64,6770
32,8200
40,32500
39,13300
22,28600
53,78400
20,220
72,29200
28,22700
59,60100
65,12400
68,85000
70,54900
81,33700
62,25980
93,7100
38,63700
47,5100
47,380
66,10700
63,74800
23,13700
88,90000
82,70400
62,38900
69,72800
28,10080
20,6350
62,9050
48,56440
46,10400
20,1180
33,33100
50,13800
47,25100
62,10890
76,51800
26,4800
60,55300
61,20300
67,28300
51,51500
55,31850
55,10600
78,11700
93,2970
51,9100
56,54150
31,12240
35,34600
32,46600
69,29900
39,16100
32,50040
21,33000
47,3000
72,18600
63,6020
65,20600
71,200
51,9600
23,3470
84,37100
63,24810
21,30500
54,10100
73,1400
67,7200
73,21100
64,55700
62,29900
57,49720
19,12900
53,13900
28,4870
37,3300
55,50020
37,38200
60,24100
20,90
57,46000
57,12400
64,34500
41,13900
33,21800
67,45700
52,22500
25,9100
20,21200
45,14100
72,10700
72,11500
46,68700
86,45400
88,45400
43,13700
25,24800
45,25100
68,27220
46,42800
44,33600
16,860
18,4996
37,38900
20,29000
48,57000
84,17940
53,18400
89,2400
82,5400
37,7700
34,20400
56,69200
47,29100
54,26800
68,820
72,17450
80,17200
33,11010
69,44000
60,20690
30,5900
23,4810
18,12800
37,22700
68,26700
68,6900
26,13400
41,45500
57,18400
45,1350
62,1030
62,6480
57,29110
58,1400
55,40250
37,600
26,33600
24,22900
61,61400
62,27220
54,27080
39,8400
58,44500
57,8140
73,1000
55,15400
54,800
33,27400
34,22700
27,33400
68,22410
31,17900
47,16600
72,4100
73,18500
39,31300
57,15800
37,50710
30,42600
58,57000
81,20990
72,11800
56,16400
69,25300
51,9500
32,4500
63,1300
89,22700
84,35100
64,51100
65,67500
61,20900
55,89400
93,8200
81,9100
61,2600
38,32400
46,3600
64,35400
80,16800
39,43900
81,3000
66,42000
57,35100
21,12850
54,56600
49,250
35,16940
16,6950
16,8600
62,72000
44,760
93,18200
63,26200
18,370
64,54200
76,70100
54,50100
55,11600
52,19600
56,16800
43,66200
59,56300
28,130
27,18100
25,2200
51,9400
67,4700
51,37400
35,5600
70,14210
45,79000
63,19430
35,34500
33,58000
63,10500
68,42500
69,27850
61,72700
50,37500
44,10500
75,31000
31,39320
69,18800
57,7800
29,36090
30,37500
24,11200
60,20830
42,47120
46,45400
36,80000
64,9920
22,8550
50,27800
45,13100
54,73100
46,18100
66,17920
71,19930
47,12100
22,2190
18,11200
74,7700
73,8720
43,12500
71,14300
72,12900
51,2900
69,34400
20,740
56,15800
31,17500
88,10900
51,51100
35,2900
15,5400
70,36800
69,65500
82,32000
42,27620
42,26380
42,36400
72,28690
68,19200
26,18900
21,23900
82,40300
75,13980
85,10900
51,65340
76,27900
77,8300
86,20400
57,1690
70,10010
64,28200
60,37800
80,7300
63,12300
32,28800
54,2000
42,38800
34,24700
45,21300
67,31700
61,67400
20,33600
51,67000
51,63000
70,28500
42,47300
21,25060
26,26500
39,9500
69,31400
45,69000
46,31200
59,50100
58,3050
72,34000
76,25500
73,28690
88,14400
44,13300
77,28340
48,54400
60,2020
48,62100
42,18400
44,11800
53,40800
33,51000
25,26020
80,44900
29,26804
27,13004
87,25600
86,14100
59,9700
49,3250
32,20200
44,40510
25,6800
67,56210
64,5810
62,45400
66,39200
22,24700
80,65800
43,42500
50,34220
16,360
53,14700
70,28600
51,2300
23,25700
64,3960
34,23200
56,28500
48,21100
44,31200
49,9900
48,9900
65,30190
54,8700
87,52800
38,43030
84,26400
69,3690
54,26200
47,56400
78,14070
29,8310
67,60900
45,870
64,68800
60,62080
58,37400
47,50500
55,26020
88,8400
84,4200
69,7500
24,480
22,11400
78,60870
44,11400
89,24470
82,8140
26,12400
87,21800
40,30800
38,23100
89,10000
35,72000
53,25060
46,22100
36,70040
74,32100
27,23200
55,18300
63,18010
61,25900
60,18700
65,29820
64,10700
50,64000
69,48100
61,25500
58,33170
53,31300
28,330
24,2300
30,53000
34,26040
35,27300
56,31540
17,5600
62,30290
35,26850
40,21800
67,42800
82,6770
73,13100
68,9960
62,6820
29,4940
81,10720
40,33630
30,26900
60,17600
49,60130
84,3100
84,7600
81,3400
62,37640
23,21100
74,40400
75,73900
25,320
47,35050
37,9100
57,2900
55,10900
53,28800
84,10000
77,1500
46,400
41,46240
68,32400
36,39040
59,6600
41,29250
23,25100
65,5820
48,24600
67,17700
51,69700
51,9200
79,18530
53,26040
44,18300
41,4100
79,19200
48,8300
74,24400
61,31700
79,26000
84,5504
49,69000
79,32800
80,6580
44,17400
64,8800
25,19600
38,25500
57,9800
61,95270
34,31190
46,9800
80,20410
50,38200
61,44500
52,100
18,750
36,57000
81,11300
80,9700
78,16130
77,5530
51,80100
47,38300
57,12200
82,8100
30,19140
18,61000
58,30200
57,11100
44,3340
72,48000
51,62540
71,9600
46,26860
57,61000
53,20180
50,35160
41,5500
77,18500
85,7600
67,27730
29,500
40,16004
52,20100
20,9780
28,15610
58,29100
45,27500
29,98800
56,21400
32,23600
32,2380
75,12770
73,4200
34,18600
33,14600
85,19570
57,8800
75,50200
60,44800
21,8500
82,19000
56,49000
30,34600
87,30300
89,4200
70,41700
85,15780
68,61000
18,870
34,18800
79,39000
77,13610
77,81000
37,18500
34,66030
35,35530
37,6610
48,25020
73,63020
73,42000
86,8300
56,12600
54,6500
56,15320
45,6400
68,10400
33,10300
28,30080
29,7880
39,72010
33,46400
63,10100
71,26400
45,26020
30,23530
61,19700
46,22200
48,14004
34,500
66,90000
30,36400
26,27700
68,36250
67,11760
75,28800
68,26800
83,28600
55,31200
84,44600
67,24600
43,22400
87,26900
85,20400
65,7470
64,2900
76,45300
83,15000
83,18150
68,71300
89,3600
64,8150
82,26120
68,17720
84,22200
80,32500
67,26900
58,30700
77,38640
72,11700
54,14600
54,2200
59,76000
75,50700
74,61500
66,27600
66,50600
93,20600
54,27900
73,77000
80,52400
81,19800
80,25300
79,20900
93,49800
59,8730
61,55200
67,53700
81,20000
79,21800
82,50400
86,3500
63,100000
61,3600
80,67200
71,22400
73,30000
82,16900
84,6400
45,6100
47,6400
74,34700
77,14330
26,25100
74,26400
85,30000
64,6530
80,4100
77,8800
77,48000
79,104700
86,36100
87,5200
81,26700
93,44500
86,25200
61,440
84,16430
74,7520
86,65000
23,43800
62,31030
59,5780
80,14100
67,14500
74,24800
78,50000
76,1700
78,20800
71,7660
80,31100
83,5510
73,26400
66,12500
67,14700
86,27100
77,26800
74,9900
88,48400
82,39500
83,8800
79,33820
84,35300
73,26700
77,27800
74,9330
93,31200
89,6700
54,41400
52,7500
69,44900
75,31700
63,29300
55,20020
67,50100
76,34300
83,74600
78,3400
79,42100
82,21700
67,74000
88,10200
82,16800
25,39000
23,24400
75,16740
78,11860
67,1000
74,74500
55,25780
89,20000
64,17160
93,48800
81,15200
72,23200
93,5300
75,20600
73,1800
68,29000
80,28100
17,10900
79,10950
84,21600
84,8300
82,20800
85,16300
44,28400
56,18700
77,30100
83,31200
74,21700
39,85000
16,11460
61,3400
38,30800
64,72600
62,3250
83,66600
64,12900
74,32300
65,46200
83,63300
66,13500
81,100400
69,57100
82,11700
80,34700
75,44600
79,67400
75,72500
65,16600
77,43400
83,28800
88,27100
88,35300
72,2400
71,52300
88,18000
62,48840
64,34700
73,39000
63,25100
21,29000
33,75000
33,12300
66,8800
87,37000
81,42700
84,58500
85,6300
35,26520
38,29030
68,57700
75,36200
87,18200
83,13900
81,42600
82,1200
60,90200
75,33500
69,48600
45,63800
63,22050
81,29000
68,20400
22,34300
83,11460
47,36030
66,39030
72,37300
82,29500
66,43800
66,43000
81,40300
76,40300
77,42700
83,16100
66,4900
70,46000
93,17000
58,72620
83,2400
78,54000
81,22300
66,66400
69,2400
84,55300
69,27950
69,21700
86,13400
82,41700
24,24200
85,21600
59,24940
70,31700
93,10380
79,5100
72,38000
67,27200
63,54700
66,24060
55,37700
72,10220
61,46700
35,11500
73,9700
82,30000
73,45300
88,20300
66,31100
69,19000
63,59300
63,7150
89,53400
57,46700
81,29800
74,15400
71,260
93,61700
93,27300
85,42700
75,20200
71,13630
77,12770
93,7000
65,40500
81,30100
81,32200
81,45000
89,12200
80,100000
64,48200
87,33900
84,36100
79,45800
58,37500
74,15730
82,6100
80,57800
80,20900
78,24540
72,27900
81,25100
80,91000
68,62000
64,6940
42,52300
36,17900
42,15880
71,58600
69,67800
73,26000
83,25700
87,35000
72,51000
68,43700
86,20800
82,10400
62,20200
86,25000
78,63700
83,34000
68,27600
63,46410
78,41500
93,11530
76,35000
93,45800
81,95400
84,23300
80,60500
49,52490
54,28500
79,40900
65,35600
61,38600
62,88000
48,10400
83,8110
62,10620
93,10440
80,30300
73,22990
58,1100
63,3600
83,11100
82,11200
41,49500
32,81000
62,26700
87,26300
85,32300
71,30900
74,7400
67,5800
73,46800
70,2100
63,11500
87,12200
93,56600
87,26000
93,7760
84,16800
69,36900
58,53800
76,48000
74,45000
65,45000
65,33400
40,13990
35,36500
79,44700
75,28000
30,36200
72,71800
64,57590
55,25400
19,21200
70,4500
87,32800
69,1500
74,76000
78,13270
83,27000
67,50200
67,30110
89,12600
69,66650
83,25100
81,9500
80,25520
39,6700
81,48100
78,10290
72,33400
50,53500
85,32500
81,56800
74,28300
70,25300
62,34100
77,28900
87,31300
93,50000
72,28510
57,48200
70,26700
79,31400
83,32000
81,5300
79,17160
75,16420
73,6310
82,9400
66,55400
57,13600
55,2500
78,46100
74,54200
28,26404
82,23000
79,14600
37,47000
69,65600
67,58000
64,57000
73,34100
59,30300
69,40700
48,8030
49,44830
58,33300
37,19400
83,74400
87,32600
42,14600
85,11860
81,5700
85,31300
87,20100
67,38030
64,9640
64,32400
81,25900
33,45200
78,25100
89,17800
39,17700
40,17500
64,70000
76,10970
61,22940
66,37970
63,7770
67,35850
45,54750
52,42750
43,24800
58,91500
72,25900
55,29500
66,55500
71,41300
74,21900
64,59200
73,33340
72,27740
79,32000
82,13630
75,34700
82,20700
69,13700
76,3900
79,25800
89,11700
77,57300
78,13900
54,13800
55,44500
27,25500
79,19770
78,23800
70,5750
75,60300
78,23500
69,28700
71,17400
93,29500
82,3500
85,23300
71,37000
56,29000
65,14600
85,41600
28,62000
63,80000
83,3700
60,48600
80,42900
59,62500
42,11450
88,5500
57,56500
71,36400
71,16300
50,94700
60,42900
60,30800
77,31600
70,5600
82,13800
76,25510
81,15700
82,18200
67,66100
88,40600
74,22030
78,23200
76,4900
78,29500
77,35600
73,31000
79,240
80,64100
68,45000
64,41500
72,28800
67,6270
62,93800
67,69300
73,26300
26,36500
64,49500
74,22200
61,26500
63,40700
44,21900
88,15600
73,31700
42,5300
82,24900
75,13000
68,90000
79,46500
76,18150
75,24130
80,52500
40,38400
69,24300
73,17500
87,76300
81,49800
63,59000
58,31400
74,49000
79,12500
85,21200
78,11104
69,43900
64,52500
77,2000
63,30200
70,18760
79,47200
81,47200
63,68600
79,33100
83,21100
83,14800
71,53500
89,43300
76,33500
68,23400
88,11900
87,49400
88,87300
85,36900
63,28800
64,23860
74,68400
77,29000
75,40130
62,21350
65,55700
80,37180
73,18400
71,17900
83,17900
67,17380
75,40000
72,62300
68,5110
83,43800
88,41200
48,7900
48,8700
70,6350
93,29300
78,41770
84,24600
72,31800
78,12880
81,28800
82,46840
82,5640
81,10960
69,19320
71,24880
85,35000
80,6650
67,39000
60,16000
79,17400
80,42200
87,14100
83,6800
93,23100
78,10600
67,9800
68,12690
78,24300
93,25000
78,30000
82,3000
85,36000
83,5000
73,45200
73,44100
68,39500
62,89000
82,62200
75,47300
69,18600
80,48400
76,33350
65,8270
50,15600
51,14500
66,44000
69,33200
85,53400
83,11300
71,27000
71,24200
60,17800
64,23900
32,24600
83,6500
41,48200
69,41310
62,16600
80,44300
25,18700
69,17400
70,77400
65,1100
72,57000
68,57800
77,81100
77,11100
75,13700
67,39640
78,30800
74,6750
84,16770
60,8430
83,11600
57,23300
66,36300
62,21800
52,12900
77,22900
18,21000
66,42800
74,43100
81,23000
84,27000
76,44000
68,48630
86,16900
86,8360
74,61800
66,28100
82,10230
85,29500
66,20000
75,68700
71,25730
70,9830
84,37500
35,8370
24,10600
75,34250
70,20450
86,23760
27,27900
26,50000
63,46300
66,54300
79,46600
65,49200
58,16900
69,7700
58,29360
52,22100
59,15500
69,45400
66,7770
57,630
58,28300
76,31400
84,7500
71,66600
51,49900
86,50600
83,22700
85,23200
67,35700
79,28200
74,16410
63,77500
74,26000
70,23090
53,28400
46,43100
58,9200
93,13700
80,8410
80,13900
78,21200
69,22350
74,29000
27,33204
87,24500
68,18100
64,52000
63,8200
61,79500
61,4700
87,24000
82,15200
79,26100
77,47200
79,28900
84,14700
77,8700
66,46800
66,9700
88,28700
73,52400
79,40600
35,20400
80,18100
65,56300
86,20000
79,18100
75,20500
83,37600
76,20620
80,7190
84,14500
84,25600
86,9500
71,14900
69,64000
84,44000
81,29100
82,26800
81,24180
72,45600
78,31100
70,71800
71,76000
76,45000
69,57500
76,17900
83,65600
65,76000
67,21300
42,31200
65,38800
66,53700
64,5020
82,26000
93,26600
47,5400
70,45000
77,16760
60,85000
61,26000
37,8900
53,17400
33,6600
83,24600
74,23800
56,18800
54,34600
65,47000
24,12500
47,53200
51,8200
93,23000
87,31000
85,26100
76,2400
69,23300
83,10300
74,34200
29,63000
57,17100
73,19900
47,24690
84,34000
93,70000
77,11400
63,2900
62,700
43,52050
80,3000
81,25200
83,36900
63,69500
53,34200
72,23100
78,22400
79,18840
86,29800
78,12700
58,62900
93,27400
79,41300
82,10050
83,99000
65,25604
68,33600
73,12010
67,22110
84,17900
78,52000
36,33100
71,28200
82,16200
72,60000
71,46060
34,26400
36,38600
50,41500
93,31400
69,47200
74,23200
73,21900
80,33700
40,60500
76,15500
89,23800
63,26740
73,75100
57,31210
78,24400
77,23600
73,10760
85,6200
56,47300
89,29900
79,42900
63,24450
61,230
79,37500
79,88000
73,63600
81,18300
77,44200
69,8100
49,60920
54,17800
84,25840
74,5740
86,8600
63,83000
73,36000
73,37820
74,71700
70,42600
67,3400
60,21800
62,7300
75,25200
83,22320
82,58500
79,34600
82,5590
71,21200
70,37900
71,66100
74,9700
54,79000
89,8500
81,105400
74,58800
78,41900
72,72400
89,13600
88,24100
62,39200
51,38650
74,18100
67,29080
75,16300
61,59600
73,48900
78,3300
93,61900
81,41320
69,51500
74,36200
72,28200
64,7350
26,36404
63,43400
71,11860
82,10200
69,14600
71,6890
73,18510
23,28400
75,17300
81,31500
69,29800
23,17700
25,890
84,14800
83,13700
48,50050
78,18280
60,35350
72,32700
83,28900
78,29300
62,70900
82,18600
71,53000
59,13210
87,26600
79,9400
70,40000
71,17000
57,26500
73,52700
73,71800
65,23400
93,87400
73,29400
67,47000
67,33200
74,46000
70,32500
70,32200
76,35810
60,18060
66,14500
64,33300
66,19200
67,29700
86,10700
85,23800
83,17100
89,33900
33,34300
81,16600
93,50400
66,29100
89,34600
54,43700
39,2504
82,45000
64,42500
67,24760
67,39900
70,39900
84,22000
73,88800
79,22500
51,2600
66,24250
74,21100
68,23780
87,49100
87,38800
47,33820
83,96700
78,47900
80,49800
70,38400
81,24600
83,21000
66,81000
66,38600
81,99900
63,31700
78,43200
57,5800
73,10200
65,10970
93,11600
87,43000
77,46800
78,47100
89,35000
77,24300
67,25900
78,54700
88,36100
78,42000
64,6700
86,76100
80,43500
67,44600
74,34250
72,14300
61,30800
57,88000
62,72400
59,35300
89,27800
78,25900
62,52050
62,800
68,16200
85,65900
68,32840
81,16100
73,45800
88,70000
69,30800
82,12400
81,7500
55,48900
84,2200
84,16300
79,25400
80,18400
67,20110
42,27800
79,24300
31,85500
76,68000
88,11500
82,27600
84,14600
81,22200
80,26100
74,39100
78,49900
67,6370
66,8000
88,46600
88,8200
82,19300
77,19840
62,780
65,63000
77,33600
86,6300
51,34200
60,23200
86,72000
67,43610
71,30280
64,32940
61,23700
74,15930
88,7300
85,18100
70,36300
53,50800
73,41300
58,13400
66,67900
87,52300
37,31110
78,38800
70,23900
52,33200
48,34850
81,56300
84,5200
75,20000
93,35500
71,88800
74,18600
68,19800
74,25300
74,4400
88,27700
32,58004
33,42500
82,43300
75,39800
83,52200
78,41300
72,19400
73,35400
62,38700
77,27600
54,46800
67,26600
85,11700
58,101000
58,50
51,18290
57,56000
84,29500
58,21500
77,41000
71,29000
77,65300
74,12100
68,36500
66,43300
62,880
44,27500
71,29600
87,17500
69,37500
61,7250
74,75700
69,37300
66,26480
58,37700
73,44200
35,19100
82,14500
52,1600
78,57100
65,37300
60,87300
85,15650
67,33640
89,19800
86,10200
81,38600
68,18920
81,42200
83,36100
70,13100
84,35500
65,2100
80,6800
63,8300
76,33100
85,49100
68,46480
67,18500
77,49000
81,28300
80,80800
77,23230
57,11830
67,72600
69,45100
74,27900
74,40000
87,24100
66,33300
79,46100
70,12200
24,14720
72,43650
86,14370
51,9800
60,240
55,31300
58,10430
85,28100
52,30460
59,21200
53,29120
53,15020
67,41200
89,56000
69,40970
88,41900
87,27800
79,44400
70,5170
77,28700
72,20800
70,44100
80,34800
74,27000
81,60800
83,13300
83,18800
51,43700
70,20330
59,12100
89,44100
75,47200
60,35360
78,37000
87,7600
44,40600
89,16000
77,2250
74,49800
65,6900
93,33900
54,11200
31,19800
87,91700
83,5600
70,39000
70,16300
74,41900
79,23420
80,7120
53,23700
59,85050
62,47200
68,87700
77,32000
65,10200
86,40500
33,10220
73,10500
82,21200
70,60200
43,40800
81,37000
61,74550
54,40700
65,73000
66,40200
74,18800
76,36200
80,37200
84,21400
80,23100
93,28600
80,54100
68,29130
73,6900
93,31920
85,46400
82,105500
64,52200
65,5690
79,69000
66,57200
71,36600
60,24700
82,31800
72,55800
74,5560
76,36800
42,25900
81,16700
81,44000
68,28900
65,2200
63,7220
78,35400
85,50500
63,20700
40,13130
45,6930
47,19100
69,30900
82,24400
73,23630
80,14500
78,4300
79,17750
71,38700
61,12570
42,47600
73,46600
82,27700
75,17720
84,30000
65,4900
83,15700
75,71500
78,10900
63,74100
79,38000
60,10470
78,15500
86,15700
74,43200
80,22800
82,30560
65,2900
74,56100
85,30700
85,4400
84,45500
70,32300
77,21700
81,40200
55,5100
65,67000
93,13600
65,28000
73,34900
93,20400
25,37500
74,41400
70,30070
59,27180
76,56400
77,30200
86,5300
85,11400
79,53500
86,41400
80,41900
81,10400
70,44800
80,25200
56,90700
70,47130
61,46320
58,5600
71,37100
65,53000
76,68200
71,12240
32,84000
77,38500
74,20000
86,72100
28,16800
71,36900
93,21700
82,5900
72,19100
80,52800
85,37500
80,18800
84,42400
86,33300
64,61300
78,33400
71,28540
85,14400
86,38300
73,29700
82,6200
86,18500
89,2000
44,41400
86,43680
93,69100
53,68000
52,28100
72,16800
72,60200
71,37200
72,33680
80,5300
76,27000
59,60000
55,390
76,7470
67,36200
52,14600
84,17600
57,19010
22,15700
62,8560
49,25800
68,43400
68,16500
64,81500
87,20800
64,27400
76,16410
88,34000
81,43200
75,31800
70,6740
62,36900
51,4600
58,96000
79,50800
76,5110
86,15670
84,17100
86,54000
74,50000
62,10500
82,18000
72,24700
75,56000
26,12700
62,57000
38,33400
63,52050
73,31900
79,41100
85,44100
83,25600
69,79600
57,29200
67,37200
63,27500
77,70000
75,4300
74,32600
76,14700
80,57500
63,1880
73,24200
93,12890
74,19840
74,35800
35,18200
63,15410
77,88700
63,200
51,67400
57,34400
21,15500
65,22800
82,6700
54,6400
66,31000
56,60400
63,51000
83,57100
93,11300
77,21600
39,32200
59,25900
72,27600
59,27200
49,31800
79,15190
68,36060
52,260
74,27500
80,20700
65,19250
64,21150
76,28100
76,14930
70,68500
72,2610
66,17570
78,16000
84,6200
88,31500
60,34600
64,25800
86,69100
81,22800
80,34000
67,9500
87,8910
66,42500
70,50700
84,33700
60,39700
87,29900
72,7400
77,18400
73,16600
47,4200
82,32800
81,9700
67,51400
29,39200
31,48200
64,20240
79,15900
76,31500
75,45300
68,12130
63,2380
68,17700
68,9500
93,25560
77,13400
73,26900
61,37600
84,10630
78,59500
76,9140
85,12400
74,56000
65,16100
67,5870
88,27300
78,22800
49,1400
76,40700
59,29800
70,76900
71,71900
60,20600
89,24980
70,40520
78,26700
48,17020
86,20300
86,9400
46,72600
69,8160
74,19900
68,20900
83,63600
78,11500
73,11610
60,72000
82,64000
38,25100
71,31800
65,50700
65,27480
84,96200
81,32000
41,67100
78,16300
78,46600
65,43400
85,22000
70,26000
80,13800
69,40900
52,57200
52,24100
54,19800
77,22750
72,54500
89,49500
71,3000
68,28000
64,19400
85,11100
48,8400
43,47600
68,34900
81,24900
34,3000
33,42200
79,23200
71,23800
76,11710
78,6010
79,36800
86,28400
79,3250
86,44600
71,44500
63,43700
76,69300
88,16000
80,33600
93,22000
93,40700
83,40700
73,79700
85,11200
29,42700
78,52300
59,35700
71,26600
63,18700
73,4700
83,45300
81,40100
74,35470
79,5850
85,17400
69,11200
83,11700
77,33140
71,7010
93,33100
72,33950
62,17200
78,11180
70,14170
65,6500
79,53200
93,25050
57,33400
55,60900
71,78100
57,100000
82,2900
36,27800
80,15000
53,15200
93,36900
79,16720
83,31100
58,64090
83,36300
24,19600
26,59000
65,56100
24,8100
61,7700
77,62200
73,1100
78,46900
79,35600
68,5980
52,71200
61,160
84,17010
76,34800
69,38100
22,11600
43,7800
81,43500
69,27030
79,29300
49,46210
46,21410
86,38100
87,53700
93,54000
87,51100
81,42500
49,72300
56,13300
68,55000
88,22500
93,540
45,39500
45,61000
89,46200
66,12004
72,32300
51,39400
67,11010
88,20500
60,21010
78,56500
75,11504
17,100
80,24700
24,28200
93,41900
32,24220
31,50020
73,18100
53,36400
52,2600
79,57600
85,1590
49,33900
68,26300
77,73100
81,27500
26,21210
81,23700
83,25000
67,15200
77,51440
71,15300
70,37650
85,66100
78,7300
93,76300
83,52280
82,34000
79,4860
39,740
76,23070
74,6300
65,41400
73,29300
39,46400
41,20670
66,22900
93,28100
79,52800
58,770
66,18200
93,16200
73,24800
71,30100
83,50000
84,9140
88,15800
74,3500
73,24600
75,18300
74,26800
74,26600
74,25700
80,11300
75,61800
88,48000
71,50000
83,11900
72,25600
80,35700
70,59500
77,29800
87,11700
73,41880
89,11000
78,40900
86,27000
72,93000
68,52400
82,34300
86,16600
67,29970
87,3100
63,51380
83,8540
63,9670
89,22100
69,78000
68,66000
72,48100
61,26350
50,24500
65,44400
86,100
71,32400
53,36700
69,54400
88,18700
80,5600
38,52200
66,21500
85,14200
93,26200
67,10700
77,60100
70,18700
60,2010
67,29400
79,55000
84,15000
33,100
83,21500
80,12560
81,15070
75,67500
83,56800
70,62900
69,27200
59,42800
65,32900
80,29850
75,35600
77,11200
70,29340
74,91700
71,33600
64,31200
79,1500
86,38800
77,43300
78,10970
68,6310
77,22500
28,11300
88,4500
71,23000
64,48600
82,60000
77,31200
26,20600
74,9920
70,33500
69,49500
68,15580
73,12900
55,24300
71,35400
67,31670
71,27600
77,50000
82,52100
69,30050
69,39350
64,23800
62,11850
67,29420
78,44000
61,830
40,30070
50,62000
66,40400
70,8070
85,36800
82,35200
71,35300
85,31700
83,10400
81,34100
77,26900
93,25200
82,23900
86,58400
62,15800
79,18820
67,75200
42,80200
65,50900
69,47800
83,7720
74,20300
83,13770
71,10510
68,46440
67,6710
82,11800
60,40900
59,6620
54,11700
87,16800
44,51200
44,66800
40,15200
35,20300
75,34100
77,15500
34,55450
33,33300
46,68200
41,44004
24,41500
23,24200
57,84200
48,39800
23,37060
50,11700
56,45620
18,8700
67,33700
49,57360
34,53500
37,47600
73,18520
57,21800
93,12020
62,25500
48,46200
27,53000
60,32400
42,48050
59,39200
55,22200
47,42500
31,29900
62,85000
89,22900
84,20100
35,42600
31,26200
65,43000
56,15600
57,57300
48,36004
35,4800
36,33500
46,34200
18,9500
64,26100
45,33600
27,32200
28,56000
28,24500
44,800
46,40500
74,10600
36,33400
38,26830
38,52000
64,16200
78,19590
19,4520
52,90000
32,29504
68,15810
39,34600
60,27800
35,85000
73,39700
80,3300
34,42150
35,95000
45,22050
34,19700
58,49200
43,9800
59,68480
52,29240
44,88000
55,200
27,31900
36,62600
43,68000
39,42500
20,25450
47,92000
53,54700
52,54700
23,26700
58,41600
63,96000
50,43200
32,42300
55,92700
31,7100
29,40200
87,19200
42,72000
40,32300
73,19600
24,67000
84,11500
34,89200
87,49500
39,35400
41,41300
24,28100
71,79200
54,78790
71,5800
46,11840
35,31620
33,43120
21,15400
29,57000
81,8400
49,14140
87,11500
89,13200
42,84080
57,63000
50,69000
59,73500
42,41320
28,57000
53,68150
29,49150
27,29100
79,34100
54,93200
59,12600
35,10500
39,62150
81,5600
76,14350
43,45010
37,43400
51,52600
48,42200
37,20200
71,28300
43,92000
17,5700
53,11500
71,18100
68,23670
59,55500
32,11650
45,10
79,91700
36,35900
41,33400
51,40050
50,29100
59,14700
59,180
80,40900
70,31300
51,67300
42,27200
87,14500
34,33300
87,12450
86,14850
52,36660
37,72400
34,38040
70,16850
39,28300
30,22400
89,41400
88,5300
43,67000
31,43010
47,26100
33,63000
54,92000
66,13450
67,34500
33,57000
24,8300
56,40300
83,40400
59,31070
56,23400
68,61250
51,48350
36,19300
44,79000
69,18400
60,27300
88,10650
75,77000
43,16400
25,19004
37,26200
86,36000
78,79200
73,28620
73,9500
46,27300
23,16810
49,37700
76,55700
61,46270
73,25100
35,41700
35,45020
50,31900
32,65000
78,32600
76,5600
46,47200
45,780
56,1800
69,31300
27,80000
62,68000
52,65500
86,26800
61,29510
27,22100
41,60500
50,9400
40,20300
66,76300
62,28900
86,15000
41,24500
41,33100
35,83000
87,4
64,31600
33,27500
43,27400
40,36100
18,8900
39,40500
44,20400
42,36300
69,31480
38,45800
69,45700
38,48010
39,39500
43,44120
59,9020
31,29400
66,44800
32,4310
29,25040
80,9800
35,16450
37,71000
50,66600
72,17150
24,4100
49,37050
17,6030
34,20100
38,38600
51,53100
53,46100
42,80100
35,20
42,17300
28,16300
55,35100
76,42800
80,17400
60,90000
27,39400
29,38300
80,20000
58,84200
53,38700
46,31000
65,37800
53,600
43,51400
57,10600
81,29300
66,29000
40,9800
37,37300
35,86000
77,68000
69,41700
69,48900
62,66200
40,19900
35,65600
47,42530
28,27300
37,90000
31,32010
36,51100
54,20830
86,13200
51,55480
29,26700
68,71700
71,14700
22,35160
22,22670
54,39390
86,42300
40,50360
52,50400
55,32050
84,36000
72,29300
35,105380
30,39610
30,47000
64,23300
49,33200
47,88000
62,670
63,41200
34,16900
34,91000
78,38900
38,30200
58,32500
44,36900
68,15700
55,26800
39,89000
53,51000
47,32710
47,60050
57,23900
49,52140
52,85800
45,40760
44,21100
25,26004
18,3120
74,1200
38,12900
76,13510
48,44900
48,22600
46,4200
30,84310
25,30600
44,97500
77,103200
67,72100
58,3960
85,17500
85,17900
86,19700
64,22600
52,32600
84,33000
32,67000
30,7800
66,40500
68,40800
31,25490
70,18110
39,29400
49,60600
67,33800
78,61800
68,39800
37,40460
51,43800
60,17400
81,39300
68,65200
55,65950
56,61700
51,38450
68,23600
56,21500
23,30500
55,47000
26,47910
28,59000
62,52000
84,71200
39,39200
56,97000
19,7040
75,44500
45,41800
41,24660
60,810
69,40080
65,45800
89,33400
54,20800
46,4300
51,73500
35,78000
53,66420
57,90500
68,42400
60,1600
43,26900
49,46200
49,96700
31,48500
54,5200
47,1300
88,36600
63,38400
36,58200
55,58100
33,49600
70,37030
33,81000
17,370
59,7500
38,27900
50,60040
22,16400
30,75130
35,3900
19,21800
51,55000
50,25700
36,24010
25,75000
68,48160
59,5460
47,34700
55,35800
42,50600
38,76000
69,48000
54,19110
55,49000
47,43600
62,26050
18,70000
82,4100
85,38400
31,39610
61,18200
77,64000
31,29200
48,46060
35,72400
51,103500
31,52000
42,52290
44,3900
17,4600
93,800
17,3560
48,50180
26,3500
41,92000
28,46700
31,48100
27,21430
40,230
86,4800
84,10800
21,32500
73,35900
78,25300
85,21900
78,5700
67,53400
77,11300
47,54500
46,8480
22,23200
29,15620
38,100800
83,53800
75,28900
73,50200
27,33300
83,18200
66,94000
63,23300
69,44400
76,25100
45,44400
45,45300
40,77300
88,55900
41,10900
26,32500
93,11490
35,9100
77,25700
29,61000
55,45480
44,34800
47,63280
18,2620
53,7100
70,43400
72,5960
30,82000
27,70000
41,42400
36,96000
32,10100
43,35830
84,4
50,20900
51,26700
72,10200
40,35280
61,63000
47,11100
38,39580
43,32900
82,43000
37,42600
33,62000
38,5100
47,37900
76,14600
93,50100
50,31700
20,2440
79,18600
48,49790
31,43600
47,48070
50,85000
18,40000
41,89620
39,15100
28,30100
84,16200
57,13700
84,43900
89,25000
36,71400
51,45200
71,27500
67,27700
30,18800
93,43800
51,45570
21,4200
28,22420
26,20920
70,29300
63,45470
35,28600
57,80000
28,55400
15,5910
75,19100
46,55200
62,19930
28,24560
55,63900
28,17900
68,23100
56,52400
24,2960
34,34200
37,26900
87,65300
61,50250
38,57240
37,10300
63,16400
82,34020
25,16400
64,2500
72,26200
64,550
85,42600
71,35900
70,19600
16,1610
36,20100
24,18010
39,101000
56,6350
72,41600
65,33100
84,50270
38,20200
49,33800
38,60300
93,23480
40,53170
60,40810
68,29100
53,59280
45,46080
47,54800
57,2500
89,7900
89,13300
70,20120
73,4820
78,26500
47,62200
68,33900
38,95000
33,35400
37,40200
23,21900
31,25800
39,30010
41,38050
50,23800
79,35500
72,22700
31,39400
16,6700
67,29590
46,84000
93,4500
81,27930
52,17360
23,48200
78,18400
72,40200
25,21100
24,26800
45,48130
71,36500
29,48600
27,43300
24,68000
89,22500
79,21050
27,640
93,24200
74,38400
72,4
82,39900
49,54440
32,52100
51,3830
45,104300
58,49840
57,51400
76,12800
85,66200
36,19400
72,31600
21,16400
60,40100
82,68800
36,55800
58,46800
33,49900
25,23100
39,63600
17,3480
36,60350
40,21600
42,49000
50,94500
32,72000
42,20800
50,18800
76,29300
25,9150
40,37660
55,15800
77,68600
84,6800
93,6500
36,36120
35,900
30,30020
33,10020
58,21300
32,10400
58,70800
41,93040
60,60530
35,33100
48,33540
64,5640
61,6800
36,19900
36,92400
35,39100
34,54600
40,27800
43,76000
61,50200
59,27800
84,11400
36,27700
36,29800
49,80300
43,34800
38,95520
26,37400
62,97600
46,62330
46,17920
88,16300
39,26500
31,5900
36,45020
52,58200
47,14140
18,6900
80,20200
25,28700
32,26100
67,64600
37,77000
69,35990
33,28300
38,36400
47,57780
62,37680
66,23600
42,41400
51,480
28,51200
23,58000
32,100000
88,17540
93,43200
25,38000
30,29140
28,14060
19,12710
70,41040
59,340
74,10450
85,3420
29,46200
45,8400
52,16450
33,56900
76,16300
47,70600
52,69300
51,7320
32,45150
32,2500
17,560
45,45400
61,46100
59,9900
59,13600
40,36600
46,33400
93,10430
33,31700
62,79500
51,43730
71,40300
46,25900
48,43200
35,11700
55,51000
39,77500
36,74000
45,37500
87,21100
63,29740
30,41700
29,39640
30,24600
66,41000
41,47200
76,19600
50,33500
86,14900
53,14800
35,37700
40,42500
37,41400
87,32200
73,3100
73,39800
34,35600
36,8800
64,44030
16,83600
67,11300
28,64800
43,95000
55,24800
40,35900
25,27200
47,12200
44,9200
38,23300
31,64000
74,23004
51,29600
21,6300
60,22100
54,48500
48,23500
79,13700
56,81900
52,44904
19,82000
40,40600
50,87000
15,2700
38,53290
76,6590
47,83500
40,86000
19,5230
57,105500
23,39020
34,48030
28,29500
63,79000
56,40100
45,41900
25,20500
30,65000
73,32700
46,80400
46,24400
76,42300
68,73200
66,18800
51,71700
38,42500
46,47300
25,940
45,60400
39,59200
69,47100
63,32900
57,57400
55,93000
27,93000
16,9800
38,57350
24,37900
25,33100
83,51100
32,31300
36,11700
54,33400
21,12780
37,39400
80,33200
44,41440
48,51410
37,47050
31,16050
38,36100
58,38100
37,69600
47,43020
73,12800
55,105000
53,83000
76,8600
79,18540
88,3800
68,3000
39,6550
37,54800
35,84200
62,32900
56,61200
55,47500
37,33840
33,68000
42,42300
40,36200
31,38400
28,39600
58,43700
39,56010
32,44000
66,79500
17,3330
26,18800
58,19300
37,55300
32,29400
78,17200
70,11630
77,16100
40,36950
42,37600
48,28200
47,93000
48,52090
41,42900
40,26830
23,4300
47,12890
28,91000
41,62800
38,300
52,36200
53,40200
60,26700
58,16600
66,25280
89,13400
66,26900
60,23700
46,67000
80,71200
81,27600
93,60500
43,38180
47,36500
29,33020
29,12070
37,31704
63,102000
44,34700
75,56500
40,42670
47,34400
34,56000
47,45100
56,62000
54,28600
68,42000
64,5150
48,92000
31,27800
67,31600
65,9590
93,38400
34,56250
62,21700
57,780
39,45010
46,56000
41,26400
78,66000
87,43300
57,9500
64,11270
83,23100
28,10210
16,20
59,21600
50,50600
74,34300
28,22800
80,26800
77,24700
71,84400
49,72100
79,34200
67,42060
60,21900
42,16900
47,60020
31,13600
41,30700
43,49100
50,34900
17,710
42,13200
60,68200
40,29200
41,32200
29,44200
29,13700
93,32500
78,30900
37,103060
79,22430
26,29720
29,15020
38,46500
45,39480
33,42160
54,14100
55,60100
64,82000
27,39300
25,19870
81,32900
32,16100
55,46500
50,22730
35,62600
58,31300
56,14200
45,85500
44,92400
18,10400
29,19400
63,640
37,47530
37,83030
33,24340
61,88500
75,10050
44,35804
38,1300
26,47120
62,28200
35,10820
21,12100
21,9400
51,48800
93,28500
42,740
84,18430
45,54130
43,65100
47,52030
39,100000
39,31200
22,35050
26,54000
81,46500
19,11800
44,16020
31,37000
53,101200
74,20500
67,5560
21,22500
32,105000
58,44700
53,19500
22,15480
84,40200
44,85100
53,100500
51,28300
31,21410
70,15380
59,34200
36,57100
33,6470
57,23470
43,50200
41,49600
47,40500
49,24220
93,11200
78,25600
67,63100
71,69100
33,38100
48,25500
44,48100
68,39000
45,39704
52,101000
47,9100
82,11500
19,13020
57,96000
25,53000
65,31220
59,80000
43,49900
54,44300
72,21400
27,39900
44,47300
68,31300
30,19200
63,42500
63,39100
36,53530
37,23350
56,23300
26,17110
40,13300
23,65000
21,20290
58,42500
53,86000
58,40320
26,22500
27,41980
72,43100
48,61200
22,6540
62,44100
80,7500
48,35700
54,26100
45,12200
35,48430
34,19430
28,75000
28,37210
59,78000
28,49200
47,105000
64,75100
64,18800
61,75220
54,25700
39,68100
54,71200
56,4100
43,42300
38,46600
40,37400
63,29600
84,25000
51,560
24,29100
50,70500
52,17060
45,30050
87,31100
34,75300
69,20700
57,6350
23,24130
36,65130
52,53900
21,9920
26,18020
85,68110
85,18500
45,78200
43,60200
29,30300
62,69400
41,38900
46,15180
46,42500
43,40500
50,69500
38,68100
49,13900
38,70400
38,63500
36,18550
44,21004
23,50050
46,42030
37,70000
37,75220
16,6600
51,30100
22,15350
58,17250
37,76000
32,24800
70,17010
40,32400
30,25300
39,103000
54,38900
47,76090
72,25930
20,28600
55,16820
40,52100
45,36400
74,46850
24,15400
38,93650
40,3400
75,26410
30,6500
43,65200
17,4010
55,22600
64,72000
40,104000
58,15530
79,9100
39,87000
36,34200
22,22800
17,35000
46,46100
46,75100
42,81000
45,26700
72,18480
46,68600
65,10700
21,29500
59,72980
20,18900
31,3200
21,70000
28,11700
34,100000
31,19050
16,310
27,49250
39,38880
44,30700
42,10500
52,64180
39,49200
23,15700
84,42100
80,21000
55,49500
46,63000
46,95000
52,4300
58,860
87,50000
46,99000
54,30810
38,17100
44,45100
45,100000
40,14740
45,12700
20,9400
64,89100
31,31200
71,6430
20,30200
60,100000
47,27200
52,37200
28,820
47,43200
28,22900
40,30900
42,18700
40,47200
43,33600
63,10010
83,29100
82,24100
63,82000
29,10400
30,80000
63,67000
47,22020
21,7300
47,45320
49,22700
35,26400
32,60020
32,4400
28,40200
52,12700
51,16100
45,37400
37,22010
38,720
34,12700
56,54670
43,80130
24,25700
61,19080
84,17310
51,10500
41,83000
43,37200
34,26100
20,100
53,10040
38,31620
36,95100
59,103200
42,33700
47,40100
43,34110
48,28430
30,56270
57,23400
57,54500
40,31830
17,4710
28,37400
25,36700
40,89000
29,40100
80,16400
24,5100
40,37300
46,35100
53,88000
60,400
34,48500
53,30210
50,4500
34,31400
44,78600
41,40300
40,83000
53,1370
83,35000
62,11400
30,5700
43,75000
49,44030
35,38480
52,20900
41,44500
31,49500
57,18500
37,38800
52,67150
50,17400
25,27100
19,23600
27,14140
39,100
72,14600
61,97200
59,22900
30,5020
83,7400
34,160
49,87000
34,86000
28,43000
54,43000
53,44030
18,6450
58,76120
69,62100
46,90500
57,23340
57,76250
28,20400
39,72000
35,36800
46,34100
25,45500
28,36270
40,64150
52,7300
67,40500
49,29250
72,13900
33,29304
28,28004
30,95200
25,22500
53,72220
55,74200
56,76050
54,82000
74,6650
21,6200
81,23100
28,29560
34,35750
28,38500
59,35500
78,11390
79,10700
47,1600
52,26300
18,18500
29,22004
75,12600
29,60150
85,14000
56,25640
38,53100
59,45570
64,6400
46,50400
36,55030
45,55030
44,75160
49,48880
17,11900
42,9860
59,19870
64,55380
70,9200
40,69080
25,64000
40,41140
43,29020
25,38020
60,76000
38,34500
21,3800
67,73000
49,55700
50,51100
37,62000
40,34500
56,41200
57,39690
30,35500
43,12400
49,22630
39,14300
48,102000
38,77000
40,63560
41,48700
47,4300
45,35500
21,3100
65,48300
58,38300
19,17600
16,100000
67,43680
54,950
41,78000
58,13300
26,17900
87,33300
55,70150
29,29600
42,56700
32,80000
55,41800
31,52500
23,29900
84,14200
37,38540
56,40800
36,5500
63,43110
63,5810
35,79000
47,51400
37,22500
42,50004
56,39400
27,46100
19,8800
22,35200
51,19220
16,10
54,57800
34,65000
34,55500
82,24700
41,72500
32,28600
60,29700
37,4400
44,10700
32,52500
37,69000
46,72000
82,7900
42,69000
18,2340
45,13700
50,53300
44,47600
62,42200
62,22400
46,44500
17,7100
35,23800
32,85000
46,51000
17,18150
66,25600
45,46090
71,26800
63,56200
25,17020
23,24590
36,92000
52,37620
78,48000
59,27400
19,4720
50,81030
21,25300
17,7300
25,26500
42,29300
42,31690
45,28700
42,60020
34,71100
29,26400
29,100
36,28800
71,22600
48,58500
50,10800
68,27200
66,48100
30,34530
28,41500
39,48040
43,62150
37,63330
37,62230
42,26800
68,37600
38,47810
37,3430
51,100000
65,13600
72,33300
44,42190
46,39900
56,103200
57,45200
74,8230
63,2700
26,1900
89,14000
36,27900
29,28900
54,14250
61,40100
47,55100
18,330
68,9950
28,22500
41,57330
69,53900
37,28600
32,38600
36,51000
22,31000
47,72100
44,20100
42,70600
54,85800
31,72200
37,74000
31,22500
63,42400
32,1600
65,14300
54,46540
25,46900
22,9100
50,13600
33,32200
39,74000
61,7450
46,42300
44,69800
46,55300
48,17200
73,65900
55,58940
88,31100
89,12000
50,97000
38,40150
43,38030
80,42100
54,1100
73,20100
34,1300
29,8620
69,30650
49,22050
83,7550
33,680
42,45800
44,74500
52,49500
21,10900
83,34100
45,7100
31,2600
25,23200
69,31700
39,52050
72,49400
28,47000
26,24500
24,30400
33,29030
44,40500
38,46400
48,36800
41,29700
32,46400
40,90000
50,35800
62,29300
63,1500
29,25600
36,40500
43,38300
42,65500
47,74500
29,14400
26,240
43,51800
52,65150
50,2900
22,5480
23,30400
29,75100
59,10500
29,61100
28,32300
45,65200
20,10600
47,58040
39,54040
53,13300
83,12100
55,44000
80,3760
35,23500
61,61000
49,20600
41,66490
41,23990
51,61550
51,6840
31,85000
34,14200
37,38920
61,52500
17,10300
89,27000
71,26500
21,14900
23,19900
88,10000
34,15380
27,40050
72,63100
79,18800
26,30300
29,950
20,15520
37,26500
85,21800
80,28190
40,33720
58,52030
35,4510
27,23400
28,16700
31,35300
49,36900
22,17500
49,62600
19,28200
39,30100
65,48000
38,36900
21,17030
48,87000
39,62300
38,34200
55,45900
33,19500
75,16400
57,19930
55,20300
79,7800
42,37400
28,34300
64,19800
54,11360
64,33500
59,17300
38,75600
31,20700
47,62300
30,12504
28,1900
36,27600
32,36900
39,86500
74,11240
71,33500
40,58050
48,27100
60,24990
26,48000
65,24800
34,49100
44,38940
29,21800
29,31400
26,31250
34,38020
50,68800
62,1380
47,28100
46,47440
37,60480
54,13940
43,96000
52,52500
26,65000
47,29660
89,25060
40,58000
55,63700
21,5160
37,42800
46,23030
53,61100
37,61250
31,80120
32,75000
46,48400
35,40020
40,15050
56,53500
56,65170
56,44800
54,72000
35,8200
26,58000
43,18500
55,3400
53,65800
47,68800
65,36800
60,36100
48,64100
41,12060
29,25900
36,40290
35,33010
30,45250
28,56250
82,17310
78,10270
32,340
43,80500
29,28030
32,62040
44,74720
51,78600
17,4240
28,32700
30,44200
56,9400
64,43300
31,59500
30,1800
26,30400
41,9500
66,24500
15,4
63,5420
60,56600
50,88000
25,45700
53,81000
45,26300
55,31290
31,25910
34,9100
33,63750
22,34000
27,2600
25,70000
55,27300
19,3290
54,33740
46,32400
65,33900
52,63630
62,41000
45,19300
21,34000
34,95530
51,64610
46,23500
39,16200
40,88000
49,90200
43,14740
39,23400
72,37700
68,21100
51,360
44,22810
35,40300
19,22800
80,41430
35,22850
41,46900
23,13040
45,14800
41,72250
30,48100
26,12100
51,42200
50,78400
63,50000
70,10050
37,72100
30,32800
30,57070
32,104000
58,38800
51,63100
55,66700
56,35520
53,24020
49,76050
44,55600
19,18360
75,45900
68,14910
72,27460
56,50380
63,44500
53,103000
23,55000
33,50300
33,54000
61,46000
63,46800
28,53500
35,33300
53,70500
39,81200
50,39140
46,44200
55,30730
58,79030
27,41300
30,60200
54,8750
68,76700
16,1150
58,19200
33,20004
29,49900
79,37600
40,80150
54,70200
43,30700
49,41600
89,9600
86,17200
21,14530
32,30800
52,10800
43,10200
53,62900
41,74500
55,25100
51,28200
31,17400
78,38400
53,38400
59,22600
71,28500
41,95000
49,27100
41,60190
41,22200
51,34300
70,49400
45,2600
62,72500
63,46900
93,33000
29,37550
43,25100
32,40500
93,47100
44,37500
53,39500
49,11300
71,14010
47,95000
26,5730
48,76800
49,350
49,69500
76,41200
45,18010
67,42700
34,12900
36,70230
20,26400
66,53120
63,8730
34,12100
48,85000
67,37900
50,17200
37,100300
57,10460
24,32500
21,33040
21,37000
44,73000
52,69000
47,31204
37,27300
75,56600
34,16800
44,9790
22,9200
62,28500
79,12800
58,35300
53,35800
52,13100
41,68100
93,27130
51,80000
49,7100
45,48900
37,44300
44,77000
43,44100
18,20500
83,9100
83,9950
23,52000
48,79550
57,47900
93,25300
53,28700
64,25100
52,23400
37,38700
38,64540
49,70600
27,64000
29,20540
46,44130
55,65100
22,11100
62,51000
84,2400
57,17700
59,584
70,10200
82,22900
50,37130
73,28300
60,61940
41,82600
53,30500
57,58700
53,140
63,40360
84,35000
51,85300
78,29000
68,11900
39,37100
33,33600
17,1510
28,72300
58,73670
71,1000
51,7300
45,22700
33,16100
87,19000
57,78000
43,50100
48,38200
16,420
40,16100
20,24200
43,20500
32,50400
25,55000
53,59000
51,75600
60,62500
93,26000
35,31160
35,33830
22,4300
40,6480
16,4300
67,8100
49,65300
54,30600
42,33500
60,58800
57,45230
42,34200
31,75000
67,43290
43,50600
49,39500
55,42600
35,28720
29,32550
58,49500
29,35300
42,31140
44,49500
46,65500
48,36250
77,56300
78,51400
62,41800
61,95330
17,10800
38,50050
60,48800
61,82500
42,52020
51,73200
50,30600
77,9480
89,18600
37,27500
29,55030
26,42200
33,43030
33,45020
59,66800
57,970
77,21300
77,12600
37,57400
24,3050
29,62000
27,34400
56,49500
80,18600
35,32900
33,72000
59,32500
44,50050
59,34670
21,930
66,50300
55,38500
37,29700
42,12700
49,48700
16,17200
51,7780
55,18500
70,28200
50,30700
61,24200
41,36500
40,28200
78,33350
52,10220
35,25300
75,10830
83,69200
65,33720
49,59500
30,22500
30,1100
57,35800
28,12100
32,27010
37,2960
25,41000
33,1300
21,10160
28,45500
46,2900
31,27010
30,10290
21,1900
38,1650
27,37000
25,16300
23,27150
29,18600
41,36300
59,86000
69,26300
45,50800
37,63400
32,33100
39,31800
59,33200
57,5300
32,31200
31,340
65,100700
86,18800
16,7400
57,5960
21,6370
28,4780
62,770
46,34650
28,10200
88,12400
60,35200
54,4400
38,22600
37,9900
53,50
32,76000
50,33700
16,13300
82,66400
81,68600
63,37800
68,8050
74,7010
63,19800
30,400
37,34200
25,21500
46,41540
30,26304
23,39500
65,39600
61,28100
40,9600
72,22680
20,14700
30,29900
53,2300
52,34400
40,90500
56,72600
55,34550
21,13600
68,2400
22,17200
46,49200
37,23100
32,20830
23,1400
51,93000
49,12500
89,8510
23,34980
55,40200
41,40500
40,40200
36,14004
36,49030
37,24100
64,45900
35,47600
28,810
81,28600
40,71000
59,87450
50,14790
22,28330
50,14210
55,24700
50,11900
85,15700
53,52030
19,22100
74,70600
23,12600
38,27500
61,14500
28,26270
31,46180
39,100140
23,18900
68,21720
35,41100
42,95000
34,31500
81,32600
62,13750
47,45350
43,63000
23,11500
34,24900
52,27400
25,20140
29,3010
24,25600
34,25404
32,30030
25,23030
23,13100
86,34600
46,16500
74,37100
53,14100
70,43700
15,12000
38,25610
22,27400
34,4800
41,36200
31,4900
55,50600
25,35500
64,18900
53,21004
41,11600
41,16550
36,7450
48,36050
40,41200
31,11600
84,11600
67,37500
93,89600
39,43100
78,15450
41,102000
73,3200
27,39500
47,19300
46,39700
28,16600
42,61200
48,40400
26,29800
25,30070
48,38900
42,22700
17,3090
73,9900
81,37800
21,19050
34,13600
34,40700
50,60400
60,6400
40,26200
45,44010
55,7960
81,94100
63,16300
67,44700
66,40030
54,740
61,4100
59,540
83,29500
70,37600
55,20250
64,12700
40,3200
68,44830
56,14890
45,1730
53,12180
40,40020
35,24480
30,11100
22,320
49,30090
44,49940
32,21600
50,55300
27,26200
40,22700
32,16700
39,92000
27,35900
62,12700
78,16100
82,2800
34,14600
24,15800
54,5680
93,7500
55,26400
49,47750
62,7710
46,60800
46,21500
50,15800
67,57500
27,48100
40,350
27,27800
80,6600
48,68300
39,8300
51,7800
45,31650
39,19800
80,29400
78,46500
17,6260
16,15000
24,46000
36,16100
69,35790
40,19200
44,37900
83,18000
30,6400
21,19700
20,7800
53,31400
73,6800
34,5300
77,11740
58,26300
57,6800
25,17300
20,13400
89,60700
70,65800
59,11100
44,17360
71,57000
37,17200
51,19700
18,24500
33,78000
61,33900
38,15600
68,38600
68,29700
66,33900
69,6600
38,8150
61,7870
59,40400
53,55100
52,67100
45,77000
41,26100
26,440
77,710
35,36110
53,29600
48,25100
30,24500
53,19100
52,25500
35,20100
41,33900
22,12010
26,13900
27,32504
44,44700
38,32760
23,1360
24,16400
43,29100
88,2000
42,17930
46,28400
27,86000
50,24300
50,32800
32,9200
31,11020
30,20800
43,32740
75,31080
57,24220
51,23600
36,38200
32,31700
20,4950
49,200
68,38900
46,15900
69,10430
70,50200
69,24120
88,7600
31,30800
73,73300
29,11900
39,230
28,67000
31,7200
55,39900
62,63460
27,36900
79,15500
31,30500
27,4370
37,1320
22,12900
25,11400
18,16600
48,25430
19,2690
46,18500
34,7600
46,37100
83,12200
24,18120
60,5700
15,440
27,24900
63,900
31,61080
32,220
69,48670
59,39700
89,7200
56,23900
57,510
66,41900
39,3230
20,5400
32,36500
27,24300
52,31800
36,54000
29,27800
28,100000
54,63500
52,10670
58,6650
39,18400
30,9500
51,48690
40,29800
57,22100
17,1130
31,6370
40,3600
47,14400
62,79100
61,9300
70,15610
63,68000
35,47900
38,5600
52,13300
38,3820
59,33700
35,34300
31,27600
32,36200
43,37500
43,46400
44,36500
38,79000
26,5500
64,60400
61,18700
35,19800
59,17200
48,24650
66,70800
64,4284
70,880
61,24604
27,14300
40,66900
22,3140
39,12660
34,36500
58,14900
45,57650
36,67430
64,10404
50,35420
47,35300
30,11800
86,14800
61,5700
59,44520
41,32620
46,34800
68,14500
29,24700
44,78500
59,63300
34,14030
29,32900
25,24300
68,48100
35,7400
57,76270
19,12100
30,17940
44,35004
48,16400
36,2800
32,47500
38,38100
32,26510
79,30810
52,39200
59,12700
58,65800
40,16820
33,12450
25,950
36,17200
56,68100
30,22600
23,8300
37,49800
32,18900
37,17400
60,4400
41,33720
18,19000
21,1050
30,24800
47,44000
29,25400
45,20200
28,25100
41,5200
37,22100
62,21600
73,31100
58,36200
20,21700
30,60500
56,43300
48,11400
46,49300
45,17300
22,18700
44,80000
23,190
36,1850
67,30400
26,2100
76,10840
20,50000
72,5520
72,50000
43,26400
25,43000
78,19100
53,16100
71,6520
67,36900
34,43600
61,8800
24,28900
81,17980
25,22700
68,5120
30,25500
65,69900
42,11800
74,82000
29,24300
33,480
23,35000
66,12620
69,20500
27,5900
27,32500
83,14700
43,34900
35,36050
31,20804
59,53600
60,52600
34,18180
62,16800
57,65260
52,710
17,1004
15,1104
83,4950
72,46800
46,69400
87,9400
44,25900
41,490
38,5300
62,15700
60,15300
21,12720
20,19600
21,9700
74,9170
78,7700
39,40150
57,11900
30,2900
54,76000
66,14840
67,11580
79,46000
47,85800
34,28900
43,19700
42,21500
47,40050
21,12040
48,23410
18,960
34,47910
45,10900
24,11840
38,100
48,100050
53,66000
40,12100
84,4900
24,28700
52,67900
50,39600
26,6600
22,20900
40,2330
28,31000
39,38200
20,28000
24,18400
25,22200
25,9700
44,2900
20,25270
27,19300
50,39100
24,15010
38,26500
61,15350
52,16100
52,66000
81,42400
41,79000
62,30140
58,10060
24,19800
24,23050
30,13900
31,30030
65,440
45,40030
43,42630
75,23260
47,9600
17,32000
40,42400
27,16700
37,45140
27,16040
69,60400
23,28280
25,28810
28,1000
53,85040
65,59300
50,28200
82,65200
60,31300
64,32270
37,30010
24,700
67,10900
34,46000
29,24100
23,36500
44,40300
38,3700
29,39500
27,37400
60,39120
33,20700
31,9900
44,8230
69,9450
61,54250
22,7400
74,14020
34,29900
73,4040
34,27200
85,18900
53,16300
40,37500
37,480
44,72200
61,16700
67,14720
56,13100
24,39500
22,13600
30,15400
66,15400
36,41100
37,22200
31,20
37,26100
44,1000
29,26300
33,15030
39,14500
18,16720
59,31900
41,28400
25,50000
81,21800
35,32804
54,43800
26,11700
26,45500
32,4480
42,73000
82,24500
42,31100
81,56500
28,34400
29,20900
27,5500
20,8130
29,42020
37,3500
53,57600
63,33250
61,19600
28,4300
56,31500
21,24600
22,52000
35,22620
44,15220
25,42500
49,24200
40,54150
40,31900
58,45800
26,14300
34,33400
57,23540
31,870
33,18300
29,28350
29,72500
62,19700
47,1004
89,13100
76,19700
38,32900
38,25700
43,57160
42,75100
58,28600
45,50900
63,4
28,34004
33,43010
41,35330
41,36800
53,22010
71,11550
72,6750
56,13200
38,35700
56,11700
84,10040
54,360
18,5800
41,18600
30,15900
56,28600
62,6200
68,58700
43,34240
72,57500
69,5120
35,61000
16,9100
49,47400
26,50300
26,35600
29,34300
57,7400
22,43200
78,14810
83,19700
45,25500
31,330
43,19400
19,6750
39,56500
62,46100
40,35300
72,15200
30,33450
67,56600
58,55000
16,1620
42,5800
29,12600
48,1900
73,41700
36,9500
39,25520
76,7810
49,6700
21,19200
80,14430
25,25100
48,26070
30,36700
53,13200
40,76000
56,29770
65,12900
48,35400
66,26400
66,96200
80,10400
64,73000
62,450
28,34030
76,28800
21,16600
37,21700
62,70300
33,22100
25,3600
66,31300
46,2500
38,36700
36,36700
50,22750
42,43500
58,55970
89,12800
18,580
78,17300
50,55360
36,16400
45,27380
25,34800
45,94000
37,43500
52,85000
68,16900
67,9330
59,40300
35,24700
39,600
84,84900
33,87600
27,47300
36,2004
56,13700
33,32270
54,50500
57,33610
42,980
22,12600
55,23300
28,14100
24,11150
16,5800
25,41100
25,45000
43,17900
55,42500
52,24010
56,4900
47,1800
73,25600
17,11700
28,64870
30,25630
30,73000
82,31200
49,20900
41,300
75,9940
49,700
44,55100
20,25600
47,53900
58,66900
75,40100
42,7700
40,23900
36,16800
45,43100
59,11040
26,40040
45,40100
73,20600
50,32600
38,2600
34,960
89,6200
36,30130
68,26980
44,57300
50,17050
18,30000
46,44400
49,80000
57,62000
57,31500
62,26600
20,9700
55,44400
31,8600
44,35900
48,48004
52,480
26,27150
20,22500
65,88600
58,76600
44,39800
42,53200
47,79600
86,10400
66,39150
26,31620
27,1320
31,20100
61,102000
83,22800
49,33700
47,28620
60,50400
22,22920
31,29660
53,16200
32,16300
32,49900
20,3200
64,21900
35,21300
70,9800
41,14600
37,83200
50,29200
67,41800
73,13200
43,79000
36,18300
77,82700
86,17410
37,14300
24,19900
27,1600
40,6400
61,39400
31,17004
63,51680
37,7900
22,75000
43,42100
84,24800
83,5300
42,48200
37,39500
29,69020
62,42400
72,9010
42,21100
19,14200
56,23600
87,15600
17,310
71,950
52,53200
35,16300
45,38340
39,29600
66,18100
76,11800
68,95000
51,75500
49,13440
74,18500
79,47900
48,19500
64,27600
31,100000
55,36200
47,27010
53,67400
72,17100
34,55050
57,60450
48,87800
70,31350
42,32650
35,3300
58,56900
57,31200
49,500
57,57800
50,23900
33,50020
65,43600
53,42300
19,45900
30,40030
62,18800
18,14600
40,85000
48,33700
61,31500
61,99500
60,75300
66,15600
65,20900
68,55100
43,12800
52,22400
77,48900
43,37800
77,13600
40,60400
54,59800
40,75200
87,28400
71,72100
36,170
17,78000
82,12700
25,16100
35,48250
74,29600
49,22500
31,12500
51,17400
41,50200
76,29700
29,40500
38,89000
69,18220
17,8450
37,32700
54,30260
70,7500
32,7740
41,520
63,35900
61,28750
73,21200
68,6500
71,46400
19,9400
16,8400
30,20004
55,16900
38,52500
35,37210
33,46800
34,40300
21,45100
57,46740
70,24600
29,20620
33,64200
53,47360
53,4800
34,1530
51,72400
25,460
34,6700
87,54500
54,17400
78,6530
32,37840
52,33500
33,21900
20,4900
40,15100
21,3970
46,64050
58,32300
73,7800
64,70300
58,48980
34,18900
31,810
47,3200
15,340
51,75700
44,5900
54,51000
69,55000
25,280
35,51700
23,5050
39,68900
36,10430
57,2620
70,23500
24,13600
38,14700
37,15600
48,35800
57,20800
43,2100
18,1950
22,34800
21,18200
52,390
44,30100
39,83200
35,49700
63,36200
49,20250
47,34200
55,91100
53,29940
77,37600
78,23000
21,28000
25,45030
28,39000
49,66200
48,14580
63,10400
22,28800
22,5080
19,26400
65,27710
53,90060
31,24100
31,40150
22,4360
29,32300
80,41100
72,51100
22,13800
38,22720
22,43000
76,1600
28,10300
61,11700
23,12900
33,70000
40,24600
18,11700
64,10580
55,12200
52,103000
83,37800
85,6600
18,9990
51,60200
28,16100
59,72300
51,50
24,63000
72,64000
73,12380
63,53800
64,10
58,57500
37,13700
52,35550
43,71000
52,52800
34,52500
63,37700
32,27400
43,55740
55,40500
66,52200
57,3900
27,62000
27,20530
70,11620
28,50100
65,24600
52,102930
29,22900
20,12600
46,27200
84,3000
87,51500
19,2480
64,21700
53,55200
20,24400
36,42700
41,8300
21,6900
47,35910
76,22600
45,26404
53,22800
40,9200
36,42030
29,18300
31,28100
46,31500
60,10700
37,13970
56,3200
41,8200
29,30100
79,11100
58,15900
69,71600
50,22100
34,54400
76,87200
58,42300
56,250
40,35580
43,8200
45,23650
31,58600
56,52200
29,7700
45,16220
48,60800
34,65470
39,42900
76,28000
43,34380
40,600
17,150
40,55600
74,1100
44,5600
82,4600
26,63000
28,400
73,64900
66,38200
30,33120
21,100
25,16200
39,1400
46,93500
44,24020
78,17070
84,35400
67,21530
48,50020
27,24700
36,3400
62,67900
25,3200
27,7900
36,76000
24,39000
64,42080
52,28500
64,18600
19,11100
47,40800
56,32500
70,37700
35,2800
72,29700
45,48400
31,22300
44,32100
65,41440
46,58080
42,46500
38,42700
67,25600
35,44400
35,35030
46,58800
54,15500
70,81504
64,74100
64,700
57,47600
31,15070
71,3920
35,300
58,36100
34,37700
24,27540
25,23940
47,34800
59,64640
53,40
46,59000
33,12700
34,47100
47,7000
34,27100
54,16700
72,69000
62,28100
29,19600
36,69800
81,6500
40,99000
49,18170
72,37600
40,79000
37,20800
20,23400
50,33800
51,19500
67,102000
44,23400
58,72000
60,12600
65,40200
41,12400
46,35020
45,18800
50,66400
71,90200
67,90000
48,57500
34,15900
58,63000
51,8900
69,46200
64,19300
44,360
40,72200
47,6900
59,1100
47,37400
39,60200
62,28750
25,11200
57,24010
41,23700
36,14800
38,38500
37,29010
37,8310
49,55360
46,22860
44,30900
56,62300
22,820
54,7700
69,17560
54,12500
83,49400
34,16400
31,70700
26,7800
58,7600
47,43640
52,39500
34,69030
67,40100
39,34500
49,15950
62,2300
45,80500
35,39550
49,23940
52,49240
21,19520
45,91580
48,560
21,12300
47,80300
40,22500
60,81800
69,17300
72,16500
34,19100
19,30390
19,18300
34,44200
43,5620
52,44200
20,9920
44,30240
31,5400
58,27750
24,13400
32,10700
64,2000
38,30540
66,58300
69,39450
81,11600
53,32400
36,13200
38,430
37,7630
16,430
43,78100
21,1310
47,11200
31,39500
41,30900
83,7500
60,95000
44,82600
38,17570
70,21800
64,63000
34,57000
50,20100
56,40400
21,22010
73,34700
25,31700
46,48700
47,42800
21,650
35,41020
71,34500
50,29420
38,35400
15,920
57,17340
55,21730
69,9160
33,3720
42,59920
16,3650
25,45200
82,11300
30,13800
62,2330
45,15800
46,88600
48,60200
23,31900
52,18500
57,62350
52,21100
22,15200
17,19200
79,11800
49,2500
69,9970
73,560
35,34200
38,10280
74,20900
43,30280
43,10300
32,36800
62,34640
45,78000
52,80400
18,150
43,48700
41,10
74,50100
60,33500
28,34010
46,90450
67,35770
58,240
17,6810
40,64300
35,700
60,530
28,30700
39,38330
61,4900
54,42500
31,22150
33,26290
50,34800
21,23500
59,700
63,44800
63,25300
45,35450
48,43500
31,3700
28,42060
67,3260
74,17300
85,31200
30,22750
43,43040
46,56720
45,28200
36,5700
54,40180
82,14400
50,30400
79,27400
74,2600
29,4550
50,28100
40,700
66,35200
41,21700
86,7570
84,3500
46,31600
34,10400
48,72630
52,34300
51,29330
58,15800
27,8100
67,40704
69,9490
23,16300
35,13700
28,21800
44,36600
84,29690
54,67500
57,59830
54,38700
61,18400
65,36830
51,37940
58,54600
23,22400
26,25900
63,17980
31,40040
36,34020
54,33320
41,29830
75,15090
50,29600
22,32100
52,41800
84,16640
53,93000
50,36800
45,29200
57,32600
23,15480
50,47600
59,9400
33,19600
61,51104
22,22900
48,59000
77,51700
66,18700
65,90
66,67300
47,19900
60,780
69,24450
68,27400
55,11800
43,56300
35,48010
66,13800
48,29300
68,8380
40,27200
30,35100
40,58100
48,75800
19,23300
37,47400
32,34700
28,66000
24,7700
65,71000
26,4630
41,38350
25,61000
62,100000
32,21800
28,200
49,83800
27,29800
20,3400
27,18200
60,13400
55,8780
56,42700
24,200
39,4500
45,18700
40,35400
64,4720
19,7170
16,14900
47,30500
57,41500
43,92600
78,83700
78,19950
35,62000
43,31700
29,20630
26,17330
49,49100
15,380
71,7420
69,21400
55,8100
40,7200
23,6700
19,440
28,37800
32,36140
41,48210
40,5400
56,540
50,28030
45,31020
32,24100
39,81000
33,36900
64,44700
61,16100
71,54800
20,20300
56,85620
55,25620
57,6050
45,66790
41,82200
69,32420
59,23900
32,49500
80,28000
54,28100
45,17800
40,66310
42,31080
73,38600
49,99400
38,32404
59,36750
37,39300
37,380
64,77500
68,600
39,8100
57,81600
70,62500
48,18400
41,3900
58,51050
31,26400
42,33200
32,54000
88,23100
43,6300
16,15300
27,570
70,17300
44,68000
38,1200
71,39100
48,33260
55,56420
45,42300
44,38700
63,19200
39,59500
39,2900
55,95000
50,5050
69,22300
49,43800
38,2500
18,27000
46,79000
40,47100
56,15370
38,19900
32,22800
37,28900
45,23200
40,18590
43,32100
46,32800
67,12620
87,8500
60,27200
38,39700
21,480
29,16400
71,24600
82,5800
41,86000
77,96600
41,19400
27,36570
34,680
58,74100
31,39130
79,38400
38,14030
57,33300
38,35800
26,25200
37,6300
31,27400
42,95200
38,59200
68,35250
52,800
34,21800
17,10100
26,9300
31,50
30,25004
25,28600
65,49800
30,13400
46,28600
68,25300
78,29200
23,47000
20,860
39,27500
66,13440
63,20400
66,73300
18,450
58,48400
34,9800
33,40030
45,70100
28,1400
23,2700
28,36900
42,51300
30,43500
73,19820
57,14300
32,96000
61,40600
28,20800
45,190
50,22500
56,43500
54,35400
24,19300
87,11600
36,41700
28,9100
23,4100
15,520
18,5350
23,19010
69,57400
31,1800
53,20500
64,720
72,22600
48,44004
68,52000
30,3900
49,43700
34,146
52,12400
45,29060
27,26600
25,26230
42,11030
49,37140
38,85000
63,27460
71,33710
34,21500
39,1700
34,12860
38,38300
36,58130
35,55080
72,52500
39,20200
57,15400
76,30780
66,7520
16,2190
79,84000
40,23150
28,29600
39,38800
36,250
45,7800
48,47500
40,37030
39,40030
31,21700
49,86000
15,370
34,82020
54,36200
58,18050
72,96000
66,58600
40,45400
35,30130
29,50130
38,960
53,23900
24,2020
68,41100
29,31100
31,45100
53,27900
40,41210
33,35100
58,35160
32,62080
27,15020
29,82000
84,6600
28,23500
79,8050
74,9350
53,85650
52,57010
48,12210
70,20780
54,51540
29,58000
34,38500
57,11090
23,10700
65,59200
44,58050
43,27500
64,30070
44,11100
44,40900
37,34800
85,14100
55,95200
68,51600
43,32040
39,42400
44,1100
45,95000
51,36100
27,56000
60,97400
34,10500
54,4100
24,21800
49,17400
46,83000
47,87200
29,30520
31,37800
31,15600
15,2900
74,8770
21,38200
23,3400
64,101500
52,47600
46,500
69,11700
51,55300
24,14030
80,1800
53,49200
19,7300
62,15300
66,88900
62,34550
54,49200
29,1600
74,21620
46,13400
35,24500
57,19100
56,12170
82,2000
42,3700
48,24290
41,56840
43,4100
58,38600
43,400
30,300
55,8600
59,51300
25,27600
24,14600
51,49190
48,11110
19,10030
64,38690
62,26590
63,78250
55,42840
63,65100
54,15200
74,9080
54,39900
35,1800
41,20400
70,9504
28,10100
32,47000
31,45200
27,46000
28,58010
28,5810
49,76000
43,55400
54,73000
27,15560
47,25700
53,15800
49,28400
39,27600
86,16200
67,57570
53,48580
20,36100
36,21010
16,5030
42,37700
54,53100
54,8100
52,66500
15,160
30,49900
21,20160
34,22100
35,14900
30,39950
53,50200
46,46700
53,31550
74,29330
75,3640
26,4700
44,26900
34,80000
46,47900
73,17700
51,75100
52,26800
44,41800
39,18300
79,48500
19,24300
31,34100
37,36800
39,41140
19,7320
54,5150
25,15030
24,6200
55,9700
20,18200
52,34830
35,49600
63,43000
42,9890
32,33600
31,60080
26,27080
37,66000
48,60900
58,46400
63,22080
37,92000
41,40750
29,51000
68,20880
76,16360
27,44500
69,61700
49,8300
45,16700
67,77000
89,30200
52,5304
31,34900
56,42100
27,32090
52,35600
72,24820
69,11010
68,58800
73,38010
46,250
22,22100
36,10800
26,57100
29,56004
65,57960
35,49900
65,5110
17,9020
84,19600
60,46700
31,3300
18,28400
41,39700
15,210
28,24300
76,35100
24,25200
56,77000
36,20200
22,25800
39,86000
66,37130
60,27730
52,47700
44,31100
40,310
66,35800
27,20400
18,23900
40,22800
32,33500
36,29500
59,13190
37,20400
34,45600
32,40800
46,16200
68,67000
36,49300
71,39560
51,25900
61,42700
27,30800
86,5400
26,180
47,73060
44,48700
51,73400
33,64000
50,39220
47,14200
43,18900
38,28400
58,39500
44,86000
28,29200
53,29680
65,22500
19,320
28,54050
27,17200
66,6050
28,20740
55,47070
52,40200
64,35300
79,21400
56,37620
26,100000
64,19900
38,28150
72,50690
61,27200
31,53020
30,56470
53,34620
51,15700
64,37200
35,25530
39,45400
42,90500
44,20750
33,40100
38,30040
67,70300
84,4000
85,32800
32,71000
28,27650
57,21400
43,2300
41,38150
30,49000
50,54700
34,39320
29,15450
47,40020
48,42010
18,11020
19,105000
21,36000
24,30020
24,20020
53,32700
55,41960
25,990
32,26800
53,61500
28,25800
61,87000
17,20200
30,6200
33,29100
35,51950
50,82100
66,20830
68,6660
58,80600
47,83600
64,60900
53,75400
60,280
29,5200
40,11400
67,24300
34,2600
61,44100
67,39200
30,8600
39,68020
72,39200
71,37500
44,58000
32,37500
30,18004
38,32200
53,200
43,10500
86,72400
54,7260
68,49200
48,26050
36,23800
52,16300
42,18650
74,38300
65,18400
31,2900
66,42020
54,49800
42,45600
41,32400
48,56000
72,59200
52,43680
54,29900
42,24400
35,54100
50,54150
30,39730
83,22100
72,7590
26,23500
61,15100
28,40080
49,28100
40,54600
39,21600
60,23900
57,40300
32,5100
43,70090
54,59400
36,8300
29,55100
65,18700
40,4160
57,11890
49,12710
48,4650
45,43300
47,13300
32,48550
44,26150
40,34800
46,18700
44,39400
19,19300
45,47500
88,18250
19,11360
80,9600
81,14400
61,45800
65,2980
42,28500
71,21500
46,27100
55,13400
44,100600
48,41880
19,15800
52,15850
69,49000
21,21050
21,24900
51,42600
56,12500
55,15870
40,25600
30,58080
29,38360
36,33900
66,29010
31,61000
27,34820
57,19600
38,103000
38,61200
45,46100
52,65300
52,32870
28,30300
46,57800
56,49300
52,46700
50,40180
38,59100
22,33400
37,8400
32,6980
61,45500
26,20650
42,14440
42,1920
62,24150
46,50270
22,34600
25,72000
74,8330
20,18180
52,27320
52,72030
59,52700
43,27130
44,18440
45,30180
26,31040
50,56300
29,34010
50,73200
42,49800
44,4600
35,51000
49,60250
48,21460
47,13700
46,24150
18,3510
49,57000
40,26050
30,38030
29,26710
34,33500
35,59040
25,18300
32,13700
31,13300
23,41000
42,27130
49,75400
37,35040
39,39050
29,22600
26,37380
36,57070
61,43600
57,11600
24,36500
64,62000
74,22220
49,60500
51,9540
54,37400
54,31300
79,70100
57,40400
51,20600
29,40020
42,36500
49,31060
46,24300
29,27900
44,49300
60,67500
42,30300
31,46200
27,25600
72,46630
65,4330
46,1310
56,38750
61,48800
39,36020
38,18420
74,28700
39,53500
30,20700
55,55500
44,6050
71,18870
81,14500
55,85700
68,13650
43,21500
30,68000
31,27500
47,5300
29,9300
78,21240
56,34800
55,61400
68,24060
36,46910
50,19190
28,48650
47,50800
47,56920
23,10720
59,24800
56,51330
51,86400
46,38400
42,32200
23,69800
38,51900
30,25400
33,66000
45,23450
27,24580
38,32500
82,19490
63,11400
24,16600
16,8
53,44200
74,47900
63,12400
50,11800
63,12600
29,26100
16,6800
66,32400
33,44400
73,46500
19,780
18,18000
48,76200
57,26600
57,15960
37,16040
30,76000
61,60700
80,24400
68,80700
48,40020
45,55020
15,7000
29,81000
25,67000
25,34100
66,13200
49,24360
44,16300
29,95000
35,39900
76,12100
38,24600
47,32150
30,9400
33,60100
31,29800
36,70200
27,11100
56,65300
18,10380
42,92000
23,49800
33,79600
35,71000
53,82100
19,29600
50,20
38,92000
25,22020
25,40740
59,19100
47,60200
80,39800
55,91900
59,28200
32,25080
31,47000
29,22970
83,9700
33,20600
56,30560
50,19800
35,710
38,60480
22,47000
38,37050
17,2350
33,28950
69,20800
23,4480
59,27860
62,16140
49,33410
48,21700
37,33200
77,13730
79,66300
69,29500
23,17300
54,31100
24,27010
54,34900
26,26300
51,98500
54,4604
20,35000
84,11100
24,1790
35,36700
78,7900
50,13100
76,36960
78,30100
75,54300
27,21400
43,104000
42,2330
58,7800
93,22400
38,46050
36,64000
52,88350
29,29500
49,61400
42,23200
52,31300
51,31260
27,22004
36,15780
54,55400
35,20900
62,23140
76,63000
81,45300
34,42600
26,26900
88,10100
59,27000
30,100000
83,20500
48,38300
65,21400
71,13560
77,11550
47,42600
15,470
42,37100
36,44100
63,52470
62,250
46,92100
88,16800
66,29400
19,43000
37,39700
18,6300
17,540
62,41010
49,50200
40,77430
17,1390
63,21490
34,65400
63,63000
71,29100
49,11600
31,37300
77,40900
53,26950
39,22200
63,31900
52,9800
49,35300
28,23200
55,59600
36,71500
42,900
37,26300
49,25900
52,75880
42,94000
25,36200
64,41400
28,40750
31,800
23,22800
39,17600
61,42740
38,39100
41,21440
37,17210
59,21700
80,7800
63,31000
53,11200
59,32400
69,29940
69,5560
35,25800
43,48330
45,29170
30,41940
30,350
45,49500
42,28400
59,56400
23,23400
88,20000
41,51000
58,22900
30,33100
24,40400
36,39100
54,32500
18,20100
18,19020
43,72200
51,38500
66,16900
53,42980
29,99480
19,13700
28,38300
30,5100
50,60160
51,42310
39,73400
33,49400
48,35900
37,10900
84,17200
29,41300
42,23080
57,3010
54,97000
27,1770
27,15500
55,54500
55,58800
62,230
54,500
35,39640
54,44500
56,44650
38,23060
26,44000
31,62000
46,43800
48,58300
30,18020
31,10900
65,20680
68,28700
21,15900
58,18430
24,15900
69,39900
76,50500
38,83020
46,23400
72,27400
55,2400
44,110
18,4040
32,36540
30,30400
28,38000
75,5620
66,85300
48,78100
29,27504
49,58100
30,29130
28,27900
60,870
41,640
37,5580
50,72030
57,36500
48,36150
77,105000
73,50700
45,42810
46,48500
55,55600
18,50
30,21400
53,6300
55,55200
33,65010
33,31900
42,26600
53,30700
55,100000
32,43500
57,8600
31,41000
26,17200
51,39200
43,30620
48,45300
53,48400
28,40500
34,49480
80,36900
35,92300
58,78500
32,25980
47,93300
32,28400
32,33250
23,34500
61,77200
54,70500
46,27400
16,50
44,43660
29,53780
30,620
71,34700
42,60500
47,56300
49,42810
19,17030
44,22200
65,2220
28,29900
36,77060
37,39200
67,27150
20,26500
38,760
61,87500
38,70200
65,42020
61,18010
26,31700
39,50010
81,17800
89,12300
18,3490
49,94900
42,52700
42,16800
48,32100
20,410
25,28900
42,21700
43,29800
51,36040
41,25440
24,13500
49,36600
42,17800
23,27300
64,49180
41,20040
21,56000
25,16940
63,15100
62,25800
78,29700
49,51300
34,42010
30,750
26,32900
28,30250
30,12900
56,39200
83,30600
81,9900
66,17900
33,28900
32,37200
78,67500
37,20150
67,38750
42,32610
48,83000
62,24400
29,33600
28,30200
55,12400
44,48600
72,66900
37,34700
25,26200
50,24150
34,40500
62,24800
39,50200
45,37860
36,19600
61,30600
49,39850
47,16200
45,33900
55,17500
30,38800
52,19800
23,31800
27,90000
57,41000
27,25004
60,8600
44,12700
47,32220
57,13100
42,76500
64,23160
69,30300
27,35010
23,60000
25,56000
42,82300
30,50200
36,12800
43,70400
49,41100
50,53100
37,91000
84,30
31,40220
80,13730
51,43050
51,12050
42,49280
18,2720
36,43200
73,59560
81,30200
32,12030
28,30010
33,33500
84,51000
27,23800
47,103200
49,102000
18,31000
30,34400
40,35200
79,26120
40,56080
42,31700
58,5700
67,59000
20,40000
48,44940
49,44300
44,30500
44,40800
32,32500
57,13800
32,19100
37,47800
28,4900
23,1700
33,31100
82,49200
73,20704
50,84000
77,39400
76,28700
48,21900
27,8800
44,44200
43,19600
72,10900
30,33300
45,31410
58,64630
67,62100
57,1800
55,52700
32,35040
21,9500
70,25430
38,34350
29,10200
56,41800
31,7870
36,10100
51,44600
34,25300
41,36750
36,9100
30,32400
56,30100
54,7600
56,9600
87,32900
27,27050
50,50010
58,25120
59,25500
34,50500
61,86600
40,102000
74,18900
39,10240
39,72500
32,93000
33,84000
37,22600
73,53000
75,18700
26,14700
66,38420
80,23500
36,34300
59,39300
49,32260
84,9200
48,60100
58,4040
52,26400
38,42060
51,21300
33,30800
44,85000
21,14200
18,6030
40,49700
71,70350
27,18900
48,53500
71,1700
47,69000
76,36000
76,26800
34,49530
30,92000
26,34700
27,25160
66,15300
61,56100
33,55004
29,430
62,4400
33,16110
49,4604
28,32800
71,45400
85,27400
78,45300
52,71020
56,47800
41,61000
27,14820
20,18700
19,5420
46,30250
41,65450
49,54600
40,46600
53,14200
30,49004
32,34770
37,18170
38,61900
34,380
65,20980
50,45100
24,25804
51,11170
38,98000
32,3100
68,27100
29,42500
30,93000
60,54000
51,140
35,27500
40,49280
29,46500
50,27400
26,88000
72,26500
23,28300
39,33100
62,34260
52,52060
43,14700
47,31700
49,38630
48,32300
45,72200
41,20150
61,100000
79,8800
38,53200
57,42600
29,39660
58,47200
28,32500
66,29500
54,3670
49,42500
83,22000
29,41600
46,24700
62,5340
30,46530
57,75000
52,50500
35,4620
61,32500
78,8540
47,28900
67,10500
77,12840
26,300
32,39600
26,13200
38,27400
67,25700
41,12200
53,78000
40,50110
15,460
21,240
39,51600
54,32620
57,19800
44,9420
43,34040
44,27010
62,87400
36,43300
62,52300
27,26900
49,25810
25,7700
71,9900
46,78430
72,19600
31,34200
47,24400
75,8930
34,26990
56,87000
33,700
46,44160
28,35130
79,16700
21,9100
52,33100
52,51800
57,27600
77,16900
75,10700
45,102000
42,30600
25,31200
58,65400
78,43800
83,26300
63,30600
32,19300
28,46000
52,50700
49,21540
23,37730
48,52600
45,18400
45,67930
38,49900
39,44400
29,57400
27,65400
47,18700
51,17100
56,36300
87,15900
62,35120
63,11100
88,18300
32,39800
16,160
75,30700
58,2850
49,91500
47,6600
49,43500
59,41870
49,49000
49,19200
22,7700
19,510
65,35200
63,30090
49,57200
66,78000
60,49250
32,20400
71,1400
37,50300
32,26010
44,2300
54,45100
51,60140
46,51100
47,65800
28,28200
60,6270
60,20800
46,40050
33,58690
60,92000
65,22200
40,12420
30,44050
62,490
18,9200
19,85000
41,1500
44,13290
65,80900
57,1400
42,44260
56,39950
52,44500
60,24400
47,9204
75,23480
49,28900
23,1404
56,82900
69,24900
73,23600
47,35800
26,16100
45,9100
62,65000
27,38900
48,38500
55,26130
47,95700
63,40900
44,20500
39,43500
49,88500
38,83000
31,69000
74,34500
53,44800
37,35020
25,44400
25,19900
81,46800
31,23800
48,104500
25,340
24,3300
72,4670
48,48200
17,124
51,54050
77,37700
27,12700
50,98000
16,19300
50,2500
48,42600
54,92120
62,22500
54,72200
23,17310
25,380
36,36900
68,28400
55,12900
41,45470
28,51000
57,10400
27,20700
42,4510
39,102000
58,23700
31,85250
67,38500
43,23400
36,9600
40,19700
33,1700
48,45450
45,17050
20,7604
43,46800
73,103000
58,32400
71,71100
29,75000
69,21010
48,33400
49,96500
38,37600
36,98000
30,26100
36,27200
35,30760
19,12020
58,31700
93,10140
61,32400
52,37800
44,37350
32,29300
40,73000
46,46380
19,2630
65,38600
53,91000
55,28300
69,81100
66,16700
42,33800
30,74000
82,54100
34,150
49,41890
21,25100
48,44500
35,51900
21,29100
33,93000
21,6310
53,29150
55,71750
43,13030
50,93000
67,58080
50,25270
38,52400
46,46200
37,20450
38,1340
41,71000
70,65300
65,49600
79,20700
71,16700
45,76100
28,25730
75,14780
31,55200
30,67000
31,76800
33,43800
30,27300
30,10500
20,26800
39,36400
78,11350
61,73000
52,100500
51,15400
28,31820
30,25700
39,48400
85,11030
64,38700
87,5300
75,66300
45,39100
52,1010
51,77200
55,5700
43,29900
71,900
55,13700
72,10230
70,43200
77,1200
45,71500
40,31800
24,37000
50,41930
34,64800
68,55160
65,34350
52,82300
52,56250
80,35000
55,33500
70,14200
17,280
61,42500
29,45100
85,50
55,19570
34,36020
46,61000
41,21240
51,43200
18,8030
46,71300
21,26400
42,32800
41,15900
40,67000
40,47300
27,85000
54,40900
66,80000
56,47100
38,45600
54,32300
70,75000
36,7010
47,36100
68,64100
31,38610
79,27200
32,104100
17,8300
28,45750
46,96000
55,63100
46,20100
74,27700
37,61500
30,63100
39,75000
32,4830
32,46800
56,50400
34,62050
29,50100
23,31500
30,43400
33,64500
60,70000
34,85800
55,52500
31,1510
23,24300
41,6740
59,22020
41,76000
39,85500
93,8930
79,14400
45,46600
43,30800
57,36200
31,76000
62,10700
17,19000
42,73500
15,23000
38,19080
64,23610
35,87500
28,45900
57,17220
44,57400
46,7900
70,21300
76,12300
40,29700
54,55500
53,65400
66,39500
29,13100
44,105000
26,59100
77,38000
77,16780
37,75500
40,31220
39,40290
59,4400
55,250
72,91400
60,73800
34,22800
72,47700
50,23700
47,18800
62,66900
20,17400
39,43300
42,15100
66,39000
57,90000
54,24400
62,61620
39,74500
50,35104
55,14300
64,90000
60,34970
40,55140
38,20004
46,87000
64,67000
65,1900
54,8770
47,7630
42,76910
46,39010
22,2620
35,37030
31,35130
45,98000
66,92200
93,20800
18,10800
28,60300
34,74000
30,64170
35,150
59,14340
48,37800
62,42800
60,58180
72,11900
67,35100
26,200
34,20920
63,37200
80,38340
58,47100
49,4400
21,27900
21,85000
19,88000
22,70000
47,33490
44,36010
55,53000
46,77210
45,37900
42,86480
41,18100
71,11800
31,83000
38,70070
16,24000
62,12500
36,60860
41,70500
36,80400
56,50500
22,17300
67,6600
30,40700
34,41200
93,34720
51,20200
79,39900
46,17800
41,23400
32,14100
28,63270
26,24200
40,6320
36,83000
33,51200
43,22900
46,11500
26,75000
74,28420
71,5270
32,43400
49,50800
41,75500
67,42300
32,37100
29,22200
78,9710
67,34800
74,66000
61,40700
46,81150
56,5370
84,12800
88,30100
61,13800
40,48510
34,62060
62,43700
43,77700
76,8380
41,81000
56,44100
20,45600
32,80500
68,92400
32,50300
33,67000
64,30800
30,79000
52,36700
32,73000
36,77000
74,13100
26,11500
26,38400
54,15100
62,37200
78,1600
71,8580
42,11900
34,35210
38,31060
51,46600
75,49800
33,7100
79,22800
25,42140
35,69000
26,34300
54,33700
39,7600
47,66600
15,90
36,29080
29,50300
33,23040
26,22810
32,80010
45,90630
85,16500
64,36600
50,76000
75,31010
42,7120
51,42100
26,30800
43,80700
34,31300
56,91500
46,41400
40,33050
51,57000
18,3410
50,71600
65,38900
62,2750
31,13700
56,55050
50,13900
78,3700
82,37000
24,11720
26,38800
30,25200
62,40100
37,75800
34,94100
79,43000
31,6004
38,34100
36,69000
16,750
45,81000
27,9900
57,57200
37,45200
40,40500
39,25660
38,69200
35,590
28,20110
43,32070
43,37900
49,100
47,75200
37,32300
30,46500
40,27300
52,50350
28,9800
43,89600
76,40000
25,26100
68,30900
57,35120
56,11640
36,35500
82,6170
78,36300
35,76000
15,5800
29,85000
42,28700
22,41000
48,73300
22,14020
45,96000
34,73000
62,93400
57,103000
67,45800
74,4720
21,24700
89,23620
42,38400
18,2630
31,26500
37,4600
31,19830
43,10830
55,24500
33,56210
28,34610
62,43100
20,18500
42,20100
36,78000
72,19700
53,46850
37,18200
26,35100
28,43600
77,15370
58,34270
42,101600
38,49100
45,55310
47,65100
72,51450
73,2700
37,12700
26,32010
30,47200
47,82070
28,43500
26,14004
28,29300
30,36800
31,38420
55,36600
61,39700
43,36850
75,21700
30,65020
28,26030
69,22500
41,50400
17,4480
93,8800
40,40090
40,72100
24,15100
43,38010
56,70100
53,12300
59,87800
50,90010
20,27010
48,52020
29,10080
41,75400
50,80650
46,32360
37,46500
65,46900
45,11900
39,15890
60,72100
67,19610
20,30500
51,63200
58,22100
77,23300
42,40100
39,40100
57,85000
35,41910
34,101000
80,16550
57,29380
31,42100
25,100000
89,11300
81,42800
54,61400
53,41900
35,44600
37,48100
49,46160
56,31600
55,58160
28,26100
72,21500
69,16660
58,3700
25,15150
56,2100
57,44400
49,76030
43,46500
45,66000
54,9660
44,3300
42,15390
38,100190
25,65000
64,670
65,34700
37,16400
37,13200
50,16500
25,36500
16,5300
49,88030
38,31900
66,6900
76,3750
63,15800
62,42300
59,44890
63,300
26,51000
55,47600
48,20200
46,10100
28,36550
31,56830
93,12500
22,25500
17,14100
61,51100
57,66000
67,37950
49,73500
32,56500
32,35300
87,5800
59,14900
83,77000
35,62360
34,23110
54,38800
48,50200
44,38200
85,37800
42,28120
37,48310
27,68040
65,8830
86,23600
93,3500
28,5500
55,11900
47,31100
60,14100
34,70050
43,22100
70,13700
79,750
51,19100
23,10800
30,31800
42,24800
29,57500
38,74600
33,170
37,14230
49,34140
20,15450
50,63310
55,29680
26,10700
40,38020
45,104000
76,51850
28,65400
28,27550
36,86570
53,48340
50,8900
24,27110
24,59000
44,19900
28,31050
73,14620
77,6920
26,27300
77,38100
42,330
26,700
33,35500
50,5200
78,12960
27,100000
29,35400
54,43050
21,22300
46,24500
55,37260
42,24700
54,7190
42,30400
25,11800
48,36300
34,30410
93,21600
59,38500
46,85800
30,85250
27,9450
75,28200
31,36300
66,22700
70,18950
61,17010
58,59100
77,37400
69,41600
46,62600
54,6900
73,95500
54,37500
29,31200
49,74000
35,12150
58,21160
35,62130
56,14810
39,40960
45,20800
28,62330
61,280
38,54600
51,27840
64,52950
41,82000
31,66000
24,8150
17,3204
57,55500
67,16200
39,42010
56,41100
34,4500
48,50170
69,94200
22,24500
88,25000
87,5760
29,43100
81,38000
22,19800
72,34300
64,8810
71,66200
41,7900
53,55250
55,9020
70,13570
65,21670
34,32010
69,24280
38,39600
28,35230
32,20304
49,43040
44,20600
57,94100
37,15300
35,82030
42,42550
76,12700
26,11200
29,29800
88,9800
55,23020
81,7300
72,80700
71,49400
65,11250
34,1120
66,52800
28,65500
61,1100
31,41300
51,8800
56,36100
72,67700
71,53800
69,70000
31,19900
33,33700
67,16900
39,67600
34,93000
67,54100
50,76200
66,44900
36,11670
35,12700
44,40100
52,19700
45,59500
87,4800
38,66190
35,30190
36,41800
51,103100
29,33500
21,34500
24,55000
24,29800
30,57100
42,87000
37,80000
30,30300
29,46650
49,15100
53,28010
20,2200
47,60010
61,42880
53,90200
77,6990
59,77000
62,25750
51,16400
70,10
38,11020
39,2040
37,77500
39,95000
75,19460
56,30060
57,38120
61,30870
37,63050
52,34200
28,90000
37,26800
48,78000
75,45500
50,19600
71,33300
43,38500
45,560
55,34120
54,21500
70,15100
25,58000
23,510
20,22004
27,20690
60,28200
70,9620
41,9800
34,41504
33,23100
31,670
31,72000
53,33800
75,3700
27,35170
30,66050
59,15870
52,35170
45,26100
48,26100
29,65100
47,30400
34,85000
50,95590
42,31390
59,40100
56,51600
37,98300
55,22100
21,14060
25,30200
50,31400
25,17700
22,18500
31,29100
68,35420
60,70320
59,83400
57,58400
43,48900
61,31000
26,40500
43,45140
32,5400
26,24400
47,98600
46,41130
39,103800
40,39500
43,27020
20,7590
19,3740
16,15600
72,48400
79,56000
37,31200
59,43300
55,21200
29,9950
38,20220
23,12300
73,18850
51,38200
45,84000
50,23210
43,38404
80,21030
70,12950
52,67000
19,69000
67,15370
32,90000
34,44800
25,47000
28,52004
70,32310
26,46800
29,14300
28,48300
57,102000
30,34300
30,10504
68,17340
70,73400
56,9700
66,52300
26,26830
48,95000
44,101000
48,89130
48,18200
21,24104
74,6610
42,103000
55,34100
31,20300
30,42800
36,68250
55,96900
60,14200
59,94610
57,31100
42,42200
55,51500
48,680
36,103000
71,11250
41,28770
42,97060
41,31650
69,21800
36,26050
57,16800
50,54500
33,73000
30,32100
66,33700
74,15900
38,90200
38,500
45,45100
39,30900
30,35900
74,6720
34,47500
73,32000
50,55400
49,81000
70,15520
32,56050
18,540
37,76300
47,56050
47,62000
43,48800
43,11400
39,50400
58,43200
71,60600
77,40600
59,87000
67,12700
53,82000
75,44000
65,56000
80,56110
38,71000
40,40100
31,34500
66,25700
54,24800
57,38500
74,43420
36,23020
30,56500
56,35020
26,99480
22,21200
20,23500
30,25100
79,13600
77,7490
47,43230
27,42100
34,27080
55,61100
56,29700
55,62660
32,63000
28,47500
48,101000
51,14320
32,23110
42,49100
33,74000
39,36420
35,54120
28,28600
87,58300
36,28200
52,12650
55,43630
37,24300
41,5120
30,32360
45,46500
28,40090
27,75880
25,29800
53,58600
51,65400
25,25500
88,13280
57,19200
52,47280
47,83800
31,6500
38,86000
38,36050
61,11400
30,39004
18,35300
37,98000
48,31400
39,5800
71,74200
65,40700
28,10920
35,58060
20,27800
22,19600
42,36960
42,23600
15,480
70,10460
62,78000
53,94600
39,49600
48,27900
51,26100
53,105000
44,41100
60,60200
93,11180
34,44500
38,88000
36,51020
38,12020
65,25200
20,24300
39,43370
37,9430
51,14300
34,84000
61,67500
56,11400
39,3400
26,42100
53,85400
41,35500
49,9400
48,54100
39,34200
53,19980
50,50980
51,33600
51,29204
41,86300
42,79500
15,9900
79,29000
32,105200
35,12200
30,27500
37,42200
29,13300
48,41100
47,9500
30,39920
65,45860
62,29670
49,35500
45,43680
29,40630
40,91000
47,58100
26,87000
33,34100
30,8300
68,22000
43,83000
45,44500
31,300
67,12960
38,24860
64,44800
82,24190
59,740
75,79900
32,80800
17,850
39,30980
27,51000
41,31800
81,12700
60,16310
52,60004
51,3700
22,42000
58,71800
32,38900
60,35570
74,19600
25,20400
23,2300
25,23300
53,80100
53,19050
39,44340
32,23700
43,60060
18,17500
18,12500
52,56200
26,22100
33,16596
84,26380
51,40320
20,13850
26,68000
27,96500
72,68200
19,8300
47,21804
45,31300
57,5100
53,43850
50,59060
41,60800
51,72200
81,12800
88,6800
60,45800
70,42300
51,89000
55,480
33,21100
70,22700
55,78000
39,96200
28,49650
60,43300
72,30800
87,39900
39,58800
16,6200
40,1900
53,33200
44,90100
33,55400
69,11180
69,18390
36,60180
45,105400
39,9120
55,40020
27,27010
51,21700
42,31300
56,67900
36,20660
51,87800
50,87800
39,40310
47,49100
37,13900
16,8300
30,29050
56,42300
65,59600
70,10150
37,30400
73,42600
37,50400
43,7300
73,14600
54,29300
27,23600
72,30500
66,18500
67,11030
28,69000
22,17100
45,102100
53,84050
56,51320
24,6700
42,5290
39,40080
48,73000
33,70010
33,72350
56,10700
47,22570
81,12360
49,36300
22,240
30,22200
59,38400
75,13440
32,60800
44,44030
31,16400
42,39800
59,1300
27,40300
46,45100
54,270
41,45200
39,49100
42,27300
31,45500
25,80000
47,67500
34,41220
33,35420
28,17500
41,87000
29,22100
28,60200
56,15304
62,7010
36,60030
38,23400
17,16600
34,30400
40,81500
38,37200
61,19500
45,11200
48,200
48,8200
65,54400
47,54200
53,26700
57,21600
33,22300
74,24450
33,12140
56,21200
37,38820
45,51500
72,32510
65,49000
83,71000
74,34920
23,14400
61,55500
50,25500
31,44160
36,44800
24,31350
45,41650
41,46350
67,19810
70,19320
56,39500
47,17200
67,9040
52,21140
38,91000
41,30800
47,15800
49,45300
54,22300
18,1020
24,22400
44,22400
19,38400
19,52000
33,102000
48,100100
35,19400
66,36000
30,50380
48,19800
81,48300
80,26300
71,13300
25,61200
75,46330
35,81250
29,11280
35,33500
30,16740
57,27050
52,16200
45,70600
35,720
35,91000
40,760
44,75100
87,22900
59,52170
45,41200
66,40000
19,13800
18,9400
25,33900
45,10700
31,31100
34,60200
36,40310
37,42100
50,69600
80,19260
36,27010
42,47100
27,45800
25,29300
60,2600
68,4004
34,15290
62,8600
68,23080
26,38200
69,95400
62,25400
43,60590
81,12400
43,45870
76,35500
24,16204
20,12100
44,48230
43,23100
78,48700
37,56500
37,38500
54,32600
66,30800
75,33070
31,42400
50,50050
34,104100
42,50300
22,24200
53,29200
54,88900
67,42200
40,50800
28,52300
62,47240
70,36500
53,240
23,27200
77,14800
37,21800
86,20500
31,30200
47,40030
24,84000
61,95000
51,65100
83,56000
37,82000
51,98000
56,58300
44,25600
17,2420
39,24800
84,12500
21,4260
40,33200
70,35410
53,13500
35,32500
38,42300
43,7780
86,36600
51,55100
85,22300
47,38010
47,80200
51,59500
35,24300
35,17500
32,16950
69,90200
53,14300
37,50800
50,7900
56,55600
52,63000
57,40900
54,25020
45,90400
46,26400
51,13770
60,90600
49,104500
24,51000
34,33800
53,54100
26,69000
87,34900
67,36000
38,100400
76,23210
36,9800
31,31300
37,36030
34,39200
41,910
19,18900
36,46800
65,10020
68,18950
37,69800
27,48900
30,33900
65,22700
42,91500
38,4500
32,59070
49,35700
55,81000
52,38500
78,38100
75,11230
46,64500
22,9900
73,4640
77,12200
20,9200
36,47550
37,670
47,88300
45,66380
66,100700
67,2400
47,100700
46,89000
76,12500
33,9100
75,11960
32,25500
55,40320
23,15704
74,16500
51,28940
32,25200
54,33030
77,27730
69,5930
46,29600
37,6700
49,71000
48,33550
33,25800
36,80800
27,26700
55,82000
39,46200
31,16300
15,2940
54,61500
35,56030
37,58250
50,81000
66,46000
56,64400
54,47900
49,45700
29,34700
51,48900
41,17180
27,25280
59,6120
30,2370
35,102100
31,54004
26,1200
46,50500
26,20110
53,70300
43,30900
71,48540
25,9900
19,670
41,58200
57,42500
29,55400
51,12700
52,39100
35,32600
59,22070
42,104130
34,4640
56,20880
43,35100
16,3204
28,35200
53,15500
35,29700
60,42070
39,88600
33,1870
88,25600
31,42840
31,37600
43,73750
50,83000
41,49100
75,45700
36,86000
60,56500
58,17600
46,85200
47,12700
47,31600
30,50020
76,25980
76,12930
36,63120
73,52500
70,7080
56,46100
71,82900
40,14100
18,20400
52,41490
22,17600
22,11800
46,100200
38,250
42,39200
18,5560
17,6760
82,31300
62,23200
36,23600
46,41830
52,39800
55,59500
22,16920
47,52100
65,63200
43,35500
25,30780
48,75100
40,34200
77,13700
30,740
54,98500
49,31400
82,37500
27,34500
45,29620
70,27500
65,2800
50,300
46,70600
27,105000
59,38100
89,16200
84,25400
86,42500
46,42200
53,500
82,15800
54,24500
47,76200
44,36800
58,59000
46,30800
84,26200
47,77500
45,7700
64,22900
46,48900
87,8560
24,30670
49,36700
49,90010
33,17900
74,41000
40,14800
68,640
77,19760
45,9200
61,81000
60,4200
68,44800
36,102000
52,65200
27,32800
25,31800
57,25200
49,14600
76,38000
60,102400
72,2560
46,83600
50,27040
64,8760
49,65620
42,30200
34,28300
65,86000
32,44700
77,18700
23,170
58,68100
56,2530
34,45300
20,7400
61,101300
54,69000
27,21600
84,9400
51,52400
41,92500
61,45300
57,29600
58,16400
66,12950
74,15500
72,23600
42,44500
29,55200
60,37350
52,530
64,15550
31,90250
49,37900
23,27900
26,49400
70,26380
25,53350
34,31100
85,12300
61,30500
38,27410
41,35810
50,21310
31,28300
22,18900
56,5900
93,60700
80,30600
85,33800
24,57500
28,18200
53,54060
46,61340
28,19600
27,28060
41,72000
38,45550
35,39630
81,5540
51,10
48,45310
52,94000
51,41760
46,62240
47,28590
27,40200
47,29120
78,24700
60,102900
36,40600
67,34000
56,95000
75,26300
66,30560
61,3500
50,50100
52,43900
50,46200
53,73250
34,35500
82,18800
27,13600
48,73100
72,36500
46,53600
32,34150
66,30300
20,20200
66,21350
41,19700
70,2500
39,53170
81,41500
42,72700
88,7400
49,84000
33,52350
47,41590
53,58000
38,89610
38,80400
45,37600
36,27300
60,9900
77,43900
53,51030
47,43030
37,51780
38,29300
38,63900
41,690
62,42500
42,69200
42,40200
46,38450
78,17400
48,14900
53,31180
53,12500
62,11230
69,37200
60,48400
46,59140
54,79100
40,66500
52,15230
56,97210
47,67000
18,9900
46,91750
79,25600
67,25800
33,32300
39,28110
31,27580
79,15140
43,5500
57,24800
58,26450
50,45450
25,13550
27,16030
75,14800
35,26300
35,92000
78,33300
63,7160
67,36500
37,62100
50,55210
28,22230
84,24700
59,8650
60,70250
36,3560
36,7050
60,37500
33,75040
45,38020
48,32840
67,73600
24,100000
87,30400
51,45450
44,52400
70,26100
66,13560
41,15250
78,34100
61,44680
24,16200
50,37800
39,6300
37,17100
45,13770
75,37400
69,25600
88,41500
28,76000
26,44100
93,10970
84,43600
49,95000
45,44210
46,31100
87,44400
88,15100
51,59600
40,48900
55,95800
52,35510
66,46600
34,38800
40,10200
29,50
44,35020
68,34000
37,34900
42,38100
20,43200
28,60100
28,65100
89,78000
74,32400
84,59600
89,13000
82,23300
70,39100
68,13520
19,1420
46,46600
46,49700
32,40200
51,47600
33,82000
33,86000
19,16600
27,49000
52,41030
53,42800
26,15700
40,17900
62,26400
44,53030
64,47610
49,21710
49,27800
72,58100
44,40970
73,12004
58,25200
79,33900
55,38200
49,45780
31,57600
16,11200
60,25400
46,63400
19,5680
18,4520
66,34500
55,20
55,11500
30,72000
27,4604
43,43600
31,71460
48,66300
36,100600
57,98100
56,63800
30,69000
50,29800
47,38200
51,22900
64,77900
60,1800
79,15100
71,19900
55,26460
40,77100
19,640
47,77200
41,104000
63,15250
84,6700
45,60250
51,82000
21,19600
25,49400
44,29400
58,14200
85,8100
79,33980
39,790
19,12150
57,11520
38,15080
69,75000
32,31500
43,36700
93,38300
56,50200
51,1370
33,49500
28,87000
54,37020
50,400
89,25400
23,880
56,29800
50,95200
32,11200
89,31100
66,50000
36,91800
33,83800
23,18500
62,1720
43,7500
36,6750
67,21900
44,47400
68,41300
74,33800
82,1900
41,34300
73,41620
93,20100
84,7900
77,43200
93,12080
93,23600
82,11900
84,14900
45,80300
43,28250
56,39100
50,82750
32,11400
39,9900
59,32200
47,62100
43,63200
48,18460
79,25710
73,28700
40,43100
62,100400
53,56400
25,10720
77,19900
18,8600
46,67350
26,22200
27,42800
45,29030
52,26200
26,41600
88,35200
49,20700
34,24400
52,70900
22,6400
52,53000
47,65200
45,32400
18,7680
30,30100
35,30
36,63600
38,55100
50,5600
60,48460
34,68000
41,41600
58,14700
56,31580
50,49800
26,23600
78,78100
81,89300
25,38600
75,38600
36,70500
41,60030
36,11900
51,24600
60,27600
27,31200
58,34110
41,70100
35,37900
51,59550
20,6750
88,1200
78,72000
86,15100
74,46300
73,2600
18,15700
28,850
78,2900
74,81400
36,24680
30,64030
19,18200
55,35600
62,12200
35,33700
49,67000
35,34800
27,47200
75,45100
29,57300
29,38600
53,42200
38,560
64,15900
88,26700
49,38300
76,8800
34,31200
43,46870
77,30800
34,56200
34,38200
84,9500
59,59280
52,42680
58,59120
49,44120
53,40150
41,39500
77,21790
35,20230
56,36700
36,31400
57,16500
42,19700
53,38620
49,44600
51,48430
84,27100
76,26500
56,47700
52,89600
65,100000
47,27600
86,5500
50,37200
33,20900
22,21700
56,67840
51,52500
62,46500
40,49000
54,40100
56,67200
41,71900
40,78500
32,25300
54,23700
50,61400
50,29700
36,29200
86,31800
93,11800
53,50190
48,45780
36,37700
45,24700
52,16140
46,13700
28,33200
53,33700
53,33300
73,23000
25,2710
58,76200
59,93000
30,33400
29,36700
54,39010
49,16350
58,15250
29,10100
70,28400
33,10200
68,28320
55,40100
36,7700
54,31700
50,45080
53,48700
53,43410
73,11930
51,84000
68,70100
58,77250
41,90900
56,94500
34,22030
36,44740
64,32200
67,84100
22,20004
22,830
75,24320
80,3600
51,43550
56,5100
48,88600
57,12020
43,33200
56,32210
19,20800
48,94000
50,104000
55,71000
56,29900
35,50300
86,5100
72,17960
70,24550
74,56500
42,40140
35,26004
49,100600
60,34400
70,70200
47,6260
64,28360
61,89600
78,53000
35,44250
55,10500
63,58000
72,96900
76,10400
49,66100
47,29200
45,4660
65,89000
38,61000
55,80100
69,52500
21,31300
27,40004
26,50100
66,30600
30,103600
28,8500
27,23500
50,35300
47,57460
27,18020
19,31700
16,12600
24,12200
49,17820
66,56000
67,15900
78,41800
74,44000
34,53030
28,8200
75,32100
51,45600
54,66000
89,63900
20,16900
60,7200
34,48600
60,22330
57,43800
44,14800
79,73000
41,43530
39,34610
28,4
47,66200
86,27500
63,18410
57,28700
52,23500
49,58130
35,12900
81,4800
31,59000
55,59100
83,24100
42,26460
48,36130
30,1810
36,40090
46,83500
36,55100
55,28900
54,105000
39,41300
45,26900
47,29300
51,83000
48,34200
34,46600
50,63800
24,22300
61,85400
60,11560
61,33180
60,28400
37,34150
67,26500
39,15200
27,17400
55,57970
37,56340
36,67370
44,95060
57,79700
39,40600
62,31100
53,52700
52,57000
27,49500
49,74004
42,23900
41,58100
35,58400
49,104400
53,560
48,97200
50,57000
62,33100
36,30200
34,970
47,150
57,4900
30,59000
73,59000
39,80200
64,7800
54,14500
88,7700
35,44700
45,90300
56,12400
43,44700
47,33500
34,49600
64,790
43,59680
57,34004
54,27500
40,26400
32,11310
73,21770
39,31700
43,47590
46,2250
64,86500
62,7500
27,65900
71,39200
39,66200
39,680
68,92100
36,29400
31,41500
23,17500
36,40010
23,6750
23,8620
61,90000
49,56800
44,26100
29,36500
38,14260
38,59300
45,31600
42,50900
31,9800
68,24600
56,3300
55,41600
50,56200
50,18600
88,28600
93,33700
76,27300
89,6400
55,30900
52,44600
40,8780
56,44700
27,19600
35,44440
55,23700
87,3600
33,46900
55,49700
52,78100
46,30450
32,5900
59,45700
57,15610
38,90190
30,20100
55,36500
84,63500
82,30300
38,3900
50,40600
52,72500
42,37900
23,9600
76,36600
37,38400
29,60100
72,43700
46,17704
53,74000
26,25300
60,35180
32,39900
31,9200
47,45270
60,6500
23,35700
63,62000
25,23250
67,1100
60,24090
67,21850
49,47200
52,18200
42,60400
42,29800
78,21800
61,51400
61,22500
46,102000
25,33300
74,30100
53,78100
64,1990
59,37120
35,38750
64,53800
48,19130
31,17300
36,22700
74,23700
55,53200
38,27200
77,49800
63,80800
62,52800
27,35030
71,11100
68,10480
24,55700
43,24400
69,52300
60,26270
59,79600
58,80300
46,89070
36,58900
55,25500
48,74000
72,52900
38,24040
61,34750
64,42930
49,33600
55,85200
53,85100
53,20700
54,93000
51,52200
59,5500
56,17200
21,14470
23,4580
52,49700
24,26600
86,10100
31,5100
89,44000
88,15000
84,24200
15,70
34,4990
70,33400
68,32200
86,69300
75,21100
44,39200
46,43900
47,43570
35,7900
82,23600
27,33600
54,98000
49,29850
37,24200
50,5500
57,55200
58,21700
29,75250
23,11600
37,900
35,49100
87,45300
44,60400
77,22670
39,36150
37,14040
27,33900
25,14100
37,220
59,52200
47,11300
47,28480
21,21500
72,54400
55,74000
61,80400
35,19500
44,45200
93,19100
61,36550
48,72900
18,1260
46,7210
56,80200
81,8600
84,55700
64,40100
63,36900
39,82100
48,88000
48,97300
39,46600
42,32720
82,15400
53,89100
59,23300
75,37600
30,18600
25,92800
30,30240
66,2500
65,30710
21,23200
30,25050
26,48050
29,7800
35,41980
31,91100
42,98000
74,33400
79,31300
63,30020
56,43600
57,76010
55,36404
18,28000
62,16350
62,79600
42,72040
42,28300
67,4720
62,20700
54,33960
36,16500
64,2700
43,28700
48,64500
70,40500
74,60800
58,24900
89,9000
62,84000
68,35900
57,35700
60,48200
64,5220
65,39300
54,51300
53,51300
62,62104
51,29340
86,9000
69,25990
31,8900
60,40600
56,95200
28,83000
33,30300
29,50050
67,4
31,73000
70,3840
29,29200
35,21400
19,7310
62,32200
58,50710
52,42710
79,38900
68,30200
34,15830
58,54100
61,84000
55,86500
52,14920
40,730
40,16980
59,42900
65,7300
87,9060
59,25030
57,93000
53,68190
23,16500
24,42450
67,63600
42,22400
29,15600
69,74000
42,25840
46,81000
45,3900
65,23720
70,7320
28,71000
25,21900
49,3300
37,93500
82,67600
53,53600
44,32300
17,8900
30,50400
58,9500
72,40500
57,94500
71,65400
25,7100
44,54500
34,50050
87,10920
27,38300
37,44700
69,39300
70,12100
44,27900
67,40700
41,34700
40,14204
32,50030
45,33220
76,9850
63,13600
32,8040
32,240
50,26500
84,71000
28,4840
72,22110
57,67100
54,11100
34,30800
44,48900
20,28100
53,21800
27,31600
66,54200
27,47000
75,1500
27,30620
60,16100
44,34100
26,54800
67,33900
23,32470
82,63200
65,5830
43,23200
42,24570
64,105000
70,55900
89,19700
32,36700
36,28100
62,49800
58,35200
31,36504
50,36300
76,29410
52,29160
64,16710
63,71400
54,51030
67,34100
74,6440
55,59110
53,34100
72,41700
48,24300
50,82000
61,74800
59,98100
36,36500
69,41900
32,29800
57,33280
54,29100
38,63520
47,50790
64,10600
58,7400
48,50230
46,48220
29,48100
67,28510
59,2950
47,85300
80,24000
44,40150
74,57450
73,21300
39,26400
28,17200
81,24400
54,18900
39,120
35,37600
46,28700
33,25100
86,27400
83,1400
39,25100
44,32900
31,35120
57,15300
60,42200
49,35800
48,9960
70,30900
18,1160
77,39900
85,19100
51,74000
22,9500
42,19300
58,56250
57,56250
34,32700
48,28380
41,15700
26,10100
40,25300
36,4800
43,31100
67,51600
22,9300
35,71500
57,41700
30,22004
52,58900
32,103000
20,6240
21,21100
44,77200
38,45210
30,45300
52,69100
87,36500
63,18800
74,73600
49,48300
52,19200
20,6900
34,42650
75,68200
65,61370
41,55020
26,18100
53,110
61,51200
46,78000
70,41810
50,30800
27,40100
60,25200
76,51600
38,73220
58,37800
88,10400
16,570
84,48500
83,2300
73,42400
71,18500
69,43000
57,32500
55,84000
73,34140
64,16340
54,38300
57,53250
47,70100
68,17360
63,10570
25,26700
47,46900
53,20600
51,33650
61,4904
53,4
81,13410
63,41220
52,30400
85,26900
22,19810
50,92000
42,93400
66,55200
53,53100
41,60100
38,25340
84,16400
43,280
22,4200
35,105530
57,15700
16,6460
62,55100
35,75300
41,96030
45,12930
50,58100
45,31200
52,42970
89,7460
54,81000
65,80000
45,85300
48,4100
72,75900
58,26600
34,64000
76,51700
72,49100
77,28300
49,14700
52,81190
71,50200
72,45750
46,21440
86,32700
51,60040
64,41900
61,41800
70,71990
51,43900
38,41600
59,770
77,22800
70,27300
43,60830
71,78400
28,80000
45,87030
41,270
32,22500
70,37500
36,29210
37,5650
41,90400
39,45050
48,50
33,37020
61,67800
51,1420
60,50740
73,59300
93,52600
63,83840
39,41600
67,41380
63,6780
70,64100
64,25200
37,75090
57,97000
63,14600
33,37900
24,27700
17,3630
53,79250
81,5500
46,97000
79,22300
63,74000
34,73130
83,38600
74,16330
77,41200
75,36100
50,36700
43,19900
40,103900
41,460
44,50400
16,1070
69,103600
35,24600
79,7000
42,45500
64,14800
65,69700
54,23500
69,37000
37,78000
63,33400
63,9450
66,23300
53,15140
48,105000
58,39100
40,63120
62,5200
35,49500
59,41200
85,41700
81,38800
75,17000
63,39400
45,4250
87,72800
52,27800
46,104750
59,25400
69,50660
79,19560
33,3300
44,44090
66,49400
51,44100
62,45200
15,14200
53,102000
37,94900
40,66200
50,91000
39,40420
29,67000
35,27700
83,47800
62,1900
74,34800
29,7900
33,87500
30,103000
29,20400
40,57700
41,28700
22,6600
37,86000
79,84100
43,6400
18,13580
55,8550
15,40000
40,95000
64,24710
57,91000
57,31300
75,34500
65,45500
46,81400
22,14050
76,24600
53,6700
77,40820
78,29690
36,47930
65,47500
74,36300
75,51200
44,95500
22,1430
46,91200
35,40700
63,21100
62,18300
78,33700
55,97100
48,900
36,99000
28,37500
35,50200
41,71020
86,20600
54,102000
54,2900
38,60100
37,82200
35,64000
42,91200
44,91000
62,41200
60,52500
56,6900
55,82100
24,23700
82,65750
66,3740
50,33900
29,87600
76,54300
44,79070
46,1400
17,30000
84,21500
42,96000
58,14840
17,13300
51,35410
45,41600
29,51100
40,2700
88,28100
89,27400
40,39510
78,14040
51,15500
61,49900
34,70200
31,1570
34,17200
67,52300
61,41430
49,39300
44,14490
35,83600
83,41100
85,10150
41,76600
32,79000
32,13200
46,89400
51,76000
16,10000
62,29480
79,1170
43,60010
88,49100
56,7020
57,45400
52,2900
55,80300
85,37000
46,28900
47,44100
72,52300
84,48800
22,33000
21,27700
59,90040
34,78060
32,30050
41,100250
40,55250
29,9700
24,9700
71,41380
31,70100
33,46310
33,53700
27,30500
29,7500
85,16600
66,101000
72,64900
32,8500
46,57450
45,52800
39,34800
62,10270
61,39690
62,61260
49,36800
24,28600
38,44600
42,500
15,2300
76,600
37,55500
62,34200
58,54400
65,15500
60,4010
60,68100
38,69000
43,54100
61,101000
58,99100
81,67100
52,70800
37,3800
82,104900
79,37900
32,2200
53,20200
25,22650
46,49400
41,87400
54,40300
77,26600
74,24600
34,82000
42,80
38,45870
37,43600
68,56100
37,53900
55,22800
44,87000
44,69520
56,56200
62,27100
58,43500
36,49600
93,32200
33,87000
47,48300
31,21240
65,30570
57,380
64,79000
74,61000
59,48300
25,36800
28,36800
49,88000
44,35200
45,45600
81,27800
31,98000
81,7400
39,40
67,800
39,24020
33,39600
80,13880
43,90100
49,24300
75,86800
62,30100
77,32100
43,530
37,16030
69,33400
48,53170
40,1800
47,22900
43,2700
53,2700
65,82000
69,8300
75,42700
64,29400
29,36200
65,83400
88,16700
77,34600
84,49000
89,18100
28,94000
27,20050
66,100000
93,36500
47,101000
87,11000
51,69400
31,92000
21,21900
80,47500
40,34810
72,62700
71,48500
56,62500
73,10410
26,27500
25,77000
27,39570
58,76400
50,37870
45,72100
79,33200
69,35900
48,96000
29,9050
45,101000
30,80150
37,39800
34,87600
29,58100
37,90360
43,4
37,100000
68,39200
63,84000
30,31500
76,42100
69,61100
43,52500
54,70940
54,31350
47,81600
62,59000
31,44300
93,26500
67,30900
17,18600
42,74070
52,17600
53,23800
60,91000
51,44410
26,48300
26,3150
58,19080
60,50500
62,15900
54,18410
40,78000
37,11500
71,34100
81,28400
52,48500
59,82200
36,38004
65,29300
93,48200
30,23620
89,40200
54,79250
69,38700
72,50100
49,25204
42,4920
42,97500
73,79500
75,46000
25,65050
52,40300
79,64100
53,54800
68,19400
66,68700
28,71500
47,48400
57,3200
45,6280
15,760
37,52200
64,57900
74,100000
30,104000
38,78100
15,6400
45,97000
37,31730
58,10400
48,40080
19,11500
76,12640
17,11600
51,25600
23,19510
24,24020
43,100
37,87100
37,88000
49,42800
56,50100
72,102300
37,740
42,59180
50,66100
40,84000
69,42700
49,27600
76,55400
47,83100
34,53270
25,18500
31,27100
40,70060
86,42100
65,102000
72,55370
52,110
67,24250
81,36300
75,19900
65,52900
67,102200
46,50800
16,820
60,48250
51,39100
69,65800
76,51900
56,71020
85,29600
57,46500
83,40200
51,90400
52,92100
37,103000
41,850
71,68300
55,70500
86,24600
45,70780
35,35200
57,41600
61,66000
55,105120
85,22760
60,43700
23,39700
27,40010
66,46500
42,9460
46,74000
45,53500
67,17400
63,81000
57,26020
67,12230
25,33260
61,47500
35,53400
58,31650
65,54450
68,82000
71,17360
61,47200
58,66000
72,8200
38,29890
19,4670
41,105000
54,42300
53,28200
52,60040
18,13800
28,29800
58,85600
70,65000
69,24880
73,14190
66,44400
79,49100
45,68800
66,75200
75,46700
57,38490
73,52900
87,37900
36,25600
50,21700
44,34200
82,4900
39,7740
67,39700
73,3700
34,35300
57,68600
69,50500
30,90000
62,53800
42,83030
77,9900
79,34350
79,1000
36,670
52,97800
47,44250
55,91000
80,37400
45,105500
76,52600
76,89500
76,21500
15,7610
61,28200
54,80860
64,50800
49,89260
39,37350
43,52030
18,36000
55,44200
31,45300
47,63500
67,81000
81,54300
71,26990
64,13890
35,61100
42,94100
48,60500
52,35150
38,67000
67,64800
50,6050
36,93250
78,57080
67,46600
61,13100
60,6780
54,22100
83,35400
73,57000
59,10800
62,80700
32,34300
68,4520
83,20700
77,15900
93,3000
18,4350
56,18900
66,18400
88,7000
42,60100
44,29900
69,45500
58,30300
77,52300
74,36100
63,71700
61,82800
80,58800
25,14550
40,82000
74,31500
42,40500
79,60500
56,57200
33,70050
29,63100
36,500
52,31380
53,29420
74,46500
52,50120
79,52300
84,25200
37,78150
78,56100
26,91000
46,105290
73,20800
70,51900
29,86000
76,61300
71,36100
84,12510
75,31600
56,69500
37,100100
70,35400
59,57200
62,45500
83,10940
79,4890
30,32210
39,75500
66,70100
50,80130
51,46200
23,15200
38,53070
84,44400
71,15700
57,100200
84,36300
49,55040
44,25040
67,43500
28,14520
71,66900
45,36700
70,53400
52,46120
47,29920
71,36300
77,41600
31,87000
30,48600
48,11600
61,14600
49,61500
78,19130
51,60030
29,47500
22,27100
33,75200
67,25050
68,52100
35,59730
68,44400
69,56000
65,32700
58,32160
35,9200
42,13400
36,35200
37,11700
45,44900
17,690
42,80300
28,20900
30,28660
58,77000
53,69100
60,45560
50,42050
47,22850
16,7404
50,22600
34,90000
89,36560
22,8710
93,12900
37,33800
49,30600
41,24250
53,41200
41,74000
53,93500
63,34200
64,35950
44,61500
56,90200
86,45300
82,21250
76,19800
42,19760
48,42400
49,6600
81,19450
83,39000
93,54700
15,580
35,60700
79,14100
83,28000
56,88000
55,53170
23,12100
32,97010
40,50500
41,101000
52,220
54,50120
34,100100
50,38400
78,51300
21,5300
43,94000
45,83100
65,68700
43,103000
21,5100
33,12010
70,68000
77,2700
50,30010
44,5210
62,3300
31,85050
27,73000
31,101000
42,55500
59,19200
81,48000
50,390
71,40000
57,4
60,62100
31,87020
47,55600
73,28200
69,36200
41,35300
43,73500
68,34800
47,66860
56,38300
34,24180
69,76000
53,18410
66,60800
78,19450
65,25800
53,87000
87,7500
60,8390
44,92000
40,90400
34,32100
85,14350
85,33900
61,11010
72,15600
64,53200
89,21000
39,57250
42,47250
65,66500
45,73200
81,100
36,46500
46,73300
93,23200
59,19500
42,47900
82,29100
93,17200
64,92000
45,91200
46,12100
59,74000
63,45610
64,8400
65,20170
64,56800
53,69300
79,50000
42,46000
32,25100
72,39800
74,50400
79,52200
49,46100
34,2300
58,45400
29,63900
49,15200
63,100050
56,96000
55,69000
37,38480
35,67000
59,17100
40,105700
93,9900
56,14800
45,88000
26,22010
88,46300
84,45000
80,39000
46,72700
60,33060
24,24100
61,54100
65,45880
29,14700
50,22550
49,14450
28,2510
74,37880
71,23200
62,28400
71,51000
70,34400
40,52900
40,45700
34,83900
53,95000
63,30300
58,43400
71,29820
55,31500
42,42600
42,84000
70,27100
52,80130
29,80050
49,8360
18,1120
55,46400
35,41500
34,103000
45,25220
18,11800
93,31800
67,41400
16,11300
73,56700
46,26700
56,60850
74,40940
44,32120
86,13800
42,65400
25,17080
26,33080
57,37800
58,84840
36,80030
38,58120
59,100000
54,27300
76,84400
67,17800
64,72500
53,104500
71,92000
62,48300
27,33500
93,36100
37,59300
42,35500
44,57080
27,71000
41,6800
51,105000
51,8100
37,103800
39,4800
65,1500
78,35500
71,59800
60,31900
57,48600
29,89430
27,37290
48,7060
50,80500
64,6600
55,47900
36,50100
52,35050
58,40500
77,46500
74,81000
53,65200
64,15800
53,97500
46,61200
35,16700
25,63500
74,13800
32,44330
33,64520
35,35040
32,57530
58,100100
83,39100
39,64120
35,23300
28,64000
52,47300
48,30700
59,60050
77,12440
46,26820
47,23600
30,105100
78,53100
53,47900
47,82600
57,1900
37,50500
58,10080
68,20300
52,41300
69,60300
39,60020
31,40450
31,58100
93,17700
46,58200
63,73480
62,12900
57,530
80,41400
33,34500
82,64700
59,35010
51,87600
65,90100
42,25600
69,65100
35,58700
43,83600
70,33200
77,97350
81,24300
73,35500
30,13600
28,480
85,38800
56,102000
45,87000
66,70500
57,21500
61,15200
29,48900
93,42800
28,21600
42,5100
40,38670
47,41300
81,30800
65,58500
24,17600
70,86800
61,97000
71,12700
49,33650
52,100300
79,57900
68,56690
49,100400
47,74900
69,60000
74,60000
32,65400
77,6830
83,7100
49,16920
52,1800
26,2990
41,38200
64,69700
63,66500
72,8700
70,11400
69,22100
70,47700
38,93000
35,30300
46,20200
41,80200
70,1550
52,84000
49,23630
80,59300
39,1004
72,73300
71,12300
41,67000
79,11400
32,50350
27,26050
44,80004
78,34600
62,59700
61,48500
58,800
76,55300
57,73480
47,55900
51,16200
48,85100
62,46000
27,34200
47,85040
71,28590
44,73400
47,4400
74,94100
23,12780
39,15180
62,75800
84,87900
75,64300
67,41000
33,360
44,61200
74,37720
59,42500
37,3020
56,53740
55,10800
38,81800
33,100000
73,21500
47,53700
87,36000
55,101000
46,95800
45,22240
74,22520
47,13620
58,26130
75,26500
77,15100
49,67400
34,18030
66,51000
72,31700
76,66300
70,49100
60,51800
35,390
67,21150
47,98000
49,29600
51,86700
45,105000
27,18800
79,37300
74,52500
65,3000
15,990
15,510
40,33400
61,68850
19,9840
66,65630
59,67200
29,16900
56,76500
52,74000
32,68750
44,18050
53,39800
31,37100
59,44500
65,23200
47,48500
26,44700
61,48100
67,37000
29,25700
61,53000
74,5650
59,36400
60,77110
59,36200
63,24700
39,40200
38,96500
60,21110
38,420
35,101000
41,46500
68,93600
73,22500
45,26040
50,42800
40,50400
69,49100
82,8900
39,74320
38,33800
57,48210
49,30100
68,49000
72,39850
38,90500
39,97000
68,93900
30,47100
51,93550
42,60200
21,4100
85,10600
66,24900
24,14500
26,33100
76,62000
46,6500
30,49080
47,42300
33,57600
80,29750
62,56200
74,42900
68,27300
74,16640
68,20840
84,38100
45,22500
72,57600
27,81000
47,39300
79,3000
32,22600
39,14200
32,23800
32,20500
40,53050
38,32300
67,74500
29,38070
74,13750
38,38900
55,6960
35,67200
77,59480
46,51500
48,56320
35,21900
52,87300
54,36500
18,7600
35,103650
37,35250
33,83100
30,7360
80,43100
83,19200
29,64500
37,3600
31,32300
46,34300
49,150
50,53200
15,1130
62,21000
69,17200
53,70600
73,58000
43,30210
85,22400
33,43300
48,75400
28,41300
65,79000
64,970
44,20910
31,69200
29,48500
63,13900
74,12800
43,57500
69,29200
66,54700
71,71000
60,49000
47,34430
47,103150
45,880
49,30230
64,91000
82,26500
57,86000
31,92100
50,105300
77,88300
52,22900
79,38200
69,71400
77,61200
58,50040
93,5550
57,54030
50,22230
16,12700
45,24200
62,36950
63,170
53,25500
56,57030
62,18930
43,49500
25,17550
27,18350
33,13420
24,61000
56,94130
86,23700
61,49500
65,44000
77,17100
44,36100
35,18220
38,13060
33,5200
49,45600
75,32500
44,9300
68,29200
54,42700
19,2930
30,42300
33,90100
29,32400
76,14510
47,37250
45,40400
64,87800
86,18100
67,26440
67,85000
93,7280
26,79000
34,33100
36,68500
53,16400
17,12080
66,31780
40,33600
65,97300
73,45900
33,1900
76,34700
48,13620
69,67700
84,15300
62,41050
44,10230
40,72150
23,20430
53,6600
37,68500
78,97300
72,24330
88,14900
83,5830
27,26440
54,1160
71,48200
53,77500
32,66000
81,9010
85,51400
68,54600
22,44600
38,36500
59,73000
47,24300
84,39300
31,58040
61,32104
25,47100
61,12020
58,33600
74,56800
68,12380
31,360
44,6600
51,10840
50,8100
51,25920
87,64000
24,21600
82,13000
65,34400
55,49850
33,2900
79,13240
69,51000
77,61000
38,47400
23,9900
42,39500
76,48300
51,5800
29,13800
60,940
43,21130
30,65200
52,40500
34,14100
60,42600
70,24650
52,55070
62,35500
62,47000
72,103100
77,12080
69,4750
77,7950
93,23900
80,90800
60,50900
27,20500
40,52300
44,33800
36,40100
81,54600
83,24700
24,45800
38,100060
28,19900
86,7280
54,99000
56,16810
55,66000
31,26800
28,6800
47,260
84,29200
29,60200
54,38400
81,27700
52,42100
33,29080
23,40200
93,31000
45,9890
84,75800
73,29200
53,14220
45,25700
55,30740
44,45600
51,14600
89,39000
81,34200
55,77000
22,10
22,10700
55,58300
81,75000
78,8200
44,79010
85,8600
61,26600
59,36600
19,16500
31,2100
65,110
88,28000
82,26400
85,33500
34,19300
19,5150
19,850
38,24100
79,82500
35,51600
76,1100
65,20200
55,56400
32,26400
81,7600
72,51400
56,48800
57,14400
64,370
70,11530
87,27200
83,80600
80,20300
86,12500
29,30310
80,69700
27,69100
38,31170
16,6280
53,48360
33,52200
21,25230
84,8004
72,35900
27,77000
25,26300
25,12320
28,47300
29,25800
45,64300
45,3500
34,45500
30,45500
72,90500
58,3350
84,3200
21,17600
60,9210
60,29200
61,24430
37,35300
45,36030
78,11900
80,2800
39,44800
17,19400
57,40010
54,21020
53,31330
49,22290
36,100
54,50150
49,39600
42,38600
83,45600
55,12020
51,46900
30,12620
85,16200
74,29880
81,20900
62,2610
84,8600
53,64000
58,33220
19,16700
28,33500
67,41500
86,41200
74,32200
52,68100
86,14000
52,75500
46,28930
93,49100
30,70000
30,40720
37,830
30,45520
27,87600
28,66500
93,28000
62,97900
43,58100
29,15500
84,13230
71,28100
19,30570
79,28400
42,36130
42,26610
55,45600
61,74420
69,54000
22,21600
77,53700
86,43000
46,800
45,180
80,23700
26,20010
36,65500
63,61600
56,7500
29,20500
31,1670
51,23680
69,58000
54,15140
51,17200
81,25850
31,19060
27,29060
59,40600
81,14700
68,4230
27,75000
62,300
82,29800
71,64100
83,26440
39,97270
55,30320
64,4500
79,29240
48,15140
24,60000
93,2100
70,24200
65,25600
60,700
63,20200
71,38600
27,32900
71,49600
62,18700
61,22400
53,2800
73,1500
65,74400
84,18100
62,46700
60,52200
53,26050
53,21900
59,33110
46,43700
34,15520
34,10700
16,12390
46,9140
69,30780
87,41000
32,30400
40,21900
30,7100
28,52500
80,1520
75,10690
32,17200
74,39850
45,16880
29,50500
83,48900
68,33100
63,28670
69,58700
62,9870
86,28700
37,39600
41,39300
33,14800
68,5530
36,14270
84,10900
74,45500
93,52000
55,87600
26,45100
31,12400
42,10400
78,37800
34,38060
24,48000
48,48800
54,32200
80,15500
38,75250
28,20230
76,50000
39,49150
46,34900
65,1600
71,49900
74,62100
87,7300
93,20300
42,22800
59,4300
73,34600
35,29400
36,38900
29,39300
28,101000
81,41300
78,37200
61,37900
77,28200
33,41500
60,59500
72,72420
33,19200
51,78300
36,39730
32,12200
26,37500
77,51000
32,40
66,32600
57,30500
41,10300
82,33100
46,28300
46,28750
55,88400
56,31400
59,2700
66,17870
65,12700
61,15900
42,37800
70,34250
67,50000
72,26600
25,48050
93,16600
77,43100
80,7860
43,36900
58,60400
40,18060
93,32800
64,75200
71,66000
82,53000
77,34700
35,27200
26,350
93,15800
32,20600
51,31400
85,29100
60,18530
59,92000
71,7830
66,66700
50,32700
58,37920
67,90300
69,59200
43,102300
60,22900
40,6050
44,70
88,28400
43,32670
77,25800
62,48500
89,55400
60,54500
58,10610
61,14040
82,49400
17,32400
70,14300
69,38900
62,7690
76,17500
36,31100
83,63900
70,21810
82,32400
73,42100
77,35400
38,41100
58,5800
65,6650
24,3600
63,16900
34,67100
33,39100
21,10840
86,1900
18,13400
33,15250
67,52800
60,27500
57,105300
54,13900
85,14900
82,32700
75,47600
52,18930
63,9720
79,17700
26,21200
30,60400
85,15100
49,74600
32,48900
73,76000
21,5600
54,37900
50,10600
22,420
53,104000
53,2230
42,18200
93,17500
34,20150
30,15150
79,16200
55,95400
55,46100
29,2100
29,50800
18,10200
51,35800
68,29920
69,18700
43,44300
87,32500
79,28300
30,50230
31,1680
70,28320
35,12010
62,920
89,6500
65,44600
39,13700
30,11300
77,44300
27,29200
68,41000
64,73700
93,34400
49,98000
52,16600
84,28400
89,28500
26,37200
73,24640
42,20060
65,79440
77,28100
66,61200
39,30004
64,75000
24,30800
24,53040
61,23450
38,43700
29,31250
36,32800
33,23700
56,91000
45,76020
74,42000
64,33700
30,16200
49,10300
53,15550
79,40890
89,28380
86,34900
28,60400
28,46800
52,45400
66,26200
36,31290
37,4300
63,31600
67,35800
44,9760
32,6600
33,16600
69,20400
75,10320
78,21000
25,49100
25,13400
57,21100
54,17900
48,19100
79,30100
35,45290
48,21200
35,38220
26,45190
88,39100
47,101600
79,42700
24,19400
79,21700
75,66000
29,13500
47,25300
45,47700
41,37200
37,25200
66,10180
26,12060
60,85050
38,43550
65,34000
53,37560
68,70300
33,65030
63,46600
39,23900
72,32400
77,23500
23,36060
64,100400
58,62000
82,74100
75,70600
81,7560
50,55500
63,45300
74,42300
38,25250
49,57900
93,5100
87,11100
87,40100
58,20700
69,5860
18,17600
78,41600
64,15620
86,8200
84,8100
41,46400
69,53700
40,100080
68,22300
62,70600
29,10020
50,50
65,6330
52,22600
52,62300
84,6100
24,450
55,27200
50,1700
16,460
87,16500
54,101600
76,52300
58,65100
56,23870
76,18400
54,31900
29,16300
36,50110
52,95800
75,12230
87,15100
59,34800
31,15800
33,61060
30,62000
32,50100
77,34650
78,86800
21,15100
17,790
18,2990
60,35150
82,6710
85,29700
47,25450
50,28550
73,47200
75,6600
20,4120
75,8640
33,34460
32,30200
77,54300
69,37600
35,43200
77,76300
51,100
75,17800
80,37700
40,38360
33,45700
36,18600
41,17500
39,33230
81,12840
79,8280
77,15680
35,42900
54,11600
68,39900
67,84000
67,54300
75,14620
35,47020
28,26020
45,63500
78,78000
66,46200
33,103000
62,61200
59,72200
32,65200
72,45100
25,38060
46,28620
44,28404
48,21004
63,23900
49,68250
17,2450
74,75600
74,70400
47,57700
65,33200
93,13100
28,26400
47,37200
41,95500
68,79500
80,26600
44,102000
33,38500
54,53200
31,31600
40,57250
39,80500
58,39800
24,31070
41,42060
78,32170
38,4700
31,31690
76,64000
39,65100
82,16400
64,10200
40,86500
43,45200
85,6900
63,21500
61,18900
93,37200
62,43600
83,86000
17,170
57,49400
31,33120
31,60700
26,31300
75,37100
68,23200
31,7800
61,74700
29,28800
18,84000
22,84000
22,95000
15,61000
69,68700
43,25700
69,46600
31,24800
55,54420
63,61020
89,8800
89,4000
73,64840
27,5200
46,70200
54,3900
60,26010
82,10560
73,6360
27,27230
84,36500
38,26210
31,52400
47,36900
59,26700
68,52600
69,84300
36,56300
31,52720
30,44400
29,23200
31,22700
38,54300
24,20010
68,60500
56,58700
64,27800
52,36470
47,16900
51,21800
38,59010
77,70890
70,11100
87,19990
58,35400
63,13800
61,10900
28,32400
69,85100
32,7450
25,25200
84,25420
78,9200
66,10100
15,18000
43,52800
64,22100
59,90200
68,64000
51,2780
50,3160
84,4620
39,28600
39,39010
22,12610
85,17000
85,15304
78,28900
64,31700
36,20400
38,21700
18,9190
41,93400
89,9330
35,33200
76,47670
66,24600
74,33300
45,34800
39,38500
58,60300
49,8200
56,12420
84,34500
88,8900
25,22004
41,43500
82,560
44,71300
65,31100
63,51800
68,21990
44,43200
46,11400
51,84600
73,5860
85,32100
51,11600
47,47800
32,750
66,43600
41,40050
49,100500
69,33120
73,27800
68,4650
68,65000
85,19260
55,71600
61,19650
38,97200
46,76000
86,57200
44,21800
40,11150
37,47360
65,51500
83,8200
38,2010
87,6700
78,11440
93,8660
60,10230
80,21800
72,22100
67,5450
89,64100
70,32290
68,32204
72,26800
78,32000
88,27500
88,13000
46,90020
24,1750
32,100300
78,40200
18,130
78,19300
39,57900
57,28120
44,62004
20,11100
64,470
67,2750
61,33800
70,40200
68,48600
44,4250
66,20130
80,33300
51,11200
40,44500
22,13100
83,14300
84,23700
85,23100
16,450
26,11320
27,15450
49,24870
85,40000
63,97000
49,75100
42,42800
43,9400
86,18900
72,14560
22,20700
48,65100
68,20430
83,34900
66,15500
63,16100
67,52560
60,17100
44,55070
27,25020
75,10080
38,32100
45,36800
26,3700
50,58200
88,3300
88,12800
41,80100
72,13400
54,20250
42,55250
51,210
78,36800
80,32730
69,3980
69,61320
49,71700
66,5980
41,44340
29,30800
39,66020
42,39810
85,10770
52,23260
34,55480
56,47360
28,28800
19,610
40,74110
32,23400
48,31420
47,29860
29,28400
77,3900
41,93000
49,6100
86,13000
72,43290
80,2390
73,35100
26,28700
42,43800
35,48110
54,70300
58,29600
40,79300
37,28200
48,400
28,12800
84,41500
82,16500
55,6700
64,6820
76,32200
18,60000
34,37900
61,36400
39,300
26,43710
42,60300
18,20
53,43900
59,53900
71,35700
54,20900
67,10400
29,25100
52,60500
56,57100
53,20220
67,15360
76,25800
30,85000
74,12640
60,21100
59,65200
51,85100
40,49450
20,18100
20,8004
64,33900
64,23880
53,89600
43,46020
86,11600
18,4010
31,21400
29,38200
57,45600
37,5200
65,26770
38,5880
37,39060
74,13260
29,170
85,27000
64,46300
64,2170
42,80900
42,17100
61,25510
34,4804
47,16800
61,60
43,46600
37,26600
70,31800
37,29200
52,45500
56,92000
84,49800
82,39600
83,13600
17,6720
29,30020
75,2000
34,28400
93,29700
65,6350
75,35500
49,49300
57,65300
82,36200
76,31410
45,20050
56,32080
83,26100
86,16700
56,380
70,53200
76,7890
49,7500
55,52270
63,34400
21,4850
61,49600
61,53800
83,13050
79,11110
37,70100
29,4
73,67300
24,100
76,84700
62,19110
89,11100
35,84000
74,22450
77,30500
50,22400
73,24104
71,7710
85,14300
21,58000
83,4700
89,5060
37,73690
37,34100
32,52600
30,39600
29,42510
38,45100
85,8500
59,36700
22,17240
55,104900
54,21100
78,14100
40,65020
45,15470
45,55150
38,33810
54,26500
51,4900
17,330
62,19440
56,50700
48,47800
47,45500
57,68010
60,2800
84,17300
89,71300
57,6370
56,10090
52,32900
68,11460
74,51400
51,45100
79,16640
52,25400
68,21400
25,3360
26,29200
83,14340
32,33210
84,23500
81,9950
46,44700
61,19770
42,35700
30,18100
40,38500
61,7960
70,5580
53,36140
54,26900
36,28950
35,47200
35,22200
64,35000
46,80450
29,20850
31,40050
40,39060
27,40800
66,8450
62,19300
62,58000
69,14300
35,45030
93,8260
32,55900
43,75430
44,53300
35,25400
53,30100
55,30490
24,26300
70,26500
60,63700
46,25070
18,904
47,21400
38,38010
48,18700
26,19300
29,43500
36,23400
72,35500
40,71200
70,51500
67,18300
66,17600
38,20900
71,42050
46,62620
38,73800
24,16020
47,29500
67,14740
61,26700
15,13700
23,36400
83,11320
36,43840
33,22720
73,42500
80,46700
23,30600
49,10700
63,78520
57,35600
45,19700
57,21520
80,68700
65,62300
34,43510
33,27700
22,100
39,88000
37,33300
53,45500
71,44600
63,58800
29,30200
52,90020
79,19350
72,26700
43,44800
52,1400
66,41200
30,44610
60,10800
31,26700
70,33100
55,32020
41,3800
76,1260
67,8200
40,43500
40,4820
46,37700
50,12300
80,14200
64,30600
59,8900
51,5600
23,27500
46,22996
58,50530
75,55200
42,25400
69,19110
41,33300
51,94500
54,53120
53,40760
52,77060
45,49250
66,60040
59,54840
87,16200
49,46400
44,66000
50,18900
17,620
32,65300
22,25100
76,25150
54,3120
38,25400
34,34400
51,25830
64,3650
49,52800
47,33400
21,13050
18,13090
65,97000
31,13840
55,43400
25,29600
72,39600
68,17840
63,10690
62,28004
19,4140
18,7050
87,35460
35,13300
75,8280
38,96000
68,25400
83,37000
85,29000
47,16170
51,35300
55,94200
47,48200
78,14500
73,25930
48,65700
77,91900
60,54200
70,34300
71,76500
75,29300
53,10200
54,30130
70,41110
43,13600
50,89900
38,32700
32,41250
38,15350
52,14730
46,66500
79,58800
23,5100
50,1400
34,58350
33,9880
61,50700
52,25250
57,32310
93,10070
20,2800
22,42800
33,24004
78,25160
31,21100
80,4810
74,84300
50,21200
67,52600
42,55700
36,12900
43,78000
45,40600
61,28700
70,9920
53,58900
71,19300
85,25240
46,32170
41,80030
36,6380
84,17700
64,53100
53,88700
73,24700
72,36400
80,42600
16,5100
50,29500
82,39700
53,43200
37,60200
89,7700
58,29260
84,36400
62,170
37,24500
89,6600
67,28800
69,11600
36,17604
29,76000
27,20600
39,40630
42,37500
52,58400
78,36000
67,42000
44,48800
47,37540
43,330
33,17400
63,47250
76,22800
72,6710
23,23010
53,25400
37,11900
29,49500
47,13500
76,28200
71,8100
49,42050
37,58240
28,23300
50,72080
39,28030
69,21900
59,63000
89,32100
86,54900
86,29600
51,28600
41,43700
80,10950
68,40840
61,4140
37,25600
42,28370
67,67300
83,58000
50,21100
80,32000
81,15400
52,104080
74,33910
77,10970
87,18000
38,58100
73,15460
75,92000
21,8230
62,28600
63,47200
30,15450
38,650
36,26620
80,22000
71,34400
68,30700
44,15500
87,27300
37,23400
39,28200
78,38600
36,440
66,77000
48,16500
87,31800
65,33220
24,69600
83,26800
62,1800
43,49400
46,51200
72,64300
54,33500
22,42900
47,48600
52,30
54,59500
30,32860
28,30220
31,16020
43,104150
41,85100
58,101240
72,3500
44,31680
69,14740
64,54800
40,74020
75,44200
40,35700
77,20700
68,2880
84,15460
37,27100
87,12400
18,16300
34,600
54,62200
86,50000
29,37900
65,32750
76,14500
61,29900
84,33200
64,13940
66,31400
82,1600
41,820
82,49500
93,9350
37,68050
40,11500
62,24200
29,12100
61,24900
61,10810
37,11710
84,17230
77,19880
45,32050
62,3650
31,30100
76,38800
62,91000
58,93100
65,1700
62,99900
44,65040
63,50300
35,39570
57,52300
41,92100
52,51700
53,64500
57,39500
48,25150
57,79900
82,23800
86,5800
87,6500
84,8104
35,26600
35,60200
35,41400
24,22500
67,30500
34,11700
24,25610
31,96000
25,18850
61,13300
35,4400
55,15500
18,14900
72,38800
42,4800
76,47900
74,26900
43,58110
59,95180
52,65100
47,14590
62,27600
57,65030
41,54420
69,54100
45,30600
64,40050
44,50150
50,40990
70,69580
93,62300
21,18600
81,13090
82,32850
57,10360
63,47000
61,32600
63,41000
31,32100
85,5300
57,78500
57,1700
23,21700
86,17300
36,30730
27,42900
34,24100
55,25260
26,26800
39,20300
44,75430
16,1030
27,12850
57,7100
62,11500
59,71900
67,350
56,43100
40,75800
23,26300
66,72300
73,13800
85,33740
93,84430
63,18910
77,27400
17,190
42,91400
40,1100
44,78000
67,78000
49,91000
36,48100
74,47000
60,49430
37,25404
62,22600
68,52300
52,60200
29,9500
49,12200
77,10500
70,53800
69,73800
22,46000
79,2000
29,510
67,45500
63,68100
83,5800
24,32400
79,31804
70,39620
65,49500
57,60
42,99000
53,5210
42,43610
67,70000
29,5700
82,93700
77,66700
73,42800
73,22410
41,580
55,25200
81,10660
82,42700
47,14700
43,13200
86,18750
80,18930
34,71330
70,26850
63,31300
79,51600
24,41100
48,29240
41,47700
59,20700
81,31100
80,17500
54,88600
17,1330
71,6770
55,50500
42,22010
54,13700
83,1700
49,19830
69,38400
80,890
54,96100
46,18300
70,10804
53,94150
51,1000
25,50160
69,38280
41,84050
93,16900
40,33900
46,33510
28,25030
69,10510
77,370
15,5000
85,18800
71,38100
44,60020
45,90200
30,14600
19,26000
89,20200
50,62720
78,47800
40,22680
35,54880
78,13800
22,7410
36,74020
57,26300
22,60
20,80
17,3540
46,40300
17,11200
62,35300
55,32500
17,8100
57,105000
93,30300
81,27000
88,22420
88,30000
86,4300
70,76500
80,600
87,7200
34,41700
34,35350
36,50400
72,14750
47,26700
44,55200
93,26100
87,16600
64,24700
60,6600
66,20230
66,5630
62,11740
82,11100
46,51800
79,3100
88,15560
45,50250
49,40600
25,48100
26,1010
80,22940
81,44900
81,30300
50,36500
45,23900
82,16980
36,4400
30,18200
41,91080
80,35800
73,64800
39,80100
18,590
75,2400
73,24400
36,34230
44,28130
76,12060
24,10400
41,18700
33,16300
77,12620
79,27300
74,9470
21,11380
46,35200
86,32100
46,29510
21,20800
51,23060
52,58300
75,9420
84,20600
93,53300
80,8980
78,1100
79,12940
41,5504
41,25300
55,36100
84,19500
60,42500
60,6900
60,8830
51,91000
78,40000
31,30020
59,6480
70,40800
58,23800
88,17400
54,14900
29,41630
63,77000
27,16900
83,7210
28,84120
29,7100
25,5200
74,31400
20,45000
72,6900
49,4250
67,70500
79,10650
71,520
65,25930
31,44700
69,8530
41,28900
82,1700
51,73060
64,38100
78,28100
34,3500
50,47750
48,46400
18,1850
44,550
83,25800
80,8920
80,4300
79,25700
76,3100
45,59060
43,56050
46,21050
18,810
51,40740
61,78500
45,37700
68,47600
52,650
54,73400
65,54800
81,7280
76,58670
74,25100
34,28030
50,6350
42,59500
58,21800
55,7800
83,7800
93,27500
61,9800
40,7400
51,101000
85,16400
83,23800
65,43200
66,26910
31,22400
81,36800
37,38950
42,24100
63,83800
57,11820
23,17060
60,37700
42,39020
66,24400
19,13600
67,32640
68,11780
70,63800
64,38000
15,30000
52,28730
54,55900
68,28670
33,56250
16,1350
34,34010
57,23750
32,24400
34,42820
93,12700
83,4900
58,19600
78,58800
69,11120
38,49350
53,73400
41,29500
27,50500
45,59600
26,18790
30,18500
74,59400
58,47130
26,21270
55,40400
78,43600
72,24300
31,650
55,25300
85,500
46,55270
69,72000
50,55270
18,5120
46,27600
27,39560
61,45100
81,3300
33,75800
64,20600
83,14500
28,8900
45,48500
55,8020
53,30110
27,32580
33,37290
43,43500
31,27430
75,42100
64,21500
80,81230
79,4830
26,27800
50,62100
46,17900
49,7800
88,15410
56,920
55,95870
68,22200
46,98000
54,60004
54,15004
30,11170
17,2340
80,8300
45,17880
54,90450
76,6400
71,61000
73,12500
45,54500
39,33400
35,40100
60,92500
50,101500
74,31740
19,19700
51,3200
87,42500
59,44030
59,66200
60,33300
78,2700
85,11000
48,89000
35,48400
93,83900
40,28800
35,14240
28,27400
32,20
24,5900
58,93700
29,25020
67,33300
64,23690
26,44620
69,53800
75,45200
30,52040
89,66000
77,18200
75,28600
21,24300
76,23600
65,49300
56,103340
35,73000
51,86000
40,2800
49,68120
60,27320
60,41100
87,24300
36,22800
52,43600
62,43200
57,42700
48,35720
42,100100
80,38800
75,12950
42,54400
64,63700
27,7460
49,82000
74,8300
16,1104
40,42600
35,44900
21,8400
87,12100
75,23800
57,46100
31,54390
29,48790
57,96500
51,45120
88,54400
61,23300
25,19700
29,40004
72,66000
69,24370
68,5810
51,29240
58,82600
33,29600
30,45020
86,54700
39,81070
20,19700
54,28350
25,46000
58,21900
62,53600
52,48120
77,8190
22,18600
32,59250
31,31800
38,10900
60,34100
51,34100
61,31300
77,27340
62,40900
60,6700
22,210
60,22050
50,150
88,19300
68,8404
60,43404
22,10600
62,60100
40,50900
44,45020
51,30200
69,45740
86,21600
82,3100
85,1100
57,40800
59,78200
54,33100
88,37100
25,37300
23,14100
85,28400
77,40500
59,19900
52,40340
62,6520
83,38280
87,10080
84,63100
81,23440
79,22220
33,57100
75,23520
67,4620
57,24500
40,69000
86,35000
61,98000
84,34200
57,9100
39,18360
52,42400
67,10480
64,6480
40,57400
56,51900
33,30560
60,16400
63,21200
25,24100
53,15300
47,60100
81,54000
37,27700
46,10900
58,73000
78,39000
60,10090
57,23790
62,57400
63,51500
53,79600
80,56000
52,80700
74,36440
78,42100
67,21000
21,8080
29,28150
41,55060
32,53210
72,26100
51,11880
68,26500
82,4300
19,5170
30,15290
35,7380
75,58500
62,28300
61,16970
85,34800
75,30400
64,16600
57,18040
48,26300
45,32300
71,28600
36,530
55,32300
46,104800
33,4
93,14800
33,50640
51,30600
80,12300
52,56320
65,36300
62,350
42,45010
34,1800
42,79000
35,42200
67,18600
52,74500
50,33200
39,83600
70,30800
44,19700
43,90020
78,41100
52,34500
33,19300
52,29900
20,13700
83,18500
81,43740
78,32700
51,64210
60,17900
70,41300
70,26800
58,1200
62,19400
71,9760
28,23520
30,35550
55,26700
49,96000
83,23400
63,21004
80,14050
36,65060
32,8300
48,7730
28,32060
23,7700
36,25050
40,40030
70,800
60,26130
41,11500
62,26860
80,27600
72,9630
74,6820
75,65160
35,78200
21,1650
20,10010
31,19040
21,32600
50,11400
42,25310
26,14100
75,6820
30,13200
57,18010
37,78800
42,8904
16,11700
53,29900
33,23890
23,18700
34,38910
78,6240
88,14800
33,31400
51,40800
55,900
33,72100
24,26900
27,59000
27,4400
29,71000
61,10070
62,22300
55,96000
60,12440
46,11800
79,10100
44,28800
40,60070
40,46500
85,15500
80,13100
23,10004
20,20004
38,52800
33,16910
24,16900
41,47500
31,740
33,48900
68,20200
67,23700
48,39200
36,51200
26,9520
86,20700
22,8200
40,2890
38,32530
47,7600
15,860
21,7700
42,47700
18,2050
34,30020
34,46800
86,64100
24,12360
21,15010
51,37700
18,4690
50,34010
32,40400
83,9800
24,4040
32,15800
16,8700
27,10200
19,4620
31,550
61,37500
27,42400
41,23460
27,41400
47,46500
40,6300
19,25500
41,22400
28,17700
27,4680
44,43300
50,12400
28,27800
62,640
31,36030
31,37500
29,14020
56,27230
25,10400
44,76000
46,82500
58,17500
22,14600
30,57000
61,17900
58,41900
68,9990
62,31800
34,5400
74,15450
58,33530
58,16830
32,48100
50,20110
65,4100
46,45370
45,1400
89,26200
30,47800
54,24310
57,30630
79,11230
46,4530
42,30150
68,92200
22,29500
30,10700
42,33450
55,61380
29,47000
35,620
66,36360
24,18510
43,43200
17,1504
47,90700
81,13000
29,95200
86,19800
47,35200
27,10900
58,38700
87,8400
18,9650
26,20500
23,30300
35,18700
24,28500
21,34600
32,6900
57,34200
22,36800
24,14800
24,29200
56,47050
47,44800
80,31400
50,57900
36,45900
55,7700
58,8500
74,35000
38,17860
42,22060
23,12890
50,11050
25,33504
23,20300
72,30200
32,20010
38,8010
21,560
21,22550
21,20900
87,4100
30,96000
28,230
72,21150
77,13100
53,4200
50,4200
76,39360
29,31340
47,20800
76,39400
45,65300
89,13800
60,51100
57,66500
40,36020
31,43400
28,39010
40,13700
32,77000
23,660
16,9230
58,82200
35,70600
35,29290
61,55010
46,60100
32,31800
23,4600
20,21100
45,14300
35,20700
63,58020
51,45250
47,940
74,65100
37,92500
35,7600
48,76100
47,22400
22,54000
35,57060
40,23700
56,52020
21,14230
53,79200
56,19800
48,49200
79,65600
48,41300
51,20740
44,51100
72,49300
56,41300
52,16960
27,16300
45,20
50,34104
51,49500
50,49500
39,15670
71,17320
47,89440
55,1330
22,24460
26,6400
22,33100
58,40900
49,40250
42,630
19,7004
54,4300
33,34700
35,13810
77,29500
61,2700
22,3100
45,4100
33,9400
26,16700
41,56900
18,420
43,69200
16,2850
31,200
45,4790
31,50010
23,41200
43,69500
56,17900
54,43200
38,41550
46,6510
61,44900
31,13040
54,12800
28,290
33,39700
26,3920
69,1100
27,68000
55,2300
26,19600
62,43400
24,22600
25,54050
21,9200
80,40000
77,890
30,31120
44,26010
44,63380
49,27500
45,40010
35,65500
55,32090
66,45350
53,1700
50,30150
48,10100
20,4310
19,3410
60,58000
30,23060
58,28100
65,77090
20,43400
63,9440
39,310
31,3500
58,3200
81,19140
74,5160
27,22210
27,45180
40,14200
19,27500
18,16700
40,15750
63,28320
37,38140
46,6900
43,27080
88,28500
25,21830
38,23200
27,32020
27,3900
47,72670
42,52690
41,29290
63,27600
21,19800
23,480
19,70000
23,20050
35,40040
44,89000
16,2760
50,28900
25,28720
83,10700
64,37400
57,18600
27,60200
18,8720
35,36900
59,94000
52,43500
29,70100
28,22010
22,15160
33,30020
19,19500
85,72100
85,2200
31,18450
31,45600
59,100500
20,8600
42,33340
50,6110
24,20400
75,20860
41,2050
40,12700
45,29900
26,25160
29,36900
30,22840
34,39500
25,28670
19,28800
52,99000
57,63700
33,9700
30,4900
24,53000
33,25200
29,32470
51,13100
57,3180
53,35100
38,45150
70,15530
41,61990
50,3800
42,32400
73,20680
19,24600
50,101100
22,12180
19,1320
33,39500
45,40500
16,940
40,4780
56,19600
46,50
46,1660
39,40800
37,63500
47,39200
19,25100
38,34930
33,31260
33,36450
42,51050
67,86800
62,40200
40,52200
38,48700
74,7800
87,22700
69,4670
61,43700
33,5004
57,120
36,36200
39,29004
23,50000
75,40600
54,9940
51,78500
22,37300
49,49800
28,43700
62,29000
40,29004
24,29300
35,40200
41,36050
24,44540
31,960
16,24500
61,47830
45,7040
21,43200
56,101310
53,12800
42,46250
15,3200
54,23400
28,27100
26,460
29,41400
51,22300
32,64800
38,19400
25,8800
22,7300
16,13600
37,450
24,27500
74,47400
72,45900
58,540
20,29700
53,32200
42,62680
16,4050
54,34440
19,14500
48,70400
57,38300
47,5800
41,23530
33,38050
31,25230
17,1720
62,26900
55,40130
21,10300
50,21800
74,5680
93,10100
54,67100
53,4890
72,30300
60,52900
43,57700
49,65500
89,17500
31,54440
45,35300
43,550
37,13600
49,49500
61,18800
32,48700
87,39020
21,14700
27,19100
57,83600
18,15500
16,590
25,36400
23,25920
30,37600
54,22600
35,28200
15,4900
24,2550
64,29230
55,39400
31,37400
72,48200
35,36150
48,75700
15,104
52,40270
46,38190
39,9740
43,75500
35,17250
29,70000
35,62410
42,25700
49,42900
40,26100
15,7200
81,28900
54,89440
49,34440
24,14880
38,740
76,32800
46,48580
20,15730
58,33190
45,33050
40,31500
36,42550
35,32300
28,3770
26,27050
26,77000
53,14080
70,17180
49,32100
48,34800
34,3800
79,66650
47,57100
37,48150
78,15050
51,14050
74,22400
63,48100
66,21300
49,1150
42,64800
87,61700
79,19500
72,5690
60,2900
20,33400
25,15080
81,18000
59,7160
35,23410
62,13940
82,12100
38,23500
26,19100
83,12500
24,27600
50,5100
23,2060
40,35020
25,8660
21,8720
40,56200
22,16010
37,51400
49,20740
43,9600
25,12100
46,52400
17,1010
80,25000
56,500
18,1220
33,19040
80,15100
20,14020
52,80490
61,13200
24,20250
50,46240
23,30700
70,12440
27,29400
59,30400
58,58600
53,29800
60,130
48,37600
24,19500
19,13300
74,14480
21,17210
47,67030
58,84800
32,91000
60,18850
59,95000
28,5920
19,53000
50,44080
46,45080
19,3380
35,22700
57,3550
31,32400
80,6610
87,18100
25,20600
37,22400
53,73650
53,57400
30,78560
24,50040
39,33070
35,50040
20,21900
51,39800
22,29300
26,66440
22,34200
34,34150
46,46500
44,38600
25,8400
23,10130
54,76100
34,21700
47,13450
44,48780
37,6600
28,9190
32,23100
27,34880
69,25450
52,45250
32,23130
64,1440
61,36900
44,14020
19,38800
57,39200
37,49500
21,8550
32,27020
39,160
88,12960
74,95500
63,36130
30,850
47,37170
31,22800
54,49500
32,10800
40,41800
24,38010
24,42900
37,42300
30,84800
19,6450
56,35300
28,3400
57,38600
27,35560
31,34600
20,17300
31,47100
44,23120
27,47900
27,810
85,30900
30,24900
22,44720
46,29300
69,56300
35,20770
27,7600
63,52100
40,16160
68,20760
30,9100
66,41100
30,66000
71,65900
35,80500
52,56500
24,18040
62,430
47,34650
41,36700
66,62500
61,21400
46,38020
46,5600
84,50100
22,8300
46,32600
43,60
27,28800
46,33540
40,13870
24,26400
49,80050
36,57300
72,21600
51,11050
47,59500
46,92000
17,18000
86,6200
48,31500
80,17810
80,25500
42,31010
27,19400
31,53600
49,57800
80,50400
37,49100
18,4004
45,10910
29,5800
52,55050
77,74000
52,13800
17,1890
22,400
75,46900
25,52010
38,24300
33,27030
25,16440
20,23800
33,26800
83,42000
58,25010
38,40500
66,27130
55,22630
25,1640
24,14300
47,190
34,18630
64,16700
65,39200
76,29504
26,39500
27,57000
39,71800
21,24230
40,36500
25,22300
68,37800
68,25900
28,30
45,54200
26,50160
56,23100
30,22100
41,45400
41,28050
18,3010
60,1680
88,13800
77,10930
43,35040
42,80030
51,69030
51,23700
23,14900
22,9700
21,41000
29,16600
61,63600
31,19600
33,49100
30,105000
44,43010
40,47810
40,57150
42,22600
27,28100
35,2850
40,68400
93,42000
44,83200
30,660
22,26500
56,33020
59,54800
46,50340
20,9430
17,2970
60,47830
35,42300
66,51580
93,57900
32,42530
33,20310
53,23600
69,21100
61,3100
30,15210
44,39600
88,5900
65,38650
71,4120
93,12800
24,2800
24,13980
40,27400
42,20200
64,8720
46,74500
43,43350
47,47400
36,26020
39,22300
47,27400
25,33020
61,14900
68,15900
24,11600
36,8400
73,27600
66,25500
32,4700
36,29650
27,19200
59,71500
35,37020
17,110
63,50800
48,17900
76,35210
64,11190
44,2840
83,97800
52,2300
67,20900
78,3280
31,680
31,46800
89,9900
63,95000
54,47500
17,13200
43,33300
19,15500
53,6560
30,3700
34,5750
49,16330
40,29060
76,35900
42,480
72,26130
65,26200
75,6010
49,55070
20,14130
59,24300
85,7450
77,20900
71,15550
76,34000
89,9400
56,38600
28,26300
39,50700
47,52800
70,88170
61,32890
59,24990
93,660
39,42700
54,70600
49,75600
87,29300
88,22900
50,12600
33,97000
30,40890
89,35500
86,2900
40,4800
20,14600
46,21690
57,33004
83,26400
31,36080
56,29880
50,40100
58,3900
85,2000
54,24600
69,40500
50,36600
50,22900
68,32550
49,26360
61,16400
47,59200
36,25020
82,6600
88,82900
74,5830
62,30540
22,19400
56,20600
41,74140
69,35300
68,60000
42,30450
35,51400
44,39500
49,8204
38,38700
88,25200
28,220
55,8700
41,27500
36,39090
80,8750
56,8520
45,40700
46,32700
50,17500
43,12020
26,24020
44,64250
34,35200
81,38300
62,470
40,20700
49,65800
26,40300
34,10600
28,11600
81,14100
93,64800
55,9570
23,25200
27,12300
46,23050
20,6740
28,700
69,27900
59,9300
52,32100
37,32050
28,42100
28,38100
60,5970
28,29700
78,16810
41,30120
22,11300
71,51700
46,13800
56,88900
56,13600
43,38400
73,52000
83,64000
48,6400
30,4090
68,17600
53,31120
41,27270
18,10700
38,22900
19,72000
78,13400
69,37700
93,47600
80,6880
76,17400
25,26450
80,18700
56,90730
42,44600
75,36800
59,14200
29,1300
38,34880
70,8220
16,620
27,310
43,27530
39,78480
80,37900
39,60250
27,38200
67,8800
34,4170
86,36700
47,5020
72,11410
50,52100
16,11000
19,18700
53,18300
93,30800
93,24700
30,16800
29,6500
88,11400
19,4440
78,43400
75,27410
75,22100
42,18100
58,6604
63,66300
44,53800
37,130
23,22300
77,58400
46,17820
54,1700
67,9410
50,7080
53,73500
82,2400
52,46900
79,24150
88,11100
25,38500
21,28600
22,32700
88,12100
24,23010
85,42000
86,12900
25,19400
62,24
74,58520
77,7430
38,49600
39,100400
39,49400
23,20600
22,80
43,39600
28,31300
24,43400
75,2500
60,8770
56,32110
31,53000
37,21200
17,12600
52,14300
69,92480
59,140
53,43130
30,39800
58,10900
55,56300
34,29600
41,1400
23,8900
44,5500
47,30060
66,3500
67,19980
49,20800
36,33120
29,32220
16,12000
84,40050
88,84000
85,17200
72,21640
45,65600
23,7600
53,37500
40,23800
52,42700
50,39620
18,5010
54,60200
28,800
54,11640
53,90100
35,43500
71,54100
34,65250
29,37600
43,21680
88,17000
60,71000
69,35200
24,250
68,94000
66,16480
39,6310
69,72750
36,10550
51,30400
59,98000
55,16200
16,880
85,31800
37,18900
84,44580
39,800
79,91100
38,76004
45,8600
52,23200
71,77000
41,24200
61,6360
29,900
28,46400
18,100
31,40100
37,8380
18,15200
53,65500
52,28900
76,46900
25,50600
42,13290
20,15150
46,19100
44,34900
16,5520
86,16100
35,1700
60,29800
33,31500
46,17700
62,21990
62,5640
40,35220
57,41900
40,450
58,37980
38,25900
15,550
35,15600
52,47800
39,25700
34,65150
86,1300
70,29600
28,10440
70,55000
88,19400
60,86000
50,21750
52,5100
38,18200
20,12280
49,103000
52,30700
83,15090
46,9510
45,6770
43,16800
51,100100
43,94100
79,90800
52,78000
20,24900
78,60500
74,40900
66,8670
44,840
50,90400
64,67200
82,15500
89,39100
40,14470
21,11010
28,32100
61,23500
28,29400
28,9200
26,34500
24,31300
65,69150
77,46700
43,55100
67,8250
53,41500
27,44100
67,12100
34,45004
66,72750
56,8440
64,48140
40,20200
40,1700
28,3100
56,35200
20,730
82,16100
85,92300
28,8700
53,9760
27,19450
23,19450
72,24240
57,57010
63,19910
32,35500
55,29880
68,35400
35,45500
81,1000
21,18100
29,19900
50,39550
60,40450
28,34500
59,450
39,26100
29,25950
66,30930
60,3400
42,27220
27,1240
28,83200
25,50800
43,35630
77,27900
47,46280
53,20150
51,34250
83,25300
84,43700
84,27750
76,15850
75,13480
51,86100
67,20320
87,9700
58,9300
52,25670
19,33300
56,1530
65,33520
28,3200
28,260
42,21800
48,33500
60,7900
31,21010
30,21300
39,55500
23,21200
36,62150
67,51000
70,38500
28,18700
48,55100
49,10100
69,84800
82,23400
55,58000
28,3800
29,18200
23,9780
44,88900
45,38610
35,62900
57,27100
84,18300
63,52800
21,13010
85,39900
47,45900
42,30800
60,50390
37,5100
34,11520
42,33300
83,46100
53,41630
28,1200
89,74000
76,18930
67,15050
74,19750
56,25300
36,47100
64,28830
86,46800
30,1300
52,5600
44,22900
23,7190
58,50050
37,24800
37,10540
19,70
58,2600
51,31600
66,36200
23,34150
77,55000
39,83120
51,18050
23,7800
37,49600
32,10300
82,6640
19,12400
48,9100
15,780
26,1160
23,11900
63,30100
52,12550
48,59050
44,4580
66,34740
49,25050
75,43400
80,27050
31,24200
38,36300
51,77000
41,8900
46,91000
70,74200
32,1800
82,8960
74,8420
67,40600
67,45400
49,82500
35,18400
78,58200
81,38900
39,32530
56,6240
22,31200
31,13604
87,12500
26,32700
64,66800
76,70900
88,22700
86,7400
19,3904
28,16350
31,32800
25,8700
40,39040
48,20500
77,5480
53,20900
53,550
15,60
48,1100
79,43400
21,7900
63,57000
55,14200
43,6740
42,18300
46,59300
50,71000
51,44300
47,11600
49,13500
66,20300
41,10100
34,11150
26,24700
32,11410
88,13380
33,49800
25,32800
84,25300
39,52800
49,30780
49,38800
29,23600
31,14500
80,22300
46,8200
47,33800
23,9004
16,440
37,30700
81,16500
43,54200
39,13200
76,41500
75,42500
51,20320
79,13800
64,9150
24,31370
69,29130
58,51120
52,12004
26,49000
76,101000
76,51100
49,900
51,6700
26,1300
44,1180
39,45300
60,22500
76,24200
63,30870
18,38000
42,1900
65,23700
44,98100
65,9720
30,10900
27,9700
37,53100
28,36400
43,8700
43,29700
29,19340
57,17010
85,14800
28,15300
70,30200
33,27600
25,11500
85,39200
75,10510
43,22700
69,55500
54,71000
49,22600
70,27730
18,5070
89,33200
46,23300
83,1800
48,49300
52,4470
37,10800
63,57200
62,710
63,14070
54,10300
37,8100
42,2220
39,9320
66,200
39,10800
31,47500
75,43000
35,20160
31,25460
84,32200
47,52060
63,27200
21,28670
48,22200
40,6700
29,6510
60,65100
87,14900
39,32500
53,51830
31,37750
36,71000
67,12400
42,170
32,18300
36,40050
53,42410
22,20300
37,200
51,12100
79,3900
78,24860
34,22504
35,17300
84,17500
28,12600
35,8500
26,40100
58,30150
76,21300
87,83800
54,36310
48,32350
34,42100
68,21750
78,14800
40,21400
60,82150
51,44740
67,34900
31,14700
24,300
38,15900
18,39800
36,61500
38,16400
70,53000
49,10150
27,22700
25,11900
62,32500
49,30
72,12180
74,2000
71,48700
18,310
60,79130
29,10800
61,14800
85,5800
63,18100
85,15490
42,60250
54,2100
60,10300
74,56900
76,75100
34,8010
93,13150
39,11400
51,7120
40,51400
41,75050
73,21800
19,8480
88,6500
62,50200
44,610
47,27480
31,6600
52,13250
48,51670
22,660
41,65300
25,97050
50,49890
76,11210
28,15100
27,31610
57,27500
44,20540
36,8500
57,84000
19,14900
38,29100
84,27800
42,10540
40,34700
25,38100
43,2200
32,66050
27,30004
38,48190
85,32600
47,9300
24,40500
57,19400
19,11200
66,66500
34,1350
30,57630
55,31900
57,87000
27,66000
39,26900
69,68550
61,37070
22,20200
26,15810
30,19400
55,32700
37,14800
59,48760
59,2110
20,9230
28,27004
54,37120
43,56100
38,8800
37,31100
24,12600
51,16510
50,77000
47,2800
93,47000
93,24400
25,4040
45,15500
47,8200
55,27900
44,32200
29,40800
30,36900
50,41300
54,51200
56,47500
28,4930
30,970
88,23400
71,47600
57,68300
26,900
64,21200
58,19400
38,900
16,8800
45,49150
40,18200
52,45060
23,15010
22,15010
58,48220
55,45400
18,55000
34,68160
63,36010
22,28500
20,28300
19,60
83,10950
17,25000
61,45250
58,20250
47,26110
67,78200
24,12400
34,65300
68,85500
54,21604
37,23200
87,20700
46,79800
56,12150
47,36860
42,47500
16,5050
50,42150
46,10340
41,18400
79,33604
55,13600
70,39870
88,15740
87,30270
66,14610
17,17600
28,18600
62,54550
61,41050
87,17130
81,3200
68,34600
50,50820
35,15300
37,4700
51,32600
89,14900
70,41000
35,6900
32,3300
29,25130
87,22000
38,17220
26,103600
52,6880
87,7940
33,36200
27,17800
81,9760
37,29960
42,21650
61,6400
44,29100
85,17130
43,45550
63,36920
58,24400
27,10140
28,20600
43,20200
65,83300
71,29520
18,12100
34,32880
26,30004
41,16100
23,40560
46,35070
25,76000
30,640
56,29500
29,21500
58,66070
55,27020
87,31900
68,20780
28,2100
45,90150
93,15900
52,20010
51,22400
76,10770
40,21480
55,120
56,40020
47,7250
75,36700
21,22600
34,40320
53,49510
28,63110
28,20040
59,32900
34,9320
45,36010
50,20620
93,49700
24,3110
42,9100
40,58120
78,30640
31,13900
69,103000
43,44730
70,28000
83,10650
50,62800
34,77200
42,42360
19,60000
28,23050
57,46660
66,70000
28,21020
36,44600
17,11400
34,23400
46,78500
40,78720
45,36900
24,8280
22,20120
36,6600
63,19400
37,45070
31,105200
30,40200
26,25400
56,26300
27,31010
77,37100
53,90500
46,43300
40,10
26,8300
29,105000
35,40120
55,91310
53,88310
49,10500
61,62100
46,74900
75,30500
55,11700
55,23730
30,29010
93,14500
47,32050
58,40090
50,25600
47,2600
70,64900
43,2600
48,33804
59,31890
46,56100
45,57480
35,5420
37,33720
34,2700
48,27470
53,22620
20,6104
55,44300
30,4440
51,21200
67,32700
18,490
56,6330
29,9150
24,17100
44,46500
27,64050
72,23090
52,61500
64,14370
74,38200
39,31100
88,37600
17,16300
74,16400
73,48000
49,31700
81,31720
73,14500
93,39100
37,13670
76,36900
33,17300
74,30500
76,41400
40,53200
79,18660
86,4900
43,310
39,21500
23,29504
34,12504
80,41000
82,8230
68,100000
53,35200
29,32190
81,32960
33,48100
39,18630
30,18900
75,27580
40,74500
63,92900
46,84700
87,11360
24,34900
70,15900
87,12404
85,3200
57,55800
32,5430
30,22800
16,16500
23,22600
75,35400
36,15830
27,11010
48,17110
21,2440
45,14500
25,40200
74,57730
68,63400
66,37300
60,27020
59,91130
69,23090
48,28900
71,52200
28,26800
18,15900
87,8230
42,380
56,17050
88,30300
54,6050
59,20100
32,23710
63,1420
47,11700
53,102600
53,30400
58,54900
80,19010
73,22100
61,82000
19,73000
54,38360
77,44000
24,25020
80,27400
66,56300
78,2800
37,36400
38,58800
59,30700
79,47100
40,50050
79,19930
73,15710
81,10090
39,35250
35,30080
37,23050
32,40900
73,13360
58,47900
20,560
63,103100
18,9060
93,19400
32,35150
39,98000
69,14700
86,1700
58,35800
67,57100
37,16920
67,65300
62,62030
58,43210
54,38370
69,19070
35,59900
25,33400
64,24600
48,13270
30,30060
39,42200
62,17110
60,86200
34,510
57,68500
40,35830
44,30300
59,31800
67,5540
47,21700
71,65300
74,43000
32,25800
39,32050
20,31600
72,17840
39,37400
58,20740
31,36020
35,100500
53,60010
64,14100
29,91000
29,73000
26,19400
83,29900
25,25700
24,18020
33,16900
52,56800
16,8910
41,15600
27,36500
22,11240
50,110
24,11080
85,660
35,4600
33,530
40,24030
42,8990
18,17000
60,21300
29,77050
35,1760
28,24400
78,10440
49,4100
49,31560
57,28600
47,22800
79,18670
78,9500
76,20300
33,300
39,41020
54,10850
43,26700
63,21520
64,30520
27,14700
30,47030
78,16330
41,33540
43,41800
29,33170
29,14310
28,11400
27,45320
46,4100
69,91800
27,34600
48,28320
20,32500
59,33400
32,35100
63,70900
47,44700
52,54200
30,16320
23,18800
58,60900
72,22900
16,21000
30,22040
39,33900
39,48404
47,26650
53,30130
33,101100
55,30980
51,71300
57,46900
58,15780
39,32700
81,19820
37,8600
70,42100
40,22970
87,17710
67,14280
60,970
73,34300
48,30300
34,13400
36,24980
77,34300
67,93500
40,33500
80,11800
47,23200
72,28700
39,93500
41,35120
61,68500
23,23600
50,11300
60,25800
37,8700
52,70860
24,44900
73,55100
68,41700
63,12900
46,29100
24,27300
44,19100
36,52790
34,41300
85,14700
23,19800
87,12080
67,35400
88,10500
46,33700
30,17400
36,51080
39,11600
27,101060
51,38040
19,19600
42,90070
41,740
44,35300
21,7800
79,35200
41,52200
86,34800
43,7700
52,11800
59,25300
57,65800
67,48000
36,17600
76,9870
56,710
47,56600
82,39100
81,7090
50,38710
52,78500
41,68400
69,34300
36,30080
26,23010
43,3030
34,34220
36,36460
27,27200
25,11700
28,37900
37,33910
44,69400
50,1720
44,28300
76,17200
17,21000
54,38600
84,44800
75,20900
52,6400
51,102000
78,38200
17,5420
46,18600
59,55800
46,12600
84,35700
54,24700
33,8100
73,74200
30,8990
68,18130
31,77050
83,48600
39,8760
39,35060
93,17420
29,14800
45,7810
46,35040
36,65200
31,32040
67,54150
52,82000
49,20170
65,34100
41,23500
59,83000
51,10800
53,1800
28,31450
24,22620
62,790
54,17260
20,18400
50,89100
34,44000
19,19200
61,17600
93,44100
56,30200
77,13110
28,5200
78,40100
58,10520
64,450
76,20040
28,68000
28,24600
33,34600
31,30600
74,71500
31,21800
26,35540
30,90400
41,4380
20,19400
93,25100
60,14110
18,690
83,9610
24,25800
41,39600
76,10030
45,27800
28,34770
25,19040
45,43800
56,29100
50,26904
47,20204
37,50040
20,930
36,46010
53,20004
83,33000
66,12900
68,37200
83,50200
53,47250
37,16700
28,12900
30,46300
47,39500
69,59400
78,39700
48,30200
70,57400
30,35150
24,23500
84,63600
59,28600
76,23200
37,8800
53,49670
41,8600
93,17400
35,42790
64,41980
33,20040
51,28410
41,29100
84,21000
40,30010
79,11300
28,41800
79,26700
48,6500
15,14400
55,45100
74,30600
26,67000
70,34740
72,1850
46,19500
80,46800
55,960
22,19300
85,25000
88,8100
25,38080
26,39050
29,31800
52,59300
64,17020
48,55080
59,29290
39,59050
43,36800
20,8700
44,36400
44,49100
44,9800
76,33580
47,13730
71,68500
72,64400
32,24900
36,93500
42,35100
80,7000
43,80350
38,63020
24,850
55,20040
16,23000
87,37300
34,52100
53,37100
60,5100
36,27100
71,1600
41,57500
28,40700
64,21750
31,12140
78,53500
25,43500
75,54800
87,20200
56,39390
43,76400
38,44800
44,50030
80,44200
67,31300
19,31300
55,25700
39,20600
69,33900
59,101000
16,2940
30,23560
29,15300
26,53830
68,54400
39,90100
36,78600
30,16400
78,10030
80,32200
86,13900
45,1220
42,8060
78,60000
46,43600
53,69800
16,4900
76,52900
70,35600
81,14600
35,1060
72,30000
18,1840
56,41500
50,10700
25,2700
28,14200
51,38600
79,1400
18,910
42,59400
40,5900
48,4400
78,8640
88,11004
70,55500
77,9970
26,16600
24,15090
24,22100
35,6500
41,10800
34,3900
27,14900
16,10400
86,38700
25,19300
75,9040
54,35600
39,24200
38,45200
45,92000
27,600
52,37100
16,10700
79,29400
80,44000
29,6700
20,15380
75,20700
89,11200
69,61300
37,1900
32,52030
28,630
52,44300
32,18200
65,92200
83,8000
31,2300
25,10640
32,24130
76,10200
40,900
56,6400
80,14090
39,960
18,28800
31,1250
44,33200
42,20700
19,49000
68,9850
36,3300
59,15790
56,24350
29,29900
44,41610
18,21700
31,17200
78,10150
41,2700
22,21400
20,11200
20,39000
28,2600
51,10700
56,1400
32,6560
82,40000
77,40000
54,38030
50,2420
79,25420
48,62600
63,3900
80,33100
76,35800
25,870
16,10100
33,57200
41,1300
26,50020
19,21600
50,30200
34,804
84,3800
29,22300
71,39000
80,32100
16,470
47,20900
48,86020
50,6900
62,34800
78,31400
41,5100
43,16930
72,31200
38,10600
26,47200
55,30400
48,12700
56,27420
47,280
43,70100
89,5500
35,41600
53,5240
54,3300
37,34300
33,56100
30,11700
66,11950
28,7110
22,6300
33,16954
48,46580
28,280
65,27400
60,20180
79,6600
57,3744
45,13900
71,44900
43,7900
40,5700
39,5200
28,31030
25,15900
34,4900
26,10900
64,940
60,11800
73,20110
70,50300
49,2900
89,62000
59,13800
44,15200
69,6380
53,17800
66,48400
39,6600
41,6080
33,18900
58,97000
52,4080
85,13480
51,33690
28,86000
26,3300
32,6390
32,700
28,14300
64,92400
50,49700
42,49300
37,48300
45,44600
68,38700
49,15800
40,550
31,1240
32,10330
35,6080
51,71000
43,25300
57,23500
28,3640
65,2750
69,2500
43,620
72,8800
44,16900
35,11900
39,850
43,8420
22,280
61,510
42,440
36,33200
35,510
43,22500
42,27550
22,6690
21,45500
51,26900
35,14100
21,17940
73,23800
25,40010
49,45500
39,46700
26,4060
28,49600
21,8450
72,7460
38,76570
79,5600
44,25300
17,14200
54,57100
83,16410
82,32100
69,6070
39,21200
43,6940
32,2270
53,3300
56,2600
79,6440
69,50000
27,36200
32,17800
48,13100
25,4300
41,6890
50,9600
38,60030
87,3500
62,93000
34,33700
27,27400
53,3600
27,28950
25,32600
71,19650
64,16050
32,19800
71,12600
27,160
66,13810
43,18400
56,23200
24,21200
42,28900
41,22900
32,18504
20,16100
50,2200
78,3500
46,9704
39,24400
80,42500
62,38400
45,42800
33,15900
75,890
53,24800
33,79000
93,510
74,14300
38,33700
50,45900
31,370
73,13440
25,9400
47,17900
37,1260
46,17980
69,49300
17,19300
31,13220
58,6200
29,25200
30,27130
59,29400
42,22100
50,17260
16,9500
51,22550
52,14450
32,99000
45,12080
59,170
43,27900
52,6350
43,5030
68,15400
40,6720
18,4310
42,13330
55,22900
87,3900
68,12490
17,14900
45,100500
32,2404
46,11304
81,32700
56,30450
69,2290
51,17300
54,21300
34,30200
30,19950
45,74700
49,86700
38,70050
29,11500
64,9470
70,6420
20,12700
54,66400
40,12400
53,5700
61,47450
60,20700
32,18600
64,510
52,16900
83,15500
50,7400
56,58480
43,23720
43,500
35,102000
62,7700
54,5100
27,15380
24,17990
74,60990
27,8300
50,48700
56,1000
56,4300
76,10090
89,10300
47,13850
42,7990
59,18500
70,340
48,2800
48,62000
37,15400
18,1720
25,3100
34,22830
63,16480
19,26900
57,18090
73,27900
29,10640
23,29100
36,40940
41,12700
23,15620
69,14140
51,34800
73,66600
38,580
25,31300
57,36440
46,13100
70,15720
43,86000
40,48300
35,23040
60,33200
36,19910
59,960
84,24900
47,86000
36,880
29,31600
45,670
87,22500
49,29500
16,170
52,41100
43,32400
51,27700
52,44290
26,16200
63,4780
62,23700
27,350
47,27300
60,20200
37,5900
83,24140
28,1980
49,39100
33,30100
43,47640
31,12100
39,14390
66,26700
57,24900
72,20550
36,14100
23,10550
63,33300
74,1400
44,23050
65,57100
28,7070
28,750
37,1530
23,12010
45,53300
36,32620
18,71000
46,6560
69,6800
35,5700
30,700
37,25720
19,2520
23,44000
19,10410
34,35020
40,6120
36,26400
56,25900
29,17100
25,5700
34,650
40,30500
69,4500
40,12720
36,19100
38,19910
53,55730
20,23900
47,41800
46,10620
46,14900
22,17660
30,460
70,11220
63,7020
76,200
67,8080
67,7900
40,48500
78,8030
35,36100
79,33860
50,43500
50,19300
61,40160
38,18400
41,1220
41,45900
80,12900
63,33020
22,17800
48,23400
84,28200
88,32200
37,17800
63,4770
63,180
35,15800
33,7500
40,14900
21,18300
64,16650
26,160
17,10600
80,12400
81,34000
22,17010
84,29100
26,57000
54,36810
32,7840
67,23100
31,80000
35,54020
59,48050
62,43520
40,40690
40,1530
27,4080
34,32450
28,22080
63,34600
54,3310
47,21200
40,73550
38,7400
34,47400
34,18400
33,8900
49,3980
32,51200
38,69150
35,66300
30,17100
48,7190
56,21770
24,16100
36,55500
71,25600
68,7710
19,40800
47,8290
25,16600
40,39820
37,720
35,24100
47,21900
46,9300
49,4200
48,30040
19,7680
22,20100
50,22370
26,42650
43,15930
48,41020
45,23004
57,4730
45,25090
72,14580
72,9770
46,30270
81,11800
33,3540
40,6590
52,16400
25,10540
37,63000
22,680
39,65500
40,49900
88,14600
62,29700
37,82900
31,10300
55,14800
82,7330
44,19200
86,9100
64,28400
89,2500
64,9050
32,35800
35,27600
35,2280
22,21800
24,12020
88,9900
49,31100
71,47400
49,28500
23,40400
57,20004
23,27100
42,20660
19,4070
45,42720
58,10670
61,15300
26,410
62,40300
88,19800
69,44700
63,26400
44,25890
49,69300
63,84800
18,8080
32,31120
39,54200
48,42100
68,13570
62,9290
60,730
47,89000
40,630
41,21820
55,19400
48,9200
20,70000
79,23500
70,31200
50,27900
54,23950
37,11200
42,180
20,31500
22,32030
62,18460
25,20900
83,5500
53,31560
44,31210
43,17020
61,27600
68,31400
66,69500
26,3440
49,48600
65,18650
77,8960
56,17600
46,23120
84,13300
66,21110
52,6250
66,38860
30,23110
69,55900
27,33804
28,15604
29,25004
24,36800
50,22720
39,94020
40,35640
61,77000
55,24600
34,53360
59,7600
35,29900
29,17600
18,2430
86,29500
51,25020
79,29700
26,32600
56,14600
75,1300
23,28700
49,12100
80,14800
26,41400
60,35400
59,40500
32,33300
30,27800
48,51800
49,30004
82,38400
81,21700
44,60600
18,5020
23,26660
41,8120
47,17120
44,24300
50,37240
56,50250
37,7450
56,28100
45,16600
49,7400
68,11410
62,9350
58,33880
56,15500
27,16100
74,29400
22,16030
65,6170
45,49700
63,86800
32,28300
78,25700
53,7600
44,22700
70,41200
52,36530
61,36200
56,22490
34,35460
28,43270
28,30020
53,5950
55,21520
49,6500
37,55310
22,62700
80,66000
67,87240
54,52700
50,40400
48,39300
37,12100
93,12810
69,5110
69,17800
42,38900
47,51670
64,39600
42,8210
51,25700
47,52300
70,51400
27,5300
31,29300
64,51590
54,2300
35,3200
68,17040
22,12790
54,21600
75,11550
40,2020
47,30200
84,7300
70,24500
41,900
46,11100
32,27800
54,36030
48,88060
77,35030
74,16820
46,42400
83,24150
62,79800
87,33200
93,40400
79,44850
63,72800
26,29150
68,13100
39,44760
33,23900
28,360
35,30500
40,51700
57,6970
61,30900
36,21400
77,34000
54,31600
35,45200
37,12600
36,32230
62,6300
35,17400
35,37200
54,29600
55,30800
59,49100
25,29900
25,20700
31,36200
51,42090
55,44100
41,63600
30,29160
41,23800
33,33550
33,36250
40,61200
34,14300
51,4420
65,62900
27,17780
50,85740
34,24300
59,63350
52,39900
51,39600
33,7300
36,840
36,16060
76,38600
67,5320
70,14800
45,1290
64,42010
39,17400
46,48200
48,7800
73,11110
26,30
87,10
23,19400
28,58000
75,26950
49,53100
46,28940
49,39900
20,10640
38,32030
63,34240
54,4200
38,18030
35,48310
73,2000
48,9620
70,10090
52,20104
60,29500
57,35996
83,36800
76,30070
35,17800
19,16400
35,25600
23,20110
78,25000
70,41600
54,51020
80,14700
34,38010
22,39500
26,25700
31,36900
45,8970
81,7900
73,23300
87,22960
80,11550
28,9900
47,45800
36,87000
69,16800
31,33600
46,34700
67,11850
44,7100
26,28100
67,13100
22,5220
93,7360
59,43700
46,26900
50,28210
18,18600
83,52800
55,33300
53,9340
37,21600
52,17900
44,23804
22,27500
34,290
54,46600
21,37700
64,19100
49,16700
89,16400
29,17700
61,42430
45,33680
30,62290
46,42810
27,15200
57,48620
38,34150
35,6350
37,44400
35,4580
38,35600
26,64000
68,45700
21,1504
59,11400
24,27190
28,33040
34,25580
57,87980
45,12300
49,80400
48,37700
44,860
60,34900
50,37300
73,38500
29,32540
75,9300
31,20600
39,16700
42,44740
69,23600
36,37510
62,3400
36,51810
40,65220
42,5600
66,42100
27,22200
74,47800
66,40630
45,8300
36,34400
35,23250
44,29790
46,32300
45,53800
27,34300
37,11800
58,11600
55,16300
24,7100
45,105050
17,530
53,40030
55,2030
61,33700
87,9800
26,36800
76,28220
44,78180
53,11790
36,33700
59,12120
56,100
29,15800
31,8700
60,2100
76,19750
55,3700
36,350
58,2260
41,7600
61,6380
23,35200
40,23600
18,24000
41,16940
48,39320
25,23020
35,16800
42,19500
73,19120
60,11200
58,32680
31,28070
29,14200
63,53400
37,19700
38,34800
34,8700
73,18880
70,29020
29,47600
34,15130
93,22500
56,52060
22,30100
46,28100
29,23800
74,21500
79,7900
39,13400
66,52000
73,12730
61,10520
48,29750
81,15310
66,4100
72,16260
51,29100
41,73000
49,34300
26,9900
53,520
59,12200
73,49600
93,20450
67,15070
41,64200
62,7900
34,22900
48,48470
68,2600
25,7800
60,26880
21,12700
32,86000
31,21640
30,50640
73,4750
27,32700
20,350
15,330
21,21600
41,34900
86,45800
55,30300
42,72100
51,33680
46,680
36,32440
71,11070
31,21200
74,30300
51,39300
52,42150
54,34300
24,3400
53,8650
76,53000
37,6330
40,42100
24,11100
50,74000
33,37300
19,130
34,24800
52,56570
54,28700
21,460
73,33110
87,2100
40,25200
66,11430
65,11800
25,39004
24,29004
47,26030
43,75050
80,12050
78,40500
45,36110
76,105600
36,47120
40,750
23,53000
38,330
31,44020
74,28040
81,22500
39,24300
50,38800
74,34400
39,21900
61,29840
72,26900
32,44100
49,36120
41,294
23,38200
58,43800
50,25770
48,38910
39,5690
15,4200
52,60400
48,39900
29,28600
48,24050
62,20100
37,34540
65,26100
24,5610
79,7580
72,10104
89,16800
38,11300
17,9400
27,13250
72,83500
57,83400
32,26900
58,21100
21,7400
62,3290
22,850
34,11900
43,5200
66,8350
57,40210
65,54300
28,47150
21,7490
45,39400
62,38850
51,8300
40,34300
57,4700
54,57200
74,44700
18,16400
46,1210
41,43400
60,45090
40,45100
49,46900
37,38020
29,39520
35,8020
33,28120
39,94000
23,380
86,42000
51,40070
51,82160
36,24200
54,3600
53,33230
19,5020
71,33900
60,8800
31,36400
93,23800
64,30100
51,40990
18,7310
31,11800
45,32600
31,42770
23,7020
65,25510
39,33600
39,9100
15,10800
50,32504
88,1000
45,31900
50,47800
30,35200
47,13900
31,18900
40,17320
29,24800
54,6200
24,18300
33,24070
25,45160
73,22750
34,37800
49,59200
46,45200
71,13100
38,5400
28,30800
63,49040
50,6800
28,82000
62,27680
59,38800
49,41800
63,8180
47,27020
41,43240
19,6100
36,900
66,17890
34,4
36,13800
31,55110
65,91000
88,23700
66,6404
37,23500
29,11700
77,11260
36,43850
40,15420
36,2100
32,530
42,48500
55,37200
23,20900
63,33390
43,29050
22,38400
46,12290
25,4280
44,24600
41,30100
79,34000
36,17400
35,15900
50,230
46,31700
59,10670
59,650
46,43520
30,17350
71,7290
75,37570
32,7900
55,27500
80,27000
63,39500
30,35400
58,31750
53,19400
18,6670
74,8200
35,54300
66,56730
26,11480
53,45100
64,47200
17,11500
29,44700
34,35900
80,98000
43,39030
48,45720
48,100700
36,29300
21,51200
29,42300
25,66500
33,18100
24,51100
48,10900
28,13100
63,27300
43,70030
45,18900
69,37400
34,360
25,33800
37,1150
29,27080
23,540
67,29600
41,380
18,520
25,30800
31,10700
19,230
86,1200
75,7960
18,20700
17,77000
79,2800
81,35300
48,37300
88,8640
77,8650
59,4900
80,17100
68,18200
22,76000
64,47400
54,36100
61,5200
24,10140
26,10840
51,37200
38,38800
18,25700
61,2200
39,500
20,20150
63,44400
61,49800
17,1520
17,930
61,25630
41,650
29,55500
27,23700
85,18700
54,12280
50,29030
45,24400
46,28520
28,31350
55,61030
31,13050
24,280
43,18600
19,90
66,28760
56,4800
31,26610
29,5080
81,103100
32,32800
28,13700
27,7020
76,7900
74,8660
20,14800
38,20400
30,17700
28,3900
39,39060
83,51400
62,26804
22,35700
19,180
34,23100
78,35300
25,11810
34,12200
34,780
62,1810
60,59200
43,25080
83,64400
25,48400
67,2200
57,94200
58,11680
49,17200
21,31700
16,7100
40,5950
45,10300
84,7860
31,38200
63,42700
37,30
61,3580
73,25200
45,8700
53,15400
35,7700
68,7330
84,32100
19,34600
20,280
45,81240
35,56900
54,820
62,560
31,320
50,27100
35,7280
34,900
39,16600
32,11640
32,34400
66,13100
40,70040
20,16660
72,6760
33,27800
37,8500
72,11210
55,14500
59,36500
62,36600
41,17200
20,69000
79,3400
64,5250
32,17300
49,14300
43,85010
45,74000
16,22000
50,4900
89,5900
54,1800
45,19630
17,270
25,17200
24,13200
38,9300
27,10520
68,2410
68,4140
57,53470
16,5470
33,10250
70,21600
29,37800
71,24500
27,22600
28,26860
24,360
54,480
50,4400
44,5040
18,17700
21,49000
44,25060
50,3600
42,20400
15,1650
30,40600
43,12900
44,420
18,160
16,520
25,14300
60,46260
19,330
35,50400
38,19100
33,80
38,23900
58,450
76,21520
89,26000
28,540
25,15400
76,27700
61,18880
31,28550
26,7700
17,15600
45,38500
29,2510
72,18320
51,43120
19,29100
51,43100
25,17900
22,12570
43,6540
64,49000
39,22400
51,33900
56,44500
55,48700
55,65600
27,39150
28,420
35,420
45,1300
62,41600
29,27600
39,52700
38,24200
25,40800
75,24140
27,16640
47,90680
21,35500
17,13100
32,33400
22,250
50,42270
58,43600
15,11000
74,16800
30,7640
42,9700
18,430
29,19300
46,550
57,3500
37,12200
33,17100
20,17600
70,11580
65,31720
63,8650
30,4600
58,18700
80,20500
64,38460
39,250
20,140
49,8310
31,14200
38,7100
47,19400
28,13800
25,30530
24,13300
39,26200
40,560
49,3800
26,21400
35,580
52,13200
43,23810
76,36700
30,20900
64,11200
34,63100
39,590
34,83700
31,43500
67,11200
35,33800
39,33430
93,9200
43,34200
48,27500
20,12040
32,24700
24,8900
23,22200
89,9200
51,86300
33,20800
20,380
36,15090
38,11700
27,10360
26,20004
29,30030
32,18020
37,30300
74,8640
55,2600
40,45600
37,5800
21,910
42,13300
52,49804
37,22900
27,30200
38,42200
35,40800
23,80
16,390
25,40700
33,29900
44,25930
55,15900
57,20200
54,2640
47,40380
75,11700
74,18400
54,19100
22,650
45,2180
30,9850
42,83820
28,25900
44,380
40,11600
31,40020
35,49200
38,990
44,52500
46,6200
45,19760
42,1040
27,25900
59,75800
46,31300
72,37200
43,91000
61,46800
47,12900
39,45800
59,23600
75,60900
68,39380
84,2900
49,32600
62,18840
51,93250
93,14900
65,10210
93,27700
48,6580
27,31910
60,560
36,17300
35,940
17,3270
56,16600
24,26200
16,1650
25,16900
42,40940
41,10600
43,8600
35,24900
35,30400
58,32100
34,8280
80,22900
42,26100
28,740
17,20300
49,1100
38,1320
20,12010
32,2350
63,13860
65,7800
54,18300
42,42650
73,31500
18,14700
77,29700
15,6300
49,9700
66,28600
43,16100
45,9700
20,25100
24,27580
70,19560
24,35600
43,28500
58,8130
23,2070
67,28940
72,2050
47,81400
49,29200
47,330
29,26600
63,7600
53,39900
64,9070
59,46100
45,26400
40,20600
35,11400
29,35600
79,6250
52,4700
81,85100
52,6410
44,7900
46,740
32,330
30,14560
23,70000
30,25900
54,50530
17,2990
47,38900
50,34400
43,6800
63,470
28,5100
49,4700
43,510
58,28400
47,810
21,22800
46,10600
66,3100
67,15800
41,4900
51,59300
24,11300
64,17300
35,18950
45,39800
71,10500
29,35580
40,53800
57,55190
60,26200
22,60000
29,40060
60,26600
75,24290
47,58900
46,26300
40,8300
81,13890
71,46500
70,20940
42,18800
27,67000
56,98500
55,38300
27,51050
27,24050
43,103400
42,990
41,64800
40,60450
28,20200
28,590
57,38100
30,38400
41,50500
70,30400
50,23504
29,90800
49,6200
20,8060
43,97840
51,44500
31,48700
48,62500
52,48750
17,16700
18,37800
38,1390
21,2090
50,28630
41,47400
19,47300
43,56070
52,73800
43,870
43,46900
30,43100
53,6680
36,16080
19,460
56,100300
34,50
47,42900
59,70500
75,52000
47,58600
58,61400
34,81000
64,86700
43,9100
58,34510
44,86500
66,99000
48,52500
40,36580
62,16170
35,22800
24,30600
51,65890
50,760
51,34900
41,8400
68,43904
45,30150
48,63600
44,72500
43,66500
37,44200
75,12790
35,100600
88,5200
47,71500
35,200
83,7700
54,85100
36,93000
83,60400
69,92900
49,2300
25,61600
26,65190
40,87100
42,66600
31,15130
29,52130
39,58220
37,70910
34,78000
72,22400
43,23300
32,33900
78,20500
16,1120
68,63000
36,39300
53,88500
48,15850
52,77100
48,96500
67,26700
22,15100
86,25500
71,11870
47,60700
28,37200
67,66920
45,78500
35,30600
48,60400
58,90400
57,31400
55,57010
48,26400
27,28030
46,54900
38,70930
81,17440
61,42310
57,34500
37,5030
25,49904
45,10530
47,96000
44,55500
45,78080
23,37700
41,6700
36,620
37,4550
68,40400
31,43100
36,105000
45,89100
35,4
38,54100
17,610
19,18340
23,43240
32,2900
76,31000
53,51500
52,80300
72,36700
37,9400
31,53200
39,35030
68,9440
50,70200
49,71360
46,26780
69,34650
63,69100
32,63440
24,28220
44,38030
52,96900
36,57500
47,91000
37,92250
50,66500
41,44300
62,17400
40,60010
24,26500
32,52300
27,56800
87,24200
34,71000
83,13400
29,69010
17,9300
39,58500
69,72200
57,76400
80,19800
45,72700
36,73000
35,74000
36,21200
31,40700
35,101200
56,44090
54,30080
40,50100
38,25200
47,29400
31,8540
46,19720
41,52300
28,79000
52,3350
69,35800
34,5520
52,80080
56,20410
71,15900
27,22990
82,16700
34,105000
33,90000
39,48500
37,65200
40,66410
74,63000
53,62500
57,75600
32,75040
45,45270
78,20700
58,25050
38,2120
49,79700
53,76000
58,33800
42,45100
48,58200
43,38800
46,81300
41,41220
36,50580
34,41500
60,16500
55,30100
40,60020
33,39750
27,16050
28,48500
25,30004
29,35200
64,42310
46,69700
55,30660
40,38050
50,39030
33,13300
29,17400
69,77200
38,34600
58,51200
34,64300
48,104000
37,58004
37,23010
51,14900
39,38600
59,7070
32,33080
54,25370
85,22700
36,72050
41,96800
32,720
31,56300
41,69004
85,11120
23,38900
49,4900
18,2550
51,35500
44,48300
72,95400
80,16700
74,15830
56,25250
38,34680
21,43700
43,7400
42,88300
54,25600
41,31330
30,47060
66,30504
29,32700
37,35900
38,110
43,79380
44,44800
28,5960
53,76250
63,41500
82,15100
37,820
49,21990
36,26360
35,50030
30,45100
28,60360
43,62500
26,13010
52,20700
23,24010
75,57490
70,12150
69,5850
66,29300
67,50730
50,21300
54,85500
39,61400
39,1920
37,41500
51,34700
17,3120
50,78600
51,10060
39,79700
40,77000
39,37120
27,12030
31,39200
33,31600
55,76220
66,66100
69,52100
42,72400
43,38200
26,29700
34,35400
59,44200
61,8780
52,76500
51,76500
59,49400
57,90300
35,27630
86,28100
35,86320
23,36250
18,9840
62,27300
59,25600
23,74000
46,68500
62,32300
52,104000
46,100300
68,36300
26,95000
35,99000
38,40400
52,66030
64,10190
70,69700
38,87200
49,25080
42,74530
45,49100
39,63000
85,25100
56,21800
51,14700
30,50070
35,30700
43,83060
65,68400
49,26700
49,38700
48,29330
35,73400
42,86400
45,7500
40,99600
27,39310
62,55900
56,47900
19,21500
34,87000
29,53240
36,58240
23,29800
30,101200
66,45600
78,63000
33,20
28,36200
33,42040
81,13400
61,55900
28,29020
45,33300
93,13810
31,18800
65,66800
48,51060
43,96500
72,77200
30,80600
45,1900
36,25540
22,44200
39,91000
34,27300
31,67000
57,49700
26,39300
44,42100
34,90300
44,99000
45,103000
43,92030
43,45410
29,48700
35,83130
37,64180
52,44800
64,36500
21,29600
57,43320
45,21900
62,41500
58,21600
45,54050
45,50600
27,102000
40,49880
39,6870
36,23010
37,30500
33,28620
58,84000
43,39300
54,12290
33,65004
30,60300
29,53600
48,39020
46,43200
44,61400
41,230
68,19150
41,38600
88,8000
27,28300
43,13400
61,19660
35,29704
33,92000
22,21500
18,30600
38,23950
42,48300
36,18400
60,28950
59,890
47,90100
60,46900
83,2000
66,34040
42,62800
69,29400
39,80240
25,50200
76,30100
32,34200
21,28050
42,27100
62,54400
31,101140
40,83320
53,39600
40,56510
87,13400
83,15800
48,28600
27,65000
38,59500
78,40700
61,62300
45,29250
41,6200
56,36760
49,50250
54,18200
27,510
37,17020
26,40010
37,92200
57,51470
35,34400
33,5800
93,64200
62,8950
47,49600
41,32520
60,96000
41,74600
66,9100
54,77300
40,105500
47,3600
17,890
37,45020
26,40020
23,27400
30,37700
42,72300
38,49400
51,33300
42,30900
40,54500
50,48740
24,29400
41,91300
50,50120
20,6690
47,20600
44,41500
27,31130
27,3030
44,7450
45,47200
77,62880
18,980
43,2400
61,37200
27,52200
49,65004
43,95004
17,5404
78,27800
45,99000
32,600
69,7060
50,103000
26,34200
86,19790
58,51300
38,88100
44,46380
40,49600
34,13020
50,90500
55,102500
61,101700
68,21700
52,95810
58,58370
35,70200
20,29600
40,24700
58,17200
35,32700
35,29500
49,3320
37,40100
47,32530
26,24300
51,10600
24,23800
58,25750
63,1870
20,550
46,36050
30,65500
60,57300
58,100330
55,37300
47,2300
89,58100
44,55280
32,570
56,5350
49,71450
43,70
73,40100
51,87500
52,42500
52,41600
16,14100
56,24100
43,10700
35,24180
32,20040
60,16600
76,27800
37,41760
26,42350
19,16900
24,900
53,46990
66,19500
29,13760
70,18100
82,35300
34,31600
37,80300
33,35820
81,11680
79,44000
43,9650
34,24600
33,43500
54,50270
45,41010
45,43250
78,66100
48,30500
63,54350
50,86000
18,5460
31,13400
23,28200
93,57400
29,580
37,28540
19,23100
36,46210
32,44950
52,38570
29,20840
44,33100
30,22030
93,54900
81,8500
23,43400
30,12400
20,960
30,60900
45,29140
24,39250
53,62100
41,28200
30,36660
73,49200
51,35050
49,30500
83,20900
76,21100
24,16760
37,78600
55,49040
66,45300
62,65500
31,31704
43,34500
22,25004
60,92200
67,54400
80,29200
86,23100
44,60300
79,47800
26,27600
37,35830
32,40730
43,46100
38,440
45,14120
88,6200
39,11720
15,504
35,54050
42,49900
21,52000
23,1070
89,27700
62,73200
58,19950
28,27040
32,55100
56,65020
43,60900
51,67920
50,12700
19,12190
55,1430
84,20500
19,3350
45,32090
58,30100
21,2950
47,56500
18,15400
63,50500
67,38200
22,16700
28,19700
44,45900
22,26800
38,50030
64,3530
47,94250
33,38640
32,73500
24,25500
56,42900
35,34420
22,11900
27,53550
40,42200
57,88040
30,39030
34,40250
72,35300
73,46100
32,17790
47,29800
76,48400
88,38000
20,180
44,480
72,36900
45,14020
30,43700
30,15700
69,74870
59,11600
38,2420
41,34040
43,40350
44,68250
65,95100
70,62000
32,15060
51,12010
40,14010
38,18900
36,30600
21,6210
22,5560
24,28620
71,34000
65,510
32,105500
20,1620
52,29500
17,980
70,60000
59,2900
64,90590
37,36200
22,4130
62,53000
66,13310
46,36680
21,7020
29,27300
29,73200
82,66000
52,4400
21,23800
20,3550
53,24220
44,32400
60,28490
58,48350
61,3900
31,28280
26,31400
23,130
76,54100
46,50700
86,33200
25,22660
31,51400
57,654
43,93000
62,62800
31,14300
30,38430
78,26620
28,72000
29,35020
40,70
67,53300
63,30400
74,30400
45,32800
64,22800
39,11900
36,5150
34,23050
42,16110
76,12750
50,53700
22,17650
20,11900
48,70200
32,30500
26,6900
61,99000
23,43300
57,7930
21,6810
53,1900
83,24400
27,28404
56,51300
19,14800
88,21900
62,9900
45,93200
83,12750
38,2700
31,78200
46,44430
40,36650
64,102800
63,23640
43,27600
43,78800
76,26600
30,16204
82,22700
56,42200
75,45650
39,11520
80,57200
60,17300
70,50600
35,10900
40,60100
67,65200
52,75020
35,51300
83,27800
59,900
34,14900
35,15200
59,300
74,31440
80,20800
57,16260
26,26400
25,37700
72,47600
67,5930
29,7470
60,79600
41,47720
23,12650
39,80600
67,73400
51,43350
78,10400
27,28700
30,23010
55,27600
46,88180
41,13204
89,8860
54,15270
57,25030
40,62600
80,21900
93,12190
88,890
26,86000
68,27650
29,750
34,35100
42,19160
60,37730
38,2050
51,88600
27,180
71,68000
76,45500
47,76100
35,97000
58,5730
26,21500
54,30300
73,28960
75,25000
50,5250
26,46000
27,23650
34,31870
72,44100
48,81200
55,34900
53,22600
24,36200
24,30200
19,1550
49,46500
23,10030
72,32200
35,24820
69,41100
60,25700
53,18150
75,22200
75,26200
31,60
81,1700
51,48300
57,58600
76,25760
31,12900
26,17800
58,30880
45,18530
22,17090
35,96000
42,24550
24,70000
75,70700
89,36100
73,13950
32,7804
74,73800
31,52250
28,60990
26,32920
44,62100
56,47400
37,44080
41,24840
22,1004
80,14950
51,28130
37,73500
45,36680
66,10570
75,24700
60,20710
69,67300
49,53430
68,41400
42,30050
47,66050
35,43400
24,22540
32,26500
27,37100
58,38930
33,48400
75,51500
42,43040
36,6800
70,90000
47,36304
51,54200
87,19500
83,31600
38,61040
41,66200
84,47200
31,88100
74,34630
48,22900
27,12100
79,26200
24,35500
28,59080
59,77960
47,68400
26,250
25,35454
20,31200
52,39980
17,1020
19,18100
35,88000
62,74900
28,46600
56,53200
53,39160
53,13910
52,75100
22,39150
56,51200
87,54000
71,19880
33,27830
32,28200
26,37700
51,29200
83,20260
24,8070
56,650
75,46300
36,37600
22,24900
43,44040
46,37640
79,69100
23,23300
57,40700
33,89500
32,44900
24,29500
34,8820
74,31600
50,44200
63,35100
20,12130
24,22520
68,56600
42,58400
75,43600
66,73600
59,20400
37,83000
81,25130
27,7010
67,31200
28,23080
25,70200
24,46500
46,17150
68,29900
41,16600
74,43900
34,63030
32,32700
75,4810
64,60
28,74000
21,20200
55,33990
63,700
72,13530
25,28300
26,15030
34,80010
52,57600
41,23900
64,43000
43,5750
82,15260
76,6090
65,65200
44,75450
64,390
23,13020
78,33740
81,40000
34,9400
53,32030
20,4020
34,80200
40,95250
65,35700
58,78100
44,4140
34,41050
42,6300
30,55100
29,8080
54,45700
77,75400
47,70004
85,9960
49,51380
70,92400
30,40350
30,72400
61,41100
43,23530
69,10270
54,900
60,5790
44,93000
33,22700
53,56860
82,44900
55,40040
53,55040
51,29150
41,82370
89,14700
41,100100
50,34700
28,30050
24,12950
53,105100
32,86800
39,14900
48,41600
57,27800
20,19500
60,47390
52,76000
43,39800
23,30050
19,950
70,56280
58,58900
54,54110
19,7810
31,7650
31,80400
26,4600
48,5600
56,32600
26,6500
19,22400
31,10500
40,31400
71,48000
29,83000
52,23190
87,12850
38,31440
35,8420
65,53550
22,29200
76,41800
33,22600
47,60350
76,10500
67,29200
27,37200
45,26140
73,3630
21,15200
20,3050
22,6100
42,28740
77,18940
71,54200
37,17950
26,3650
30,30050
52,520
49,28170
50,8300
22,39000
75,69300
40,75450
88,36200
20,720
17,1680
49,28300
47,12300
41,40900
52,80500
49,54200
42,56500
25,16650
24,5230
55,65500
35,4050
77,5650
75,11580
40,44900
87,59200
76,20110
29,5220
74,21550
31,48610
46,55120
37,44500
28,37100
54,40200
49,2120
78,61700
74,5260
62,10360
21,29800
22,42920
22,26004
53,95300
50,19560
50,20700
36,27130
83,37300
78,5370
51,28730
51,25300
21,3004
21,10804
34,31610
46,42100
17,870
44,32600
61,37570
32,60150
78,12940
51,102500
18,2280
88,26200
42,35160
59,34700
70,27700
58,90240
23,28390
75,51900
22,68100
68,24300
44,25650
66,69100
39,30400
36,5030
48,32400
25,35300
73,31580
35,61190
43,49890
29,100000
45,25640
27,26100
23,21500
19,21280
54,52900
47,22200
61,85810
55,43100
65,16860
46,52320
35,34700
37,66650
28,42500
81,53500
29,29170
70,50900
21,37900
77,12670
37,14580
70,40100
55,72300
46,89050
25,10300
48,37640
57,50600
36,64220
78,18600
54,56200
46,27210
56,12700
20,7020
32,97900
43,30040
63,22800
55,52430
59,65010
58,31500
22,4720
30,26030
27,10600
51,38680
73,78000
50,600
24,30210
24,80
51,86800
39,5600
20,7050
56,15900
21,60
30,19700
61,40300
21,34200
70,18200
26,48200
76,32000
20,10900
26,31004
86,60500
38,34400
41,70170
29,28300
51,73910
41,15400
28,26004
67,26080
81,43530
54,31200
22,13980
27,3650
28,34050
34,66500
71,33650
33,3630
26,80100
39,19080
45,30610
42,27020
86,31100
83,41280
89,62600
41,31100
41,42300
23,7004
33,32700
70,7740
47,17700
63,49080
32,30380
45,82500
26,62000
32,59450
35,76080
87,35700
22,10020
23,36840
28,520
64,74000
32,55700
41,42600
93,51000
23,26400
25,51500
35,85670
20,50
40,38080
61,49450
43,40150
56,51500
19,10520
45,24800
53,60200
28,62650
49,47700
63,39700
32,32504
19,3330
69,21750
57,45960
31,66500
78,27700
70,65400
23,3810
50,29490
27,39100
78,10700
29,44800
64,28610
55,97000
52,60060
23,13950
39,11670
25,2300
68,43800
44,35600
60,10050
56,24420
88,52300
80,23900
44,140
53,53220
24,750
30,10100
26,40730
36,62250
43,1900
47,86120
47,2120
93,50500
62,23300
58,44400
85,30620
76,38900
18,10040
39,52030
50,81900
30,32730
31,620
79,21000
87,8630
50,2930
44,13960
53,96500
50,60200
20,10070
60,25140
44,86100
80,720
27,51010
57,8390
20,9420
53,20310
70,11450
28,19530
66,89500
85,37300
24,41300
50,16920
20,360
25,24070
54,86000
38,28700
57,50400
19,5120
24,3710
56,48900
28,7830
36,76600
81,36900
30,10600
60,44500
44,78900
47,7400
88,38300
77,20600
81,11400
47,14620
47,33040
26,50040
32,27120
83,43200
59,39500
54,53010
41,60200
30,28400
22,27900
82,24000
33,65500
39,82000
72,41200
72,75800
88,21500
43,66300
70,74950
46,100500
89,5100
70,30030
57,74700
36,490
52,3720
63,48730
20,12540
20,19100
77,43600
75,89300
20,2120
29,8300
25,1290
38,41150
60,37110
55,53800
65,43300
56,26700
34,65900
31,29700
76,30400
75,54900
30,28180
56,60300
52,79000
41,7080
49,38450
54,28030
69,9800
54,38500
37,3520
57,28900
48,24900
50,25960
23,25020
80,36800
23,20
23,32150
35,73500
67,8204
47,13800
22,37500
23,14060
31,70400
28,5750
40,36040
56,61400
22,18010
56,28300
53,86200
43,40100
50,26430
58,2480
38,49700
84,21900
70,67000
31,38370
46,31610
58,57730
31,310
74,6900
64,45100
28,31460
33,60500
22,9610
48,53490
46,78680
55,87300
45,28100
48,69200
25,27900
30,93300
30,62100
42,11300
35,35010
36,27110
44,71500
60,42250
76,29820
69,10550
75,7890
44,77800
35,103000
33,61040
83,20310
40,14300
37,6780
65,58400
51,50500
81,29900
28,57300
35,75470
76,53700
38,59600
27,2900
59,85800
37,26010
32,8600
45,62300
40,72400
55,19250
40,70800
72,34700
47,68450
75,30600
82,13300
62,86000
79,47000
78,54600
56,59890
89,30780
85,2280
41,98000
71,21480
62,22900
35,64800
36,18940
58,85220
57,12520
65,41090
28,75500
33,72020
78,32200
28,63100
36,52100
27,103000
23,870
30,65300
17,410
30,54020
42,18620
89,19300
52,25700
47,75180
44,3910
20,1510
18,6630
60,68500
28,74700
53,3970
34,20700
75,67300
34,100300
55,21600
32,77860
44,51600
81,21930
38,45180
39,32100
37,56140
85,19700
55,26500
47,74130
54,42030
33,80240
33,57500
44,45450
38,46810
37,59900
27,54100
78,41400
44,81000
30,98000
43,102500
62,75000
53,55700
73,16830
59,51000
54,28310
80,18200
83,20300
55,35300
71,23100
38,50700
41,64020
37,24700
24,25300
29,60340
26,46400
43,13430
83,53900
40,27700
18,2510
30,27600
45,50040
17,910
26,18600
69,3400
79,10740
47,19800
16,3930
89,25600
83,4600
26,16800
29,19730
29,2880
43,44200
37,71800
70,54200
61,42020
76,19060
41,54500
33,60270
84,37000
54,24900
17,12800
69,43500
44,23200
74,19660
47,72500
26,88500
46,47500
17,10
57,47200
65,90600
34,60400
20,41000
76,19400
40,67400
49,27420
35,40400
37,20650
83,29940
60,6070
69,83900
45,34050
33,42700
68,2210
28,53100
34,94600
27,52800
66,40740
50,26820
43,39500
39,23800
39,56300
58,29780
59,60400
46,77900
49,51020
76,62700
28,45200
21,3410
39,50040
61,28840
47,55150
43,1820
49,67700
72,52000
66,28000
69,25190
69,42900
66,41970
53,8500
37,45004
81,73200
71,77700
32,55050
43,25200
72,14340
72,15400
60,48300
42,15200
39,79200
79,44100
44,58400
36,91000
36,91500
75,27400
24,35040
23,7040
75,280
49,76400
43,92800
25,40100
49,37600
63,88510
44,80500
42,64500
61,7504
70,18750
35,63100
34,14040
46,87230
62,76400
37,46810
34,28930
25,42400
29,82270
69,24700
25,20100
63,14200
35,84110
42,29200
56,35400
57,91200
55,33400
78,64040
26,31500
26,32650
49,70090
48,40010
39,28500
38,17750
39,10100
58,21650
83,1100
31,65100
31,68100
58,94210
20,1840
35,43650
32,31400
31,84600
27,45700
71,21300
68,35800
39,73000
41,76100
87,30900
29,91140
38,41350
34,66200
84,20300
43,51010
50,10040
79,63930
58,37300
40,8020
86,21500
43,29400
41,47740
78,24600
35,81800
38,10500
80,49600
38,9700
27,33100
30,68740
42,39400
26,52004
82,12800
43,101000
64,26700
50,48250
68,47100
42,105000
15,950
22,37700
44,19500
29,20040
49,39800
36,63300
28,22030
49,78860
72,82000
41,57400
46,53200
18,3910
48,31030
50,66000
47,104000
69,7190
62,33400
29,81150
26,84000
34,61400
33,100400
43,47100
79,70600
68,41200
53,43910
30,18910
38,41400
35,75200
39,33300
45,41100
60,850
85,20700
35,25080
36,38830
62,39780
44,64800
40,87200
21,26650
33,60004
45,36250
36,35250
33,48980
42,67100
54,58700
76,64800
30,81000
42,63500
34,44400
39,9040
79,33400
32,70250
50,52200
33,26500
35,70400
73,23700
39,29200
71,18670
35,34340
57,540
52,33400
87,16700
42,18010
36,75500
44,43270
48,55750
38,44300
45,35200
52,44150
53,99600
47,14220
64,35700
31,33100
38,77400
93,31100
59,34400
41,41100
38,52100
31,15100
56,60200
28,24150
74,21050
53,96000
41,31400
38,48100
49,26940
47,88150
49,78000
75,37150
34,78400
33,26300
18,35000
32,57320
59,47200
52,8280
88,11800
57,23100
57,31030
24,310
24,6580
69,21500
27,62110
41,74100
32,34830
36,63040
51,61800
51,47900
30,21850
58,43520
84,30200
33,22200
88,4000
63,21400
31,26230
35,30210
45,32004
43,65700
31,32200
63,54670
43,84100
36,70100
62,49600
55,510
52,44820
59,41320
30,75500
49,62200
71,27300
43,90900
49,26040
39,79000
51,57530
48,21600
44,25340
45,17200
55,9300
31,18500
45,37004
46,28004
26,53050
58,23650
65,84900
25,29010
45,21740
33,65100
74,1500
40,49500
45,28500
25,21200
39,33090
39,22830
63,62050
62,1650
46,89500
45,37100
20,7600
43,51600
27,780
24,870
26,22700
62,50700
59,2600
50,82300
49,37030
19,2750
15,11700
84,10180
21,20600
32,60100
25,30950
41,91000
45,96500
44,6900
30,45900
37,68400
46,31900
25,41540
24,26020
35,35820
31,39700
87,33600
43,90780
42,7100
15,9680
43,49130
42,40700
31,39070
31,12300
41,80300
38,53300
38,52030
31,69700
69,101000
33,62010
37,97000
41,89700
33,55800
46,44600
58,940
63,31030
48,74500
36,42900
61,59500
25,1460
40,27600
69,36400
31,400
34,430
30,95000
67,17300
33,83230
31,42020
18,30800
81,35790
36,63150
53,92700
35,47800
28,50004
26,24900
40,23300
40,45450
39,24350
60,31100
85,39150
72,19300
36,99040
69,29000
44,32500
78,26300
78,31900
37,75400
60,28900
39,96500
37,96500
61,9500
66,26300
39,105500
32,14700
50,85300
53,22400
55,17800
44,13100
42,85500
77,29270
77,8570
64,53160
89,30040
32,41190
45,50200
39,31150
41,56400
18,7110
33,85120
52,77000
25,30010
67,57200
40,26700
35,70004
54,53490
53,690
87,30440
40,78130
50,900
77,14700
88,68000
73,27580
37,36300
49,38040
41,23100
35,47400
51,12300
43,10404
27,41500
41,59500
15,970
85,48600
58,1360
60,60330
85,24550
36,89040
44,56070
39,17200
50,50300
49,43600
24,23080
35,850
32,34100
31,38070
38,70020
74,25330
55,65200
48,73800
59,18800
46,30600
73,28030
84,17290
44,70800
42,59600
44,65100
68,28600
44,42130
52,81000
34,12800
78,34900
69,10090
44,17200
30,1104
67,6940
37,89000
87,41400
52,66800
51,30900
39,12350
60,68700
56,53160
49,52030
21,17660
68,33000
33,45800
35,28030
33,21600
28,55150
31,46400
88,4800
57,35150
60,2140
89,32700
59,93300
51,42500
39,82600
30,76600
32,71600
33,63700
38,68800
37,87000
79,37200
43,77100
44,61100
16,3950
16,1710
56,84000
67,32400
17,4810
57,32680
68,5620
54,25350
58,28350
38,40300
24,64120
31,53930
30,26020
36,40120
72,37280
76,14340
42,80150
87,3000
72,67300
26,39400
35,64660
41,56300
54,44160
56,38410
28,26180
20,10420
34,34700
45,96004
45,42400
45,50350
38,29600
48,72600
33,36020
38,89200
34,28740
35,45150
69,53200
78,65400
72,75000
28,61330
59,76400
59,11820
57,17900
34,47800
24,17200
71,10650
63,54100
83,12080
52,23600
55,84050
30,49050
36,102180
39,45900
76,42600
81,8030
73,48600
51,51240
32,40120
35,35500
21,14804
60,26150
54,75400
36,24700
36,11100
57,33500
29,61060
54,9100
26,15100
60,44400
25,5704
28,21310
33,800
18,5900
28,38150
23,10040
34,37130
59,31400
39,40160
60,81300
55,46300
48,30240
51,36900
67,13370
33,24500
74,48500
30,25850
19,270
24,22700
66,9400
28,65030
30,53030
44,27430
52,6800
46,103000
59,46800
48,17300
66,41580
39,75350
61,28910
59,39960
60,36700
30,50500
36,72800
82,26300
52,53300
66,57330
44,56030
31,540
24,47000
47,102500
51,92200
30,53060
33,56400
39,18100
33,17660
67,26100
28,21200
43,99000
43,42410
37,79600
36,27250
39,38400
61,33100
43,30100
59,55200
50,43800
53,12900
65,39350
63,2600
75,52200
62,19900
61,950
45,78100
41,52450
70,26400
47,14500
38,68600
31,95500
35,86004
45,32500
41,37900
35,39800
35,18900
41,46250
41,45004
34,45420
43,10
69,62600
48,83080
64,52300
29,22400
24,45050
26,20400
47,97300
17,8530
35,65170
58,27600
33,53100
30,41400
35,21200
76,16680
63,88400
64,31430
62,91100
35,22920
28,70100
40,15070
68,36700
39,48900
45,69400
77,23800
71,24300
21,4120
79,27600
46,101150
43,61060
47,28400
67,56500
28,50050
31,36240
27,11300
20,27600
75,19330
39,34300
63,71500
84,5700
74,23460
31,78130
68,43500
48,55050
89,20360
23,46030
36,59500
50,41550
59,44660
41,77200
25,250
38,38850
34,38850
68,76000
25,46100
50,51350
17,2510
28,41200
44,30060
54,45120
39,104000
76,40200
31,27310
24,43200
26,19800
78,1300
29,43380
30,35980
75,28520
70,31400
52,36380
32,41900
43,47514
25,52100
25,50100
50,61050
32,47200
18,28100
55,60600
50,37380
17,8390
78,66500
28,69090
16,14400
48,6900
32,40600
42,59700
42,53700
69,30120
27,55130
32,32930
56,16100
42,98820
63,62700
80,32880
30,13510
40,30340
54,46100
48,26200
64,16680
65,30120
24,46390
76,22400
44,36050
57,26400
56,25320
40,47400
40,33700
75,63400
35,62680
36,32300
83,38000
53,60800
65,25030
64,50340
72,23150
33,101000
32,15500
54,42150
64,13604
50,100400
49,27300
54,36050
54,28300
57,70300
61,22550
48,74800
27,60060
63,58370
59,71000
72,47200
72,35200
76,3000
77,30900
40,90200
38,6310
51,14530
27,23080
52,49200
52,21900
43,95370
46,50300
77,51800
64,46200
40,38200
63,49710
35,40010
33,43900
47,103600
44,73500
27,70100
52,28200
42,49750
38,7700
28,72050
40,59400
69,17900
56,60330
31,2140
62,72800
82,26690
33,71070
30,20550
89,11900
42,62100
56,66620
37,84100
37,30160
58,34500
28,11100
40,45800
28,36350
28,45150
56,33800
70,27370
32,50200
34,51030
70,54300
34,63200
61,40900
48,100500
81,36500
57,40500
29,2300
50,23200
57,8640
42,33600
33,31800
38,50500
27,28400
41,84400
54,103050
55,1850
70,56600
49,16600
47,38700
47,23300
30,11950
36,50200
37,59840
43,40450
58,11400
56,42250
57,43770
44,96400
67,48500
40,63900
38,49800
55,34200
24,17580
27,49760
22,8040
38,55010
51,95700
18,5220
28,51050
42,69850
48,850
23,34900
21,790
65,6530
65,60800
48,30150
27,9830
63,47400
46,9950
75,28500
69,43580
30,70200
33,56010
25,61030
80,43800
44,15250
32,47700
30,50050
31,64010
32,104900
26,63200
38,33600
67,20280
39,28490
40,50020
34,52250
57,11500
85,51100
39,57004
42,37340
56,67700
66,14880
31,45290
60,6200
93,37600
71,75200
34,104000
31,84000
67,73300
30,200
59,37090
74,36400
66,35500
57,54430
71,39600
38,51800
40,42240
58,22200
61,34980
32,42060
41,30020
34,40200
59,76320
56,27500
23,30010
29,35010
33,30400
73,30890
39,64220
31,45240
63,85700
23,24800
38,97600
74,57700
24,51500
62,50450
33,38770
26,20150
45,68930
29,94000
22,19700
48,44150
45,44940
52,53700
40,21120
29,44600
27,72000
39,43700
49,36050
19,31030
79,5640
44,35950
73,33400
18,60
30,34500
27,12210
54,16100
52,41640
25,53070
30,33800
32,21700
35,67100
29,61200
28,60240
32,48600
37,28010
45,13260
36,58030
29,33120
56,35500
44,63200
43,30300
36,35920
36,43004
27,30600
49,90
52,41400
47,41330
43,40400
35,39600
38,65500
43,23800
57,76500
52,32200
64,34900
62,31110
47,60280
20,9290
18,2220
15,2420
75,410
50,70550
22,31500
38,47500
17,12100
27,41200
58,27700
76,44800
72,1200
87,2000
82,1000
52,97000
38,7130
79,12110
60,93100
35,45420
54,89700
80,29940
46,96700
71,16500
72,28600
40,44800
64,26200
28,44700
68,28300
48,20040
82,19500
24,80000
50,77200
29,39700
42,101020
31,79200
38,75030
40,102250
42,25020
58,25040
25,29100
27,24980
55,25020
47,20010
56,45300
51,69900
43,24010
35,94000
50,27200
25,24200
18,7940
36,39200
47,73500
29,51200
29,24004
24,27020
25,20
39,72200
38,31010
67,32800
49,75900
43,83300
51,46890
52,32800
36,6300
25,27060
38,22400
60,58300
36,57790
16,340
67,2300
34,89340
28,23020
55,54600
28,67650
38,29240
37,35200
56,86500
41,28250
37,60100
51,36320
59,33900
47,41400
81,3600
28,70350
39,44900
17,56190
43,88040
27,55110
40,48400
38,55610
36,51030
45,64700
32,39500
64,22230
83,36260
33,62150
28,9250
26,310
41,20360
39,35850
28,21080
23,26380
34,84040
22,4620
30,87450
73,18200
31,47810
27,51500
29,47720
31,11900
40,73200
51,28520
41,59910
55,87260
32,69500
53,30800
44,66400
33,10700
47,94500
22,13300
52,24200
22,51000
70,36640
36,920
36,47200
49,80480
40,84600
34,56160
36,103500
36,8900
81,41600
43,68100
37,32800
52,59100
65,54500
32,46560
28,31400
46,60300
40,32530
17,340
30,43020
30,6600
38,95200
84,60700
41,60900
48,210
32,79300
37,68200
51,89500
56,53400
30,34700
63,29270
59,40700
45,61200
56,43400
59,42100
37,52400
43,650
26,8900
30,40310
61,27120
52,24700
17,15300
52,64100
41,11860
52,10700
45,36100
48,29400
46,66300
42,90100
32,29900
45,30700
39,46800
37,49300
45,20020
26,36320
34,71500
32,25920
30,15620
35,82000
70,78000
76,4920
33,38800
52,41760
46,16580
41,90100
52,54400
47,79500
51,3400
18,4304
30,27400
78,30930
29,21080
82,67800
25,38030
21,20030
40,36010
31,63100
39,100200
75,27350
32,33350
39,88400
18,480
47,52004
58,33900
34,38900
27,104000
37,93000
39,39250
39,46940
38,80500
29,58400
44,104100
56,23570
54,7060
71,64500
37,16440
26,25350
36,59080
53,102100
52,86090
41,40180
48,95900
39,100100
62,87060
34,980
52,78070
50,41200
44,12830
48,42070
32,69960
38,82000
17,62000
41,17204
39,60100
55,100100
46,20020
46,54300
19,7670
20,36500
33,100200
32,37810
54,58170
22,44700
51,44030
49,66260
44,80200
28,85200
27,42300
43,48200
32,46500
46,25600
43,13004
19,120
46,98200
37,64400
39,28900
42,47514
29,78030
39,52200
53,45300
39,26800
24,29070
18,4650
64,26600
60,41600
64,75090
57,60700
36,37350
47,91070
55,700
51,55230
22,24100
37,34400
33,580
40,65100
47,38400
39,29560
42,33620
76,31800
45,12530
77,11700
25,5050
30,39100
47,37300
49,7900
41,38250
34,17120
47,24320
38,29460
64,48700
29,19520
74,62000
70,52900
37,105000
22,21100
46,29030
31,41200
31,61200
33,76500
56,7400
30,43820
31,32360
31,37020
53,54200
56,37400
28,35100
62,6070
50,12030
28,4030
39,30800
24,25330
45,29800
47,47200
62,82500
33,30050
38,77770
63,101200
39,84620
56,42600
48,75140
49,3200
26,8920
33,57350
30,7830
40,65200
53,50320
29,43010
38,11120
50,40220
37,45030
43,63120
44,8100
57,81000
44,31900
38,41900
69,48300
76,20860
32,15880
26,53380
86,48600
34,55070
51,65200
32,25510
42,55200
49,33250
43,42710
26,32100
46,89800
50,36200
34,38210
30,370
26,30600
28,31600
44,80030
33,38900
27,69000
31,35700
36,85100
34,860
29,90070
48,32360
56,46350
79,7100
39,61300
59,35250
34,36100
59,33510
54,44900
49,36500
33,6900
60,75000
46,330
20,18600
53,44300
50,69330
46,25800
24,46800
54,67050
55,101300
68,46400
31,17010
43,26300
47,37800
33,60010
46,47600
39,63500
46,27500
53,81750
33,46500
40,92000
48,44830
58,6030
25,60200
36,31600
50,91080
50,90780
54,30050
54,19400
38,19700
33,17960
31,48080
33,64400
31,53800
39,55250
27,23560
37,102000
32,44500
50,39700
49,42070
66,52700
44,31830
49,27850
49,27310
30,43800
50,42400
47,63800
40,75010
26,34100
22,5180
19,1140
16,2070
52,66400
56,84080
46,12104
23,16304
46,31970
23,22640
44,102500
29,36020
57,81900
57,27900
51,62150
35,65100
32,10
60,52400
38,52900
42,56020
22,23020
29,70200
48,37040
27,75500
51,56450
47,31500
22,2530
43,7680
54,40020
56,33300
79,16300
36,102500
32,74500
51,40200
30,92700
20,7930
47,55250
46,20
20,31400
63,21140
46,14310
37,2300
55,69900
33,66150
33,14700
43,63400
42,70300
40,76900
35,91500
42,62220
47,800
32,104050
35,68500
31,100500
83,36400
35,40050
33,28310
32,43800
45,38900
31,1270
40,23400
51,59820
25,42300
69,25920
43,41900
77,39760
48,92320
28,32210
27,37800
33,39480
58,78000
24,25520
29,40670
28,31170
24,5760
27,43800
46,73010
45,2150
60,68900
31,41600
59,105200
17,1270
24,20100
60,35020
86,67600
41,51200
39,65040
33,40520
19,9510
40,30040
44,61040
46,50900
44,58090
54,58900
57,30150
40,73800
30,39810
31,85080
71,40900
47,52050
44,82410
88,18600
26,43004
44,78300
38,64900
17,3520
32,29500
45,81750
54,26260
37,88160
36,32600
46,65400
33,32400
30,4
26,49500
44,36360
50,48070
20,19440
59,50800
34,40030
66,44200
40,620
31,63000
31,46320
36,20060
41,46700
35,55500
31,79500
33,48500
42,74300
49,58200
47,68500
51,69600
43,8504
22,1510
51,100500
40,96900
38,24800
50,87150
26,51496
67,34200
59,61200
53,86500
50,12100
53,49830
61,36800
23,10650
34,92000
24,18304
30,42500
37,46400
54,51800
35,45800
42,36020
28,62500
40,64200
28,65070
30,53040
28,35800
49,24410
75,51000
40,80500
41,47800
37,88100
59,51720
49,69200
32,41930
25,25610
48,92900
23,21430
43,36500
51,22100
40,22004
62,46900
35,43580
76,30700
71,9350
70,40910
93,45200
47,39400
43,11100
44,49270
41,27300
26,81000
61,31400
77,21200
25,35010
81,22900
49,40010
26,37300
53,71200
28,49030
29,97000
29,57380
31,60200
75,51800
81,58100
24,38500
74,52400
73,61000
74,52600
88,22800
76,4020
67,31950
82,51000
89,28300
63,870
45,80100
29,78500
63,55500
49,35100
19,1204
78,7190
18,4060
60,44960
57,22360
27,25840
15,180
77,16720
42,20600
56,19700
34,79000
71,33200
62,17120
50,18170
54,25800
50,48800
54,22500
86,53700
40,42590
79,19204
28,20870
48,48010
75,24530
81,18700
72,27800
37,19500
39,48940
89,32000
72,56100
45,25080
58,51270
74,20800
41,53030
35,34950
37,46820
71,13820
82,27800
85,12500
85,26400
40,50250
53,27720
77,32300
45,53730
26,48500
71,64300
60,34800
66,18280
81,37040
73,41100
26,34704
31,21600
29,35310
30,84000
26,6800
89,15500
80,45000
34,27800
81,18130
79,47670
70,98800
63,55630
21,1890
41,17800
74,11800
52,47100
71,29290
67,51900
63,16020
25,32120
76,38300
85,27700
33,68500
85,32200
32,120
60,42300
85,35300
53,32300
85,35800
83,1790
29,31500
32,29650
38,45040
35,54900
77,17700
30,39400
59,1210
82,3300
25,44600
76,73000
77,21400
75,32300
72,43500
63,71210
87,34500
82,20300
46,48100
39,25900
83,20200
65,12960
83,23500
79,21900
85,15900
36,20900
85,22060
72,7790
72,25704
34,70040
34,1900
67,88050
79,51500
80,26500
44,5400
17,14700
57,54600
36,55200
87,10700
84,28800
77,28800
56,57300
70,15400
59,69800
38,48320
51,39030
52,11600
82,4710
31,34920
74,47100
83,43100
79,27900
72,39900
81,40800
75,3730
35,48940
21,28004
21,20010
68,76200
33,2910
72,21310
71,52400
61,55250
88,30810
69,63600
17,1810
88,20400
87,56300
42,28800
51,52080
86,11630
77,76900
81,36400
51,33800
76,49000
30,24300
55,8800
84,12240
83,11500
84,18800
42,41650
67,4710
30,23500
35,2700
25,44020
35,83100
82,42200
28,1030
31,54060
80,21100
57,46630
80,32800
73,30100
65,38350
46,6180
37,36020
87,41100
76,18500
75,60000
63,26010
32,66400
53,34800
69,37280
70,12880
75,58000
38,37800
47,36410
75,79800
80,8900
80,35300
82,37600
82,42000
44,55250
85,63300
80,26000
44,48080
38,48500
79,35100
26,24050
45,6600
68,32900
37,55030
71,27800
64,57600
54,70080
58,46100
78,9400
42,35300
73,6350
79,14900
17,1290
64,29800
72,32500
77,32400
35,64100
41,3400
29,40300
54,62680
88,34700
67,22600
71,15790
86,40800
28,23700
69,19430
33,37030
29,38030
81,16530
43,5700
62,27604
47,43350
47,11350
57,4300
52,87600
82,48400
56,35700
55,46230
76,43460
82,17500
39,48150
44,34560
35,33030
70,17090
46,50150
71,42400
77,54700
56,94000
51,15300
87,30100
69,11460
27,55200
60,54480
56,29600
35,34140
73,62500
20,1004
49,40200
88,27600
54,34050
69,49600
43,55040
52,84600
69,43200
78,42600
49,47800
48,53250
46,55380
40,51200
42,3570
75,44100
35,36020
73,47000
81,13500
75,25900
39,54010
33,73300
40,55100
47,23700
38,50400
76,29800
32,960
62,34130
59,25360
36,18900
35,32400
27,32010
80,16200
26,31080
47,48900
39,3100
24,16880
75,49600
73,30200
50,14460
51,23500
48,26110
28,4600
62,41400
37,44620
24,25030
41,49010
84,54400
86,3000
64,47250
46,15420
20,15020
82,29000
59,7100
54,12430
53,36900
45,29670
64,48100
65,63600
80,31600
80,16100
83,6450
86,31300
29,44300
28,55300
29,88010
75,13840
40,47500
84,9700
45,38180
81,46200
80,92000
42,22250
64,17690
65,12490
51,74200
45,64070
38,26770
81,58200
77,20500
55,16700
39,480
86,11360
46,58100
41,47900
69,75300
21,26200
23,32500
22,36600
29,73500
76,52500
77,48800
64,48480
35,27050
52,52130
35,58300
78,14260
72,14760
61,35700
75,16100
30,54060
64,16320
64,19080
84,32800
70,71200
40,150
86,36500
25,32060
36,45040
74,28500
87,21400
81,32800
79,36000
88,20800
25,20010
77,8480
52,25300
78,33200
61,40090
33,30180
75,46400
75,21800
66,28900
34,15980
70,10650
82,3200
82,26360
46,44800
68,24040
46,48600
59,23400
29,20
16,1220
85,44600
40,32650
85,13000
82,20500
77,8500
68,16830
37,45900
27,55400
33,50100
63,36350
45,21100
30,41110
47,103500
72,29500
22,23400
86,30600
82,18400
83,40800
64,29900
83,16520
73,103100
80,70900
44,95050
75,48950
75,26940
45,69004
64,6160
79,23900
58,36800
36,11010
41,66300
82,25700
52,70080
49,48200
44,44110
18,6210
88,47600
61,39500
39,36200
67,9190
28,22220
75,39400
60,50300
63,31200
16,1404
38,18050
78,32800
77,24500
73,63100
66,8380
74,43500
51,20100
28,31020
18,4020
23,28004
81,17700
71,3100
74,45200
79,6170
47,43700
36,32100
62,25300
82,61000
88,25704
83,39400
42,45904
38,27800
74,70700
18,3050
32,32120
53,89130
48,61800
67,41900
39,45060
93,17680
86,32800
71,11890
72,47400
28,18860
20,9580
23,24700
21,35700
56,48500
62,410
35,46500
53,48100
45,21700
53,13100
84,5870
71,14140
38,26040
25,36110
93,19300
39,71000
74,5370
65,46800
44,2600
44,62800
58,10800
42,31250
33,44600
19,10020
57,14390
87,30390
53,55600
31,57380
74,31800
76,29000
40,15650
65,14980
76,59300
40,34950
40,46820
85,13700
30,6930
38,31040
44,45800
81,23500
41,96000
64,43130
63,68400
26,32800
34,41600
71,50150
46,53300
72,8930
83,94200
38,44500
84,29940
45,28300
68,12950
59,18160
60,33420
32,12604
49,94000
78,34160
67,16460
69,3900
72,30230
65,22900
76,34600
65,45700
79,16800
32,55500
58,720
35,28850
79,720
73,32600
25,24320
72,32100
82,8950
40,29500
73,22870
47,14100
31,8400
46,34500
45,6550
61,12700
69,77900
38,540
53,8120
60,47040
54,2620
55,18750
66,41300
38,280
37,35370
49,21350
39,13100
50,35200
46,30830
79,28800
48,25720
89,47000
89,13900
88,61000
75,53300
66,13700
83,34400
43,29390
58,4400
75,34200
63,16140
65,17870
59,30200
53,34050
31,32420
27,46800
29,8104
28,27904
48,40200
67,77100
34,14804
55,51300
42,77800
40,29600
19,22500
41,31230
49,40020
83,63000
22,10050
56,73500
30,12120
42,38390
30,10
34,33280
28,25200
33,16700
24,17120
61,4400
62,140
30,34200
22,13900
18,5850
64,12750
36,90960
79,8740
48,14320
69,47600
78,18480
42,6440
32,15180
43,230
51,28800
22,3700
31,12330
31,27230
75,10260
58,58220
76,31200
45,20500
49,16850
46,35520
74,1600
52,26380
53,39400
64,47500
53,42600
32,36100
83,15400
53,7010
66,17360
36,56200
54,600
53,25800
93,88600
35,14104
22,30
62,105000
18,18400
25,19720
24,27420
29,30150
51,20800
25,1630
83,30740
37,9760
70,39600
64,7790
23,44240
43,27420
56,35120
77,1980
79,12230
49,26100
65,26830
56,40600
57,23600
58,36980
52,690
37,20020
93,101900
89,6900
93,74000
53,10374
32,7100
23,11890
35,40500
36,23170
44,52180
52,25900
62,26220
42,4300
42,34800
30,19900
31,19100
27,18300
53,34020
29,38500
38,30
47,47040
38,49140
48,71900
63,15840
62,60030
21,20
60,64700
74,22320
37,30260
65,38804
78,1500
50,37950
48,95500
28,51110
50,61200
46,9400
58,39570
29,27560
49,26010
49,22720
18,2440
29,32200
44,27800
49,13100
63,15630
65,64800
18,7580
21,28250
48,48300
51,8700
65,41800
86,29100
78,33800
53,34580
49,71900
43,20020
63,17720
48,44100
45,630
84,91600
77,26300
33,30010
43,33100
78,43300
53,51040
69,46800
61,39200
93,19600
50,45180
49,47980
21,5480
18,2130
51,5700
79,21650
74,49600
47,49910
41,560
22,4030
40,9230
20,8010
63,90000
67,28200
36,10300
32,25400
40,42800
43,15700
48,12200
30,21520
37,35730
30,11230
67,15700
37,15520
86,13700
75,103000
47,25200
82,25500
28,39500
44,16040
51,41400
47,83200
78,29720
27,3400
37,43200
87,36300
83,22300
32,42290
78,68500
38,21040
27,3770
75,24890
30,2604
45,23604
38,28060
52,17710
85,7380
58,23200
82,28900
54,57040
31,50200
25,10420
79,32300
93,49300
85,1300
44,40170
34,33780
58,50030
45,64500
64,93000
74,16230
85,24210
48,65200
48,9604
77,14410
68,12700
41,18090
70,49000
77,6220
79,25860
68,13400
76,28900
79,39300
67,15500
66,6850
71,17780
74,31900
41,15910
21,3860
76,52700
83,8910
32,3200
29,15150
43,31900
76,33030
55,27460
39,3670
40,10600
19,31000
75,17700
42,11600
43,49140
32,63010
19,32400
53,25300
37,28700
72,28400
65,76400
63,52700
35,16400
64,12020
34,16290
35,32340
63,28350
24,6170
74,20220
72,41300
70,61040
41,9100
80,31060
84,16810
36,22300
52,36600
71,10160
33,11510
64,37320
21,750
74,27600
78,26800
46,31150
25,34400
93,2220
58,25700
36,25900
43,5600
75,21200
42,21960
48,35200
88,7500
61,22350
62,6010
22,46200
57,16840
68,7470
46,900
41,45700
40,67100
60,39400
36,28700
64,41600
19,45800
44,69100
45,900
39,49510
60,17310
47,51300
49,47030
57,21900
65,30230
59,1500
59,6004
65,21790
51,25010
73,34880
77,14160
85,19170
79,29100
47,38030
23,15800
57,32894
26,5540
69,28050
70,34200
78,13150
71,19800
29,35900
62,42550
53,370
62,12880
44,53720
65,41100
26,670
63,9250
48,18900
37,16570
52,48800
20,45500
55,32200
80,39300
25,24020
69,11620
84,23190
93,15700
75,100
48,6110
32,7600
46,6740
80,19900
59,13030
55,16610
80,28700
82,26700
74,54400
57,55400
25,13900
61,41000
85,65200
28,11150
75,27740
70,24900
66,210
74,35650
62,20900
48,12100
85,27800
61,5260
30,32600
30,35300
57,32400
54,10600
37,8830
35,73100
15,34400
43,14600
61,43400
53,52060
80,48700
57,220
45,30630
58,43100
46,90
29,21504
23,6804
41,1570
86,17100
49,29120
50,21120
21,31200
20,31300
36,15100
24,13340
27,6600
55,30200
48,37980
58,18880
37,69200
89,14850
40,4804
53,55400
86,32500
72,4280
27,28350
53,40410
47,36320
46,11030
37,50020
86,16500
35,31900
69,2200
20,20100
45,41400
54,310
49,10260
60,30700
75,61200
59,52320
70,56000
67,16410
38,4100
93,13890
74,44400
86,21800
58,70700
55,25030
51,51140
55,29440
38,3470
63,86850
24,3800
28,9910
80,18780
77,16000
44,45140
40,38100
23,41480
42,37270
70,39700
35,98400
38,14320
35,1650
60,43400
55,14700
80,23000
62,27040
69,26910
58,40210
34,38400
79,30400
86,19910
56,20800
48,4440
83,35300
63,33560
60,15720
62,46300
55,33620
75,7560
53,37160
21,47000
81,34900
78,9100
89,38400
68,51100
52,6130
41,40350
51,27410
48,38450
48,9300
89,46000
78,37050
33,18050
33,33730
51,330
77,5320
43,43300
59,18930
37,67100
93,25970
84,6370
71,8650
45,83060
48,24400
63,41030
51,15230
80,22990
30,9750
51,82700
67,61100
59,67400
63,29900
77,10080
47,14880
56,48300
55,9900
55,6900
81,22000
26,33280
85,46900
82,16550
29,12470
36,35700
47,37390
45,35290
68,14104
47,18900
30,64280
35,350
76,38200
84,39700
73,42900
33,36400
53,23300
84,12110
93,24600
71,31720
29,17030
48,11900
46,31890
66,16750
15,170
58,21400
33,24030
35,29620
44,48200
23,180
46,47400
20,10990
21,4070
57,85050
42,38020
52,30600
73,17600
33,77000
22,710
31,11300
70,22240
56,62200
30,82800
70,15540
27,4100
29,40320
44,27600
41,36030
85,9080
63,33230
85,46800
55,18030
52,8400
36,28600
80,24480
63,30040
62,24710
74,56700
81,1500
22,2930
38,590
89,13700
50,44300
59,45100
57,28150
57,2310
37,29500
62,58400
79,23700
56,6680
78,9980
23,980
65,70600
39,12610
75,9090
36,27400
40,37100
19,9010
47,63700
74,77100
74,18780
57,19970
22,16280
36,21020
35,9800
89,31600
66,31230
47,41100
48,22800
63,26600
63,31800
84,16900
42,760
42,46600
39,5570
58,24300
33,34800
39,28100
47,50150
70,33390
30,20390
44,22800
71,17700
72,7304
22,6780
35,25350
36,19500
93,13350
74,21920
53,48144
83,47300
22,8780
48,98700
67,1900
23,42500
35,53600
56,19200
51,80
32,95000
24,22200
76,21404
43,30250
44,73090
70,68600
35,47920
65,64700
56,33380
24,32150
54,77100
56,29270
64,16300
37,57500
45,26600
82,27300
63,80720
58,71120
66,49270
64,6650
38,58300
45,69100
54,30120
40,78630
25,140
43,57300
83,27300
55,103500
48,48500
70,47400
41,46550
50,14100
43,55600
55,42200
62,1790
88,34300
73,9460
57,46300
88,16900
38,90720
49,23300
36,100500
24,18100
51,42470
49,29670
52,89000
53,47500
85,24600
45,61020
44,43600
54,29150
23,36100
28,51040
70,57500
62,26790
62,17190
56,101800
93,64500
48,44800
66,103300
45,110
82,59800
34,55200
73,9850
82,51900
45,59090
21,18160
21,35070
71,46100
48,85190
49,12080
23,15040
20,4240
66,60400
67,40110
69,61900
53,20400
44,25804
66,13920
57,72800
43,82680
77,68610
69,12730
76,11350
75,29090
23,16020
57,32100
68,79200
74,40300
73,45500
84,81700
83,10500
35,35230
37,530
85,55400
73,72300
70,25710
55,88000
73,69100
71,65000
47,60300
45,57140
45,16800
51,84100
36,57800
60,51700
39,80
43,69370
52,75400
57,14200
34,103200
93,41200
68,64800
78,37400
66,32830
40,50700
68,39450
58,69310
52,38670
51,14370
45,61500
81,24000
33,48830
70,84300
42,11700
50,102500
19,8830
59,91000
34,15500
50,43830
34,57210
28,25710
23,17800
40,84400
16,5360
68,29390
45,69600
38,570
37,76490
70,82300
42,41700
50,51720
43,60300
53,32100
52,29060
68,44500
71,35150
50,45300
80,20400
29,18030
50,28400
26,21250
15,19200
46,64950
46,80900
84,5100
47,16700
46,75500
53,29460
43,102400
35,65400
54,24070
77,73000
51,40060
50,32300
82,54300
37,98900
44,5290
56,105000
50,68200
17,2870
32,77600
46,88100
46,17830
17,3180
79,76300
35,26210
17,6850
36,82500
78,51000
86,15940
42,42900
78,43000
81,60200
88,12180
52,19180
38,40120
85,54800
62,46800
78,64680
50,9390
47,10300
53,3860
83,80500
86,15930
78,77900
74,37600
80,19100
67,7520
81,75100
36,11220
21,350
59,54150
57,51300
38,31300
54,65300
70,64000
68,38000
18,270
80,93500
73,22160
37,60400
42,103900
76,14230
76,13260
58,45900
25,6504
51,78700
93,28400
73,51500
40,49200
82,79600
73,16730
31,3220
73,60100
88,55200
93,26900
51,50510
53,27050
93,57300
17,5360
58,54200
62,6730
80,69750
43,84400
32,61140
40,92900
43,55500
53,104050
41,97000
70,37200
55,60300
41,53060
28,32730
53,48900
53,30410
48,84060
60,16730
59,62400
60,80500
89,7100
52,11200
59,70
80,9050
50,38700
82,21500
48,34120
72,41100
46,35930
49,37500
25,1550
39,54800
41,33600
46,39400
74,17600
93,2000
72,79620
66,9350
87,14590
51,4840
43,80100
66,1500
70,70000
38,51600
22,6010
77,41430
63,37780
66,64200
64,20680
36,3690
88,27900
50,67150
74,58000
55,7450
15,4300
93,20700
77,26760
43,19250
57,82920
37,6090
26,78100
19,6020
56,58600
87,25760
89,55200
77,26320
39,96000
16,730
76,72500
69,21300
70,48020
73,30700
62,65400
63,46500
53,87200
74,68100
89,21700
63,46360
64,14160
85,26540
22,10220
60,34300
66,104000
23,6304
45,60800
48,72300
68,13710
51,16420
52,35930
34,59000
57,56600
57,51050
93,39000
62,23800
63,30700
89,23000
38,29480
65,25530
77,50100
20,25400
31,37110
68,50800
50,46330
49,29530
84,27990
43,76050
64,93800
56,81300
49,84200
42,58500
75,59400
62,48100
49,44490
23,35450
75,27200
47,88400
77,71000
64,50100
70,18120
68,28330
57,36900
25,29500
36,58100
71,58500
77,36200
59,50500
42,70500
37,101000
70,52300
62,27400
38,71300
61,58960
63,44900
61,110
52,73250
36,37300
58,60600
50,38460
67,39500
54,61200
48,11100
61,43460
83,58400
87,47100
76,8610
44,42900
61,34800
54,49700
35,51200
51,26400
75,14460
65,9850
66,5050
53,54150
43,17180
54,88000
55,33310
93,55100
40,72800
61,38200
66,48600
17,2470
43,99710
33,43400
87,13600
81,57100
79,9050
82,25800
62,62100
71,80600
57,1470
44,11220
63,96100
93,15200
74,93400
36,38110
36,24900
52,4500
89,13500
65,51150
45,61050
45,20100
50,63930
54,58600
73,56000
33,43100
47,97000
65,61640
85,54300
55,52504
50,62440
68,4360
54,33800
62,43300
64,77000
85,25670
86,3200
50,26400
66,14330
76,42400
39,39604
29,54950
79,93600
63,6860
50,82500
62,101000
64,74600
58,92000
73,30420
73,66010
88,21800
63,17250
23,12020
37,64050
69,13230
57,65150
79,18900
77,16260
24,33030
46,25260
59,50140
49,94400
36,58430
23,30100
73,3800
64,51400
52,35300
87,33800
74,2700
30,80100
75,39100
65,9370
24,5120
44,54600
79,53000
17,26400
75,55400
63,36850
67,100800
32,46200
57,46800
56,68000
55,49050
40,48110
66,58000
69,51100
42,7220
66,37700
42,45900
93,11240
32,43580
76,17770
40,80300
58,71500
42,22200
62,75900
64,36890
74,18490
76,20520
38,71700
61,6210
79,15060
36,28050
34,26300
68,33050
41,22270
48,28700
38,47800
37,83600
38,49204
48,89500
73,32230
36,61200
38,63400
58,90600
68,90900
47,104800
56,33210
70,100400
55,50700
59,38900
58,38900
58,70
35,5020
66,68800
80,43700
63,57700
93,13800
75,58830
48,29600
30,52400
67,88000
68,48500
46,29800
52,69200
39,28700
34,55400
43,35200
53,24510
63,38900
44,19250
28,7400
69,74200
35,15100
28,16200
55,86000
41,53200
66,34200
23,23100
78,79300
60,8550
71,42900
47,95220
53,23750
55,103000
32,32260
28,32010
46,30690
39,69000
41,38770
64,49100
49,55240
58,57400
81,2500
86,51500
44,53090
43,520
78,26200
81,51000
33,20550
59,61500
79,57400
48,59500
16,3090
76,37500
48,27600
34,89000
82,50000
52,27040
50,60280
32,29700
69,77100
43,98600
41,45130
61,23360
46,29700
69,58800
29,480
42,42130
34,5810
56,39150
84,31000
75,80000
82,51500
37,39270
84,18900
54,17600
51,50070
46,20850
75,54000
73,33410
33,37200
69,60600
25,68000
54,20030
36,52800
25,17090
65,86100
93,31700
33,77270
28,14620
57,1300
32,30070
44,46970
34,45020
32,66200
32,37940
60,27790
93,44000
43,8070
77,48300
61,34500
50,90700
40,22120
34,44600
69,56500
33,5500
38,32410
16,710
45,50500
38,3200
46,85250
44,400
89,43100
76,52200
25,29030
39,73530
70,86300
56,57890
79,56100
53,93200
60,70100
50,75200
85,13500
82,26200
58,62500
39,54300
35,49740
56,60100
51,83300
56,39720
51,310
46,98150
48,55200
66,3300
33,70100
84,15800
78,42300
50,37790
83,41200
53,78500
59,45500
55,33800
78,61100
57,72950
68,60800
47,53500
40,75600
22,15040
17,2750
68,61100
53,91240
22,2900
55,31700
45,73300
71,25900
53,50050
25,38800
79,32500
70,17160
86,51700
27,30030
44,51450
44,11570
62,5550
75,47800
52,10270
69,58110
42,29400
34,75100
40,42604
43,14504
40,51100
41,60150
64,91300
61,17400
48,49500
56,79060
23,28030
23,18730
32,28750
42,24200
62,46180
60,330
61,69400
86,91700
38,72500
46,20160
43,30050
44,26020
45,38150
86,51100
84,3400
44,9700
50,48050
50,105000
79,16710
57,8900
39,29704
54,16600
34,24004
30,5680
68,12420
40,32330
55,20790
51,150
48,54500
57,34330
50,12050
49,42110
59,35260
57,71250
18,15800
53,69500
39,30350
53,59200
46,51400
64,40650
58,80800
26,10650
51,79000
68,53100
61,86000
35,53500
29,75500
31,42150
36,37800
38,69240
33,41840
37,40270
41,31070
53,19200
33,62500
82,47000
34,39700
28,50030
29,31330
39,90150
47,55500
88,32800
54,11690
55,41200
26,12800
93,41600
89,72400
51,68100
20,1330
60,19350
17,7760
66,14160
33,65040
31,24330
30,35910
39,15500
39,55110
41,55030
39,30680
63,52300
57,32800
52,33540
69,59000
67,16510
27,54400
32,18800
49,70500
55,48500
24,50050
24,7010
40,29900
48,32200
43,38600
48,85770
37,11950
24,8700
87,56200
38,54410
35,17900
82,41900
53,47400
67,31860
28,35900
36,55280
34,57140
52,34480
49,36720
41,28110
49,65600
64,760
87,16270
27,44010
23,10540
54,51650
54,34500
71,53400
49,26400
59,99600
23,11250
48,44700
65,43800
44,81300
60,28250
20,2604
64,47170
32,32100
30,56040
44,56610
39,15904
71,59900
73,11820
52,97040
50,50030
28,75220
50,51200
79,31700
65,24900
43,46300
47,20100
53,104200
32,8900
59,24810
36,84600
37,29900
55,30600
30,23800
41,24100
54,74050
49,70020
25,14130
65,59000
66,10300
64,69580
45,6150
47,43300
21,46000
63,41700
81,50100
28,320
22,53000
64,66500
65,6990
88,13400
86,20900
76,29100
42,60050
78,10010
40,47680
30,13850
61,86300
71,47800
39,29300
41,39890
31,390
52,5310
57,10200
51,18960
62,18240
44,105130
43,48730
37,39190
58,20070
61,54030
68,38300
26,50130
25,32540
51,52100
50,34730
52,45280
38,62150
66,41950
30,85200
85,63500
93,34500
72,22410
81,43400
86,4700
59,45220
78,63600
45,70150
16,1420
29,58320
31,25420
57,70040
66,23370
66,39270
61,71800
53,63210
41,89170
41,48300
64,48400
56,10030
58,70500
89,36500
53,51050
35,7300
45,40300
38,4900
68,85400
28,30704
20,2090
48,104200
58,46600
56,4
68,11700
44,27950
51,21100
58,45600
48,600
48,13600
71,45900
73,51000
22,15900
69,60200
47,50130
43,20030
51,26004
24,7600
67,8300
62,52500
46,44100
67,54070
39,25360
60,79500
38,26600
88,19900
45,26560
37,50100
86,5700
48,32320
28,100
58,28840
46,61060
16,1090
51,850
62,16900
30,24004
70,29680
82,10490
17,2370
79,23600
77,12400
47,16890
47,43890
49,22400
41,33800
67,48920
78,21310
29,3650
85,66000
81,13600
48,46900
39,21700
76,31420
53,82300
28,30060
18,5140
59,77500
38,35140
42,50050
48,87200
50,51520
44,24520
33,38020
41,42500
76,53500
50,22180
44,66900
49,60470
48,30550
47,24470
47,36300
46,45700
55,50300
54,7100
53,43100
43,88000
68,29400
77,51500
86,41500
73,41800
35,12600
50,29550
41,85008
46,72200
49,41200
49,32620
75,40300
72,52700
37,45704
32,42200
73,37500
33,16390
42,490
61,20910
41,51500
17,13800
51,68500
41,25700
77,36500
20,8390
64,35900
55,20200
29,52670
27,21670
27,48080
73,29500
22,62500
44,53100
43,33700
62,540
32,36760
39,37520
38,105000
53,21780
38,21200
43,81500
70,58000
63,7290
73,34200
23,890
22,30300
40,36700
52,47400
63,8010
24,28300
76,2500
25,22150
46,87900
44,93700
18,9050
57,5010
56,14610
49,26660
62,43500
44,46900
43,32720
15,230
83,69400
71,71300
68,40700
53,21610
47,59800
59,57100
26,20050
22,4240
25,27540
21,22960
85,5700
55,39100
39,36620
64,24730
63,10260
39,94300
37,30040
39,35020
52,32620
46,39410
70,55200
48,51050
36,76100
83,48300
43,43700
68,40200
74,38500
33,53600
89,22200
43,60400
60,60050
32,26230
93,15300
78,43700
51,83400
34,43690
38,9290
66,14460
68,16540
34,25160
65,4230
60,51200
48,24710
56,44200
45,33500
55,48200
39,18050
60,20100
69,51300
66,37500
66,32900
52,65800
51,910
53,6740
78,15330
45,41380
70,9670
51,38020
41,40100
27,38170
60,43500
66,44600
54,96000
35,55180
50,85200
82,60210
40,55300
82,83700
36,40300
72,50300
49,51800
63,38700
48,53600
69,50900
28,960
62,19100
39,72400
56,30900
73,40900
41,55150
41,50150
77,29600
74,35400
76,35300
50,1600
49,95050
49,65650
56,72300
32,42800
38,30430
33,47900
38,9900
29,25270
63,63450
49,19300
44,41650
46,62830
16,4750
44,19510
68,25220
35,22404
73,41200
26,21030
70,47800
63,21420
78,66900
63,1260
30,32350
51,51050
44,70500
79,1100
73,71500
46,33800
21,4490
50,96000
48,6020
45,57500
63,49600
64,37700
25,58350
72,29900
76,39800
30,21310
83,2600
47,14800
65,12850
51,55500
50,66670
40,33030
44,900
20,3830
82,33400
46,20900
88,37200
84,20200
81,26400
41,55700
71,2500
71,47100
40,46704
21,280
77,47900
52,29310
65,26600
54,58800
52,45080
41,7100
51,17900
68,32150
68,17930
47,32400
49,26170
76,57850
52,39600
62,83900
41,57300
58,49900
58,25640
18,3960
61,24770
68,47250
93,45900
61,53500
30,12520
61,9100
58,52100
42,78610
66,28990
56,96500
79,15120
37,11450
43,40420
74,26100
24,32004
43,51100
49,40800
42,33400
45,99500
37,48800
72,34250
50,20410
62,37790
52,18720
58,44600
82,54500
48,26210
41,39310
16,3380
85,33400
56,74200
18,660
53,75200
78,17690
34,38130
57,73930
55,32130
50,21980
51,27400
65,4
71,7870
35,88500
63,66600
62,92080
56,28400
50,40200
17,2410
64,23680
62,16700
43,30020
36,43400
73,53300
70,26750
36,72400
49,46760
19,3104
37,6800
69,78100
59,105000
56,62600
58,480
30,48080
30,38600
48,42804
15,850
36,95530
72,9750
51,20640
63,22300
58,25800
19,2020
32,54300
58,44300
89,8200
59,68500
60,20
21,17200
48,26180
58,400
53,72400
56,59500
37,31300
31,18700
53,63700
50,27080
26,23050
24,26140
16,7600
87,18600
81,49700
55,22310
55,14610
45,28710
58,73240
40,43320
49,17900
30,23200
35,57500
43,71700
82,41500
72,29150
61,2500
73,45700
36,100100
61,31200
33,35800
70,30700
70,47560
36,58500
47,35120
37,12900
78,50300
60,63600
33,36500
32,19600
46,55900
36,19700
43,40220
63,52920
59,6300
62,4110
53,22150
70,19790
29,66800
25,13504
45,7530
46,67500
44,36200
40,75050
88,42500
50,45500
58,27920
31,32700
50,46600
29,54800
72,11030
60,16930
75,6610
63,66900
51,40120
38,25560
77,26200
74,14800
60,41700
62,33500
93,28240
36,21780
17,2930
74,4970
78,32900
40,43600
65,22010
85,9100
63,25660
38,29900
28,34240
35,27330
39,7170
27,36790
37,62050
62,23900
58,35500
57,40100
35,40670
35,47100
55,50400
49,27350
84,27130
37,30030
36,30
51,15800
60,14420
29,41100
81,12200
50,45850
78,70800
76,1000
40,18800
42,32700
82,41200
48,25660
38,87000
37,26430
76,41700
77,34400
38,26700
45,820
73,21700
68,4010
72,27950
71,44100
72,6130
38,86200
72,7050
23,14710
75,43760
87,33050
50,47300
63,51400
62,6940
59,104000
44,43400
50,60500
78,20910
43,31600
68,54120
69,1630
71,68004
60,76500
24,22800
78,5420
48,32700
25,62000
85,15300
57,690
15,3760
44,69390
44,22500
62,14870
78,39500
57,51200
42,37010
46,63960
76,13670
55,99110
47,49700
34,23090
59,53800
38,5120
72,37900
38,40050
29,8200
29,57250
33,29300
65,28330
46,15020
82,32600
77,26640
49,30020
31,15440
50,24700
20,19020
21,18020
71,15010
80,16850
84,23000
85,1500
61,9700
40,40800
44,12400
61,41300
26,920
39,39400
77,3500
71,42200
57,31700
55,80500
35,32050
46,30010
22,15060
53,43400
27,95000
73,35740
30,6380
41,49440
20,13100
38,31540
93,13500
64,18930
42,35400
49,98900
47,26900
75,50000
50,49250
25,46500
20,12150
42,42840
34,26280
42,41010
38,10780
93,22800
78,18580
19,74000
75,10790
70,39800
73,27070
34,43550
48,59004
73,54000
68,2100
21,33500
47,1980
34,23130
93,31300
88,37400
87,62100
84,24450
54,34080
38,38830
42,93890
54,12300
48,24700
36,42100
40,4020
49,24710
17,1090
78,31800
76,4350
72,49200
37,45300
32,21050
41,34320
41,32320
25,15100
57,47010
40,39700
37,38550
32,6780
62,40060
51,32400
69,43100
30,18030
44,12820
22,46090
49,42660
68,14230
30,19100
66,14120
86,13420
89,12070
52,9680
35,42700
31,31500
57,29300
59,21240
22,49130
36,33260
37,340
82,32500
69,4930
80,80100
19,5610
34,29630
77,21100
75,5510
82,44300
78,37700
67,13350
37,20750
54,43600
41,30220
27,28200
87,14270
67,7300
37,33520
28,55500
74,62500
46,35400
68,39300
42,8310
80,13520
69,49200
78,49200
24,27230
78,74000
53,8900
31,660
23,12330
44,6640
31,39300
41,16240
57,42900
40,9150
63,32500
38,76500
35,31300
52,83020
37,40800
57,104000
66,25730
65,40710
34,26160
33,51660
25,1450
71,14130
22,19020
74,57600
31,73020
33,63500
79,34800
86,15960
34,260
29,4600
51,75400
61,88900
72,52400
69,20100
25,61500
42,1080
40,33100
36,83600
45,14050
68,3700
62,42340
85,9500
51,24050
58,20500
57,700
49,17300
32,39100
23,13520
22,7210
53,41100
84,44700
44,84090
50,44130
40,67200
58,57100
29,2580
58,36300
16,8900
56,42580
26,21060
45,21110
40,880
65,8410
77,38400
74,76400
62,20620
55,52600
51,500
22,20010
43,76300
39,30380
64,50200
31,35740
26,61500
66,14080
61,15230
86,26000
69,32700
48,45050
33,10430
60,57600
47,8650
46,23200
31,31140
51,71290
37,12580
80,82500
45,220
47,47700
72,43300
37,42110
77,54100
56,31750
43,53200
17,11800
36,26520
26,23700
57,24400
93,7900
36,73050
33,49750
33,52030
66,6620
27,38700
49,29700
33,11020
88,38100
35,55200
58,950
58,24240
68,25600
38,37300
55,21100
44,7260
58,92400
39,33304
26,2350
71,57120
65,25500
60,65700
30,480
70,25500
31,28600
29,41900
26,20
31,1804
80,34900
31,180
81,52200
36,44200
32,1650
43,18440
48,62120
41,37940
40,670
77,45700
70,54700
60,28004
68,27340
27,410
50,27700
49,38200
67,92000
20,6660
80,66500
71,38900
51,51900
36,24190
43,87100
44,35970
53,64700
32,38030
29,30
54,23190
22,10730
29,57010
56,50450
44,30400
72,51300
52,55300
25,71000
24,17400
31,16700
62,18500
73,30410
77,10810
45,1140
69,34900
21,39500
22,25600
50,37290
29,60500
75,37820
60,55700
65,49400
71,43800
49,9704
39,15800
83,42200
71,51400
60,8300
43,46700
31,26060
49,21370
72,9410
62,17504
52,65060
48,18150
40,23050
60,35800
80,32790
36,24620
47,21820
51,65500
64,42800
77,24480
76,32300
49,54040
34,200
20,10700
69,40200
20,15610
62,87350
61,75000
52,49250
39,12630
27,26400
61,10910
73,25300
72,38900
42,1700
48,45110
22,21900
44,25200
29,75060
31,75710
85,28950
75,2700
52,21820
45,33950
79,1800
83,16730
81,31400
52,1900
38,47010
80,58200
38,39610
48,19360
45,24850
89,16300
81,2900
80,34100
69,41200
36,79500
62,30500
47,85000
30,8720
33,23220
40,35010
81,65500
20,18010
22,17080
25,34300
56,40900
42,41200
64,6330
65,41000
52,10100
69,16670
72,14470
35,25420
61,61900
27,27120
83,29200
67,81700
39,57100
54,73500
82,81800
40,24400
40,32090
53,850
43,15204
32,33200
50,42170
50,19220
69,78600
42,41100
38,60500
66,24650
51,85320
32,43100
75,37300
68,33200
42,5790
65,69770
64,30500
56,76200
80,19790
19,280
44,21840
55,17400
39,6590
77,46100
29,27250
73,17190
42,28600
75,37500
43,49690
52,48600
27,12780
68,19180
52,8180
43,21200
78,75400
23,29400
45,52010
42,20010
66,300
43,85270
74,54600
34,46200
42,4400
65,7950
76,10040
40,33710
57,66600
62,3310
76,57000
68,27280
20,10050
43,93100
18,5130
37,35420
46,105200
43,53500
61,35600
49,36030
44,62110
84,33900
70,13980
26,400
38,45300
69,37890
54,64500
42,104000
61,59000
56,28804
61,560
64,16290
86,22800
66,77100
68,53500
30,99800
51,49700
46,37590
44,65450
52,70500
37,95350
46,36600
93,26860
68,26190
68,2300
47,65450
59,3620
56,60500
47,17800
15,18080
50,38300
26,6720
28,28700
53,35690
62,85900
76,50800
84,44320
84,7410
31,33150
29,1750
29,21410
32,40840
59,34020
63,45700
59,52300
66,54030
68,23030
66,51700
74,4990
35,34230
32,27390
79,1700
61,48900
61,20
66,30590
76,16370
49,38600
24,47200
52,20200
20,4304
18,4760
57,1250
28,48380
35,49560
31,6380
38,6800
48,720
24,72900
53,16600
49,11550
46,27900
60,1300
78,1800
26,100
79,39400
52,4960
19,1080
25,40250
47,16980
89,8250
36,15950
53,23230
43,38080
71,1810
25,44700
52,3400
33,31010
51,40700
49,21260
37,15800
59,41500
44,2700
69,1810
82,24300
51,58120
20,3250
62,26300
47,16100
33,940
28,9920
33,20320
82,58200
19,40900
35,19040
50,6370
47,18010
20,850
22,7130
64,11910
24,704
22,904
23,2704
57,18170
26,41800
23,7120
77,24900
81,34450
28,28040
24,15570
28,22270
65,18730
35,11100
37,33040
72,27760
54,93400
48,7810
26,10070
85,94600
82,16150
78,12034
20,6180
71,770
63,5290
43,29600
39,450
55,46700
35,9900
82,18300
20,1880
34,5020
39,23490
35,30260
21,10480
28,150
77,32330
46,47800
54,5500
54,44100
20,2140
28,4440
77,4430
19,3020
27,15100
35,19590
63,4650
53,8150
70,4170
61,43300
34,17800
58,6540
40,950
55,36900
53,49100
40,12080
37,47900
36,2130
49,72500
48,7820
26,22400
46,430
22,1804
24,30300
42,35200
81,34700
74,9100
61,450
76,23300
77,1300
73,12440
44,45500
81,2600
55,720
50,47030
67,44100
30,3300
26,10
65,34300
23,2050
55,280
58,11290
56,12570
67,38600
88,5710
59,820
42,30100
63,9500
28,56600
28,50
41,6160
41,14500
34,10220
93,18300
34,20190
15,28990
24,1580
23,1580
23,13850
44,38100
82,22200
68,56400
51,33890
53,15820
16,6300
78,4
42,97350
48,25900
52,37700
26,14710
55,9500
18,2020
87,980
22,470
57,90200
58,15650
38,28050
65,68500
49,880
75,31020
27,2800
28,13600
32,27100
61,18850
50,1300
82,4000
50,51020
64,14640
46,1870
62,8350
78,8810
26,16300
38,24230
56,6550
64,5430
46,35500
22,4480
20,4550
18,12530
73,16980
60,8960
42,87100
82,31600
29,46140
54,1950
67,45600
25,73000
36,34550
35,10600
42,840
21,13300
84,15700
32,42980
35,40230
49,9100
48,25940
51,40410
47,36704
83,23510
42,14700
19,6330
39,15250
21,960
75,5610
37,8530
70,43600
69,26900
32,15400
28,17090
81,22350
70,10830
15,120
86,19000
31,21150
36,33300
34,6820
35,2020
76,5050
69,73000
17,28000
22,520
55,44330
29,17050
76,35230
33,38150
33,23190
58,27400
24,17300
56,34030
51,22020
52,16004
19,3510
34,40150
29,32420
20,430
23,950
31,8010
36,200
36,34540
52,5830
50,60
35,890
50,31300
53,13050
62,840
21,1120
27,26510
52,11830
53,5400
36,320
48,1060
23,17900
54,11130
82,8504
65,19300
60,5200
26,25150
59,63900
42,37200
41,49200
46,440
89,15000
82,18920
45,69300
29,340
28,350
88,5800
25,13750
35,48630
25,26810
45,70500
59,220
79,68300
24,640
26,38900
45,530
24,1150
64,86800
56,940
25,18780
32,26020
50,15620
21,6030
57,31050
61,2560
44,23800
44,50700
46,50940
29,6460
58,19900
59,17800
18,3330
51,14100
16,8200
29,11504
61,54620
75,45000
44,40090
65,37500
61,15700
53,22100
24,6520
22,12050
31,27700
86,43500
41,350
80,18730
20,34700
37,65500
68,37900
26,12200
62,30400
20,1380
28,30140
32,9300
28,19300
46,24900
21,3050
22,14900
86,13830
71,600
17,59000
64,9960
22,13010
27,6700
25,21700
27,10700
33,25600
29,16550
83,1600
56,1500
50,33300
29,13900
80,81400
28,13504
29,8800
83,22900
44,28880
49,14530
26,52100
28,44630
69,15750
39,290
22,22200
60,9400
29,2410
47,5570
44,19400
37,11020
52,92610
46,860
24,130
73,37700
18,504
38,9940
32,31680
19,2250
41,7010
31,30250
81,65300
26,8200
26,20630
54,5760
33,25900
18,470
64,220
56,6010
36,34150
58,12800
19,9230
60,5650
65,22460
36,5900
19,12250
25,12280
43,28100
35,11600
32,5300
38,21300
61,39890
17,21100
83,20440
85,12700
27,50
19,11600
53,41700
37,1400
33,21300
71,20570
73,6620
53,37400
54,15800
41,34500
79,11630
44,23460
82,3400
30,10360
26,760
43,3380
24,18050
49,780
33,40050
67,4540
71,29350
57,16950
54,14700
45,32030
78,11310
71,5910
47,62700
44,12010
82,7400
47,490
19,470
59,8430
52,26120
56,25600
35,22600
36,7030
31,18550
66,850
34,4930
80,24300
33,720
30,17240
54,37670
20,7280
35,23900
51,33230
34,65304
38,1900
86,4200
39,17580
67,104000
46,76130
67,34400
77,41400
51,41600
64,16890
24,20700
34,16250
53,31150
40,2460
66,6770
73,30250
65,69000
39,48100
49,16050
62,8500
40,10250
44,40450
80,7570
35,780
68,30460
69,40400
83,34700
54,29200
60,30990
87,42300
79,65100
40,32200
47,28630
78,12500
78,80500
46,424
53,45504
64,12320
82,9100
49,45050
62,33200
31,350
54,49600
63,14800
88,23000
78,19680
69,7750
48,43600
35,1140
75,2800
63,37600
55,7020
48,28004
27,5920
44,10800
38,35100
44,27680
60,660
45,39600
21,3120
32,23040
32,134
58,29700
35,42800
55,33720
42,9204
49,33100
44,25580
45,46400
47,25900
87,10500
85,72000
34,28600
35,28570
17,8500
93,15790
93,14670
68,23250
66,34700
37,28180
39,34010
70,76300
44,6220
47,5600
22,24400
85,25400
86,3400
82,33600
24,2450
51,7140
64,460
80,48000
24,2510
46,34600
32,54990
29,50430
19,62000
59,6200
72,12740
50,34160
73,52200
31,15900
88,24200
41,27050
93,24800
45,26090
88,12590
31,40300
57,660
74,79500
35,10650
85,31900
32,23200
31,3400
34,8304
32,11100
43,250
57,65400
62,24350
58,430
65,1200
58,23880
29,7080
66,59490
38,6020
30,18400
47,62500
37,40500
27,9100
65,4700
86,12750
69,32090
33,15100
36,2480
69,35500
57,480
53,32500
59,44600
93,19820
87,5600
80,30
19,25600
48,31440
42,22300
36,28300
85,15200
51,6900
38,2180
75,27950
41,77060
55,13100
53,52480
50,54400
28,22300
30,28050
86,6400
30,34100
30,16920
51,27650
93,2800
55,780
33,27300
62,23100
46,62530
56,9180
78,44900
32,7300
46,9200
62,9570
35,68200
89,47600
49,12540
27,27300
89,40600
51,6980
56,30910
57,25940
79,6210
36,10710
21,10040
23,23120
39,25110
78,17550
49,10090
17,10170
56,34430
38,4240
39,22090
51,20700
73,5250
19,4930
56,26720
59,38200
39,37900
19,31200
58,13060
85,11640
74,16680
51,24700
27,17050
27,1380
64,1290
51,3900
27,22800
51,26020
27,11900
43,35330
24,7850
28,1350
56,33040
53,11700
19,9160
34,95000
30,29700
27,14030
70,13080
52,27050
28,38600
50,49450
23,16700
70,17430
21,3250
83,61070
64,380
36,30040
34,21840
46,31800
26,450
20,11800
21,8460
52,41200
25,7220
83,34800
79,58500
60,26800
75,7160
28,18880
16,16000
52,62200
46,45500
84,36700
40,40160
29,30004
67,63300
19,32800
85,24300
28,26900
80,16730
78,8104
30,20300
32,56030
56,8560
29,29690
63,13170
38,2460
60,53200
23,5540
34,25980
55,4180
53,960
58,22300
26,20300
33,33220
63,25940
23,14050
81,34800
40,54200
29,2950
47,18050
42,59250
38,50
71,48300
54,16800
38,7900
45,66080
22,36300
68,34700
93,16680
40,18710
88,63000
63,20740
43,41500
87,1000
42,1980
45,26850
41,13400
37,39050
42,39050
69,39100
39,93000
72,23310
27,20
47,14300
85,48800
47,7700
75,15900
63,13350
36,56080
79,17050
56,78500
53,15340
27,19420
52,53100
52,55170
48,15900
71,9020
32,53150
52,84700
67,22700
74,13700
72,15580
18,7320
29,12400
51,4100
29,28530
52,950
47,320
35,50500
84,31830
21,3520
56,16050
75,6530
68,10270
44,24200
51,950
42,41560
40,1600
42,28100
37,59200
20,6604
65,16500
37,42900
67,24790
93,61000
79,970
43,14100
32,63100
30,22450
33,42780
72,25100
33,21990
20,10404
69,21720
23,2900
66,1900
55,8400
46,61590
89,11750
77,8760
53,6520
81,11900
55,48800
60,2310
89,3800
86,33400
47,18100
93,6210
69,53000
50,72500
36,38250
89,47900
35,60360
44,52200
74,33890
78,33720
36,75100
51,24300
45,6810
80,40600
56,11600
64,25720
59,19700
24,30930
26,37800
37,2550
50,51700
22,39100
44,590
46,150
31,12570
85,6800
42,27460
45,15930
81,10590
70,22600
85,52480
81,18460
63,22500
56,20060
51,19300
77,23700
80,31300
84,57100
61,37300
64,60600
46,6240
50,45400
51,32900
71,60700
39,31900
40,9080
61,89400
40,34470
65,30940
21,46900
42,71200
17,26000
81,55300
60,41500
50,58500
19,46000
58,42800
17,4770
44,680
40,680
71,80000
60,18400
26,12350
25,35700
46,28010
76,54500
74,11200
45,6080
75,28230
46,58560
70,45400
89,38200
53,80500
87,19640
49,6670
27,55100
27,5120
55,34600
67,20700
37,52100
40,24050
81,10840
27,25400
70,2330
74,7310
33,18880
53,31430
35,7750
63,38100
73,36510
32,26430
32,69100
49,20020
30,610
71,28400
83,27500
86,33700
56,9420
82,5530
29,12900
34,450
71,8800
61,18680
30,16270
64,3800
71,11820
50,16300
67,19750
87,74100
41,570
46,41300
22,5950
54,55800
48,51400
53,39700
30,34800
73,49500
39,7070
87,41800
68,75000
77,11960
85,35200
49,80060
55,4200
79,20150
93,14600
82,12530
29,24660
77,40300
53,22300
49,27400
48,41700
52,2610
47,15850
43,35080
78,38700
83,55500
54,12400
78,36100
51,510
30,24700
54,22940
51,18790
87,13200
65,19800
74,25900
29,34400
26,4100
36,18270
88,31000
49,53850
43,31630
30,21900
62,52900
55,7900
51,41020
27,39210
69,810
73,46740
62,16940
79,29340
45,45004
37,20310
21,4980
41,35250
32,9510
42,52040
64,32800
29,3700
65,8200
41,48070
39,33500
22,9940
19,8904
54,20740
21,20300
59,19760
18,4710
81,16140
89,4304
50,60020
65,104000
22,8250
80,35500
24,60004
75,9760
67,6430
61,21500
79,24450
54,54000
45,15350
32,34800
69,37900
38,34020
16,7300
64,12100
49,32120
79,6370
75,33800
29,19800
56,43200
63,54300
49,13700
55,50530
66,30200
50,15260
44,560
36,36600
40,28850
53,8330
48,67100
44,27840
37,20900
37,4130
20,2810
77,16600
68,4840
38,20040
53,14160
43,32004
55,21900
40,27900
70,23760
61,23400
77,2940
89,15510
80,61000
83,22200
51,24040
47,28200
37,36150
29,12004
64,7240
86,12200
72,19640
93,2200
31,24700
43,26020
35,4650
18,860
29,6780
21,6760
27,16410
41,14390
24,27800
24,9130
59,42300
37,14500
62,34150
26,32910
69,9050
49,31020
46,640
65,14930
61,11370
79,73300
73,13930
48,23350
80,2600
59,6390
81,39900
35,10950
51,800
76,46200
71,21980
77,48700
75,30300
57,17990
67,48200
39,48600
38,63100
64,60000
53,21300
54,65490
65,88500
46,54200
67,29950
51,102100
54,4
70,7430
84,7550
79,47500
70,34960
69,32670
69,25100
50,53900
75,10730
31,37200
18,4110
77,12920
52,13130
46,6170
41,95200
42,2910
40,70600
33,75100
25,5800
56,12900
48,38600
89,22160
72,51200
22,4640
73,14290
24,36400
40,22540
72,31300
22,540
36,510
45,2750
26,4900
62,10304
86,34400
55,1700
33,260
47,25530
38,38400
66,37020
38,10580
78,15400
62,20400
37,91300
35,30050
31,39004
72,12350
37,870
44,10100
29,16700
35,1570
43,28790
69,17060
53,32910
49,14510
28,36570
30,21700
38,7160
70,44500
25,69050
25,24050
53,24110
73,16320
65,23460
31,54450
77,24350
47,21904
18,1090
40,5850
77,37200
80,27500
68,16430
55,520
70,27560
69,21760
46,25300
78,9390
68,67600
64,29100
48,57300
57,18440
53,40900
72,9480
86,32900
78,44880
89,10100
71,15430
75,6780
74,26500
50,22104
79,41500
79,21790
77,4840
71,25110
32,13800
60,13990
26,26700
36,37100
53,13400
50,37390
84,50800
61,2900
58,9070
45,60200
87,50900
76,60600
77,60600
69,7740
69,5240
58,80480
58,42150
88,17700
78,12270
58,18350
17,2180
65,16420
84,19250
62,16400
63,16630
81,10700
47,31010
55,26070
72,10080
50,42250
52,73700
40,73120
56,34200
44,83100
61,14740
67,6450
68,26600
67,2600
76,56300
59,36300
28,23600
68,44900
52,78300
75,96100
65,76800
72,58550
53,56010
47,50400
19,8550
83,12104
21,40540
71,95400
84,38800
77,62100
41,83700
34,7900
48,49040
47,33110
19,3440
17,3950
78,43500
63,35200
35,16604
89,74100
60,40070
66,12810
83,12840
70,16900
36,27440
77,7900
36,28650
76,12020
75,2460
79,25200
70,44200
46,40700
40,2340
93,26700
67,38400
73,57400
48,32630
68,8730
46,35960
44,44300
32,21400
86,7700
61,16420
39,16400
78,35000
65,33800
68,30950
66,50200
78,7710
34,17960
86,29000
87,4500
47,24740
29,47160
70,8050
22,12510
62,6680
82,26900
93,6850
38,78020
57,30300
83,21400
71,52500
46,12070
71,83900
53,57500
41,43600
21,3010
19,2010
86,44800
52,27030
66,43900
75,26900
79,38270
73,10470
89,12500
72,26210
36,270
84,53300
75,44900
62,20060
63,760
55,60500
51,15054
79,7700
25,19160
78,29600
40,32730
80,45300
72,38600
89,36000
26,7200
29,2750
42,34350
87,19730
50,40900
71,30700
74,72400
58,26700
36,103090
36,65100
55,32800
27,23900
47,680
26,5400
48,350
50,19100
61,24700
49,27010
45,12180
45,22880
36,9780
42,35450
74,55000
25,1620
87,23400
73,10730
74,18290
22,440
46,20040
52,48400
45,30650
60,3140
47,24604
40,58190
49,29650
46,78400
63,9540
83,46000
44,64500
71,95800
47,49500
48,7400
41,46090
44,9900
66,52100
69,1140
68,17380
48,18930
68,35500
77,53130
75,5460
74,87000
67,37450
19,370
57,37500
24,15200
54,26300
48,50550
23,310
22,6410
75,24300
33,13200
26,1510
64,1300
60,4470
60,10390
64,31900
48,3920
41,8850
75,54904
60,45820
41,11800
60,40200
52,19900
64,30290
31,38800
55,66200
62,18970
49,23800
40,36300
58,50450
50,97200
64,30280
64,38600
41,13280
32,41200
49,2100
53,10600
74,6870
38,6230
47,15670
50,39300
74,35020
70,6370
17,30
64,37300
30,15320
28,13010
64,20340
55,26450
63,960
38,26030
74,32900
66,62400
37,32100
65,83100
53,38900
81,9320
34,38600
81,5100
29,16100
77,31900
58,23600
17,3310
54,74970
39,23010
73,47500
36,34900
17,9100
40,8800
56,13060
67,12340
28,60450
61,34400
20,92000
52,9240
72,64700
44,9920
38,40
77,25600
44,4510
33,14130
41,58450
44,15800
39,80210
35,80400
39,25800
30,15200
73,11290
89,88200
77,49900
53,27030
58,18400
49,35900
71,27640
27,14204
55,33200
39,380
43,41600
67,38470
79,52600
66,13380
62,55500
58,18970
89,7500
76,45100
27,35300
45,22300
33,17050
87,9480
71,39890
64,10590
48,7310
78,18500
57,47800
77,82400
21,25730
22,12130
18,3630
56,34600
74,70000
37,29600
20,4640
29,96600
86,12450
65,65000
54,3840
84,48000
84,14300
29,12800
73,7340
85,5900
38,8990
27,48600
79,44900
54,52600
79,45900
36,71160
31,26160
68,34030
33,45300
38,270
66,32550
39,54430
18,8250
85,3900
93,19800
39,29700
62,41100
50,13960
28,600
79,55540
71,54570
75,50500
68,47200
25,110
85,20300
41,60850
80,66700
65,82500
81,38500
64,2200
48,40270
84,5500
56,800
67,12270
63,26690
64,70100
50,75500
52,31500
21,10020
86,16800
36,37970
32,34970
57,11800
58,75500
93,66400
73,40000
60,32640
46,27170
57,30260
56,8600
41,35900
69,32800
78,26900
47,55700
28,41020
42,2160
33,30900
30,6670
89,46500
83,72900
76,39200
49,83000
34,62010
44,32220
40,890
33,27470
43,50120
35,170
32,42700
87,33580
64,62780
93,5800
84,8670
93,18600
57,34800
36,26870
51,39480
27,9380
42,64150
40,9430
71,18280
61,596
60,60690
39,16900
31,5500
81,9400
76,33200
25,10650
58,20630
49,47600
76,17320
59,14100
93,49000
72,35800
51,5400
82,30100
55,52100
36,49700
70,48180
31,30300
57,16100
61,11480
89,1100
57,42230
58,20380
75,68800
87,30800
53,59400
67,28400
65,53800
57,8500
47,103800
78,45700
79,30080
34,20300
83,47200
67,103100
35,12400
82,37100
72,5680
75,11520
66,44500
70,21520
29,39100
88,21030
78,8230
87,11900
60,37310
58,5190
19,2660
59,85000
73,53100
28,25700
38,480
52,26820
60,31590
83,10680
57,18200
23,38300
47,8680
44,24100
36,690
74,95200
69,24210
64,5320
69,13920
31,280
72,20610
21,9640
46,43720
55,65030
22,2004
18,13500
44,720
64,65500
59,103000
74,59800
60,1400
79,17500
72,35100
48,20810
47,28010
74,4680
54,55540
49,300
52,48200
44,49200
37,102300
30,42850
87,36900
51,64250
36,47030
66,48300
68,40600
43,27550
51,74090
48,40850
79,15200
71,15960
76,39100
42,12710
73,22140
74,70800
69,57300
63,31820
34,39300
31,8100
22,7600
93,14200
74,32800
79,58700
59,34120
73,46000
59,25240
40,45010
53,15170
68,64200
70,4480
45,49900
37,12400
37,15100
27,58200
40,68100
81,40700
37,54700
37,5110
70,42400
71,48600
78,29900
49,7220
27,10
61,27050
73,75000
74,32210
55,25900
34,25180
81,97200
33,39350
74,93700
63,980
24,5730
21,2120
19,3080
81,26860
44,8390
47,26300
47,87100
36,62800
79,244
51,52290
73,27200
42,68140
38,12830
81,30700
42,21080
71,29400
41,17370
49,320
66,69900
54,17100
49,45580
20,7310
56,49040
54,45270
62,33710
89,21500
36,13770
93,8050
55,26110
70,41900
81,10600
83,10600
89,38300
67,37400
64,6060
54,40660
48,14050
73,32200
45,4804
43,74004
76,15300
68,61300
78,43900
75,26100
56,34400
59,88000
26,34530
53,7050
87,21590
71,52700
42,700
65,37450
60,3240
63,6350
82,101300
56,60120
78,30860
79,26900
77,41100
27,52004
77,57000
88,64000
85,12920
88,39000
69,22200
39,4400
44,31600
57,25240
62,25100
28,16150
64,23170
18,620
76,25400
79,3450
34,3010
78,74800
56,79000
65,10290
65,17280
57,37480
72,9840
45,5700
53,22700
48,100
72,7840
81,17390
73,7210
79,62100
34,82010
86,60100
26,11150
28,35150
15,890
77,49200
42,83400
71,61700
74,5760
33,5100
54,50
39,71100
67,41300
19,740
87,28800
29,12110
86,21520
66,38300
23,75000
59,67000
57,47450
40,57590
80,60900
60,41800
74,19650
74,6450
84,27500
58,36430
79,54700
23,10460
42,26700
65,53700
86,22300
41,94050
42,21640
68,28990
56,78600
56,89000
85,23140
71,140
72,80200
49,260
51,68400
65,48100
43,55700
35,19030
70,42000
24,24800
71,14100
76,21700
35,35100
53,46080
49,19400
48,48060
21,7240
44,34400
56,43240
55,69470
41,72400
30,16900
87,5890
83,19600
61,18320
59,16940
15,420
67,19990
84,46600
70,31180
48,54180
48,28300
54,87000
38,33200
89,16250
54,60
17,27000
57,8040
71,18010
38,64300
37,38080
31,33580
26,3060
54,39800
68,27010
26,2020
48,102800
47,25140
66,24800
84,14100
79,1600
51,60004
49,28050
48,22050
56,17150
37,15120
28,43040
85,35100
79,2460
76,45400
86,66500
87,25930
74,66300
34,33030
83,32500
61,9200
35,5580
51,32300
33,11350
16,890
76,34200
78,65150
74,50600
48,62350
46,22930
42,13580
54,65900
60,13700
63,15320
50,25200
65,47200
30,17300
72,51800
44,7440
33,354
23,90000
77,2330
62,6900
56,37800
20,45900
82,19200
51,49230
49,31210
37,980
86,33520
93,53100
84,26220
70,26900
26,49700
43,65300
36,30800
66,12190
80,51000
46,47700
84,13500
76,36300
38,5740
19,10480
43,25480
67,10550
62,63100
50,40050
87,21900
77,5500
57,15640
70,24800
49,25700
93,30100
63,17550
47,3700
53,71400
33,8220
29,58500
28,60
46,10300
24,14100
83,25900
53,1300
57,18110
26,38130
78,18200
43,45500
53,7650
63,28000
67,7230
60,69470
62,23400
28,23690
37,34520
93,17940
88,29200
52,27350
88,47650
75,6060
76,21560
63,93610
64,9504
41,26270
41,33820
77,5450
66,30400
93,11840
46,45300
60,94000
48,37200
84,4810
42,52500
44,30200
33,52010
49,25480
50,30100
15,540
78,59400
86,30300
62,18210
31,45400
49,14304
48,40100
78,53900
56,42360
40,16930
67,40820
85,13950
89,1800
83,3400
62,8650
64,44300
64,76000
58,7080
51,45400
68,61400
57,49800
33,19700
73,28600
31,1490
20,980
55,53250
33,25190
78,1580
43,65060
61,24640
38,65300
34,7350
76,62600
78,34500
79,32400
26,93000
54,62800
31,43200
55,45700
48,37010
46,10
56,21900
54,54030
73,16870
34,31020
65,10530
76,40900
78,32500
29,36530
37,30800
17,4204
43,52200
53,46600
40,26530
55,5660
47,39900
47,48010
50,50090
55,1300
38,42600
53,15380
82,17780
25,15960
49,800
61,37060
39,25150
56,34500
50,14150
36,44400
75,47400
16,830
67,20400
52,19750
75,48900
61,105000
50,52800
66,47400
81,52400
35,8650
25,13680
49,22300
75,29200
42,11400
51,40900
20,1710
43,44050
65,38200
83,41610
78,13600
65,18660
78,48600
68,50100
34,29540
29,14010
66,38000
79,20300
69,50800
21,5800
76,48200
84,29700
60,32200
49,80200
60,2040
21,250
85,37100
66,6650
55,21700
56,103000
75,5750
57,47700
61,2100
40,7710
48,33600
