,Prompt,Metrics,Original Prompt,Qualified (Y/N),Modified Prompt (If not qualified),data source type
0,"You are given a list of tickers and their daily closing prices for a given period stored in an input file named ""data.csv"". Implement the most_corr function that, when given the daily closing prices, returns the pair of tickers that are the most highly (linearly) correlated by daily percentage change. The function should follow these specifications:

1. **Input File**: ""data.csv"" - A CSV file containing a dataframe with columns representing each ticker's daily closing prices.
   
2. **Output Requirements**: The function should generate the following output:
   - **Output Format**: A CSV file.
   - **Output Filename**: ""most_corr_output.csv"" - This file should contain two columns labeled ""Ticker 1"" and ""Ticker 2"", representing the pair of tickers that are most correlated by daily percentage change.

Here's the starter code for your implementation:

```python
import pandas as pd
import numpy as np

def most_corr(prices):
    """"""
    :param prices: (pandas.DataFrame) A dataframe containing each ticker's 
                   daily closing prices.
    :returns: (container of strings) A container, containing the two tickers that 
              are the most highly (linearly) correlated by daily percentage change.
    """"""
    return None

# For example, the code below should print: ('FB', 'MSFT')
print(most_corr(pd.DataFrame.from_dict({
    'GOOG' : [
        742.66, 738.40, 738.22, 741.16,
        739.98, 747.28, 746.22, 741.80,
        745.33, 741.29, 742.83, 750.50
    ],
    'FB' : [
        108.40, 107.92, 109.64, 112.22,
        109.57, 113.82, 114.03, 112.24,
        114.68, 112.92, 113.28, 115.40
    ],
    'MSFT' : [
        55.40, 54.63, 54.98, 55.88,
        54.12, 59.16, 58.14, 55.97,
        61.20, 57.14, 56.62, 59.25
    ],
    'AAPL' : [
        106.00, 104.66, 104.87, 105.69,
        104.22, 110.16, 109.84, 108.86,
        110.14, 107.66, 108.08, 109.90
    ]
}))) 
```","acc,correlation coefficients","You are given a list of tickers and their daily closing prices for a given period.
Implement the most_corr function that, when given each ticker's daily closing prices, returns the pair of tickers that are the most highly (linearly) correlated by daily percentage change.
Starter Code: 
```python
import pandas as pd
import numpy as np

def most_corr(prices):
 """"""
 :param prices: (pandas.DataFrame) A dataframe containing each ticker's 
 daily closing prices.
 :returns: (container of strings) A container, containing the two tickers that 
 are the most highly (linearly) correlated by daily percentage change.
 """"""
 return None

#For example, the code below should print: ('FB', 'MSFT')
print(most_corr(pd.DataFrame.from_dict({
 'GOOG' : [
 742.66, 738.40, 738.22, 741.16,
 739.98, 747.28, 746.22, 741.80,
 745.33, 741.29, 742.83, 750.50
 ],
 'FB' : [
 108.40, 107.92, 109.64, 112.22,
 109.57, 113.82, 114.03, 112.24,
 114.68, 112.92, 113.28, 115.40
 ],
 'MSFT' : [
 55.40, 54.63, 54.98, 55.88,
 54.12, 59.16, 58.14, 55.97,
 61.20, 57.14, 56.62, 59.25
 ],
 'AAPL' : [
 106.00, 104.66, 104.87, 105.69,
 104.22, 110.16, 109.84, 108.86,
 110.14, 107.66, 108.08, 109.90
 ]
}))) 
```",Y,,1=no dependency
1,"As part of an application for iris enthusiasts, implement the `train_and_predict` function to classify three types of irises based on four features.

### Subtask Breakdown:

1. **Input Data Preparation**:
   - Input: Prepare a dataset for training and testing. Utilize the `load_iris` dataset from sklearn.
   - Output: Save the training input features and corresponding outputs.
     - Format: CSV
     - Filenames: 
       - `train_input_features.csv` for training input features (sepal length, sepal width, petal length, petal width)
       - `train_outputs.csv` for training outputs (species labels: 0 for Iris setosa, 1 for Iris versicolor, 2 for Iris virginica)

2. **Model Training**:
   - Input: Load `train_input_features.csv` and `train_outputs.csv`
   - Output: The classifier model should be trained.
     - Format: A serialized model file (e.g., using joblib)
     - Filename: `trained_model.joblib`

3. **Prediction**:
   - Input: Load the model from `trained_model.joblib` and use the `X_test` dataset for prediction.
   - Output: Save the predicted species labels for the test set.
     - Format: CSV
     - Filename: `predicted_labels.csv`

4. **Evaluation**:
   - Input: Load the true labels from `y_test` and the predicted labels from `predicted_labels.csv`.
   - Output: Save the accuracy results of the prediction.
     - Format: TXT
     - Filename: `evaluation_results.txt` (this file should contain the accuracy score)

### Function Requirements:
The `train_and_predict` function should:
- Accept three parameters:
  - `train_input_features`: A two-dimensional NumPy array.
  - `train_outputs`: A one-dimensional NumPy array.
  - `prediction_features`: A two-dimensional NumPy array.
- Train a classifier using `train_input_features` and `train_outputs`, and predict for `prediction_features`, returning the predicted labels as an iterable (list or numpy.ndarray).

### Example Starter Code:
```python
import numpy as np
from sklearn import datasets
from sklearn.model_selection import train_test_split
from sklearn import metrics
from sklearn.ensemble import RandomForestClassifier
import joblib
import pandas as pd

def train_and_predict(train_input_features, train_outputs, prediction_features):
    """"""
    :param train_input_features: (numpy.array) A two-dimensional NumPy array.
    :param train_outputs: (numpy.array) A one-dimensional NumPy array.
    :param prediction_features: (numpy.array) A two-dimensional NumPy array.
    :returns: (list) An iterable of the predicted iris species.
    """"""
    model = RandomForestClassifier()
    model.fit(train_input_features, train_outputs)
    return model.predict(prediction_features)

iris = datasets.load_iris()
X_train, X_test, y_train, y_test = train_test_split(iris.data, iris.target,
                                                    test_size=0.3, random_state=0)

# Save data after preparing it
pd.DataFrame(X_train).to_csv('train_input_features.csv', index=False)
pd.DataFrame(y_train).to_csv('train_outputs.csv', index=False)

# After training the model
y_pred = train_and_predict(X_train, y_train, X_test)
pd.DataFrame(y_pred).to_csv('predicted_labels.csv', index=False)

# Evaluate and save results
accuracy = metrics.accuracy_score(y_test, y_pred)
with open('evaluation_results.txt', 'w') as f:
    f.write(f'Accuracy: {accuracy}')
```","acc,precision,recall,f1","As a part of an application for iris enthusiasts, implement the train_and_predict function which should be able to classify three types of irises based on four features.
The train_and_predict function accepts three parameters:
• train_input_features - a two-dimensional NumPy array where each element is an array that contains: sepal length, sepal width, petal length, and petal width.
• train_outputs - a one-dimensional NumPy array where each element is a number representing the species of iris which is described in the same row of train_input_features. O represents Iris setosa, 1 represents Iris versicolor, and 2 represents Iris virginica.
• prediction_features - two-dimensional NumPy array where each element is an array that contains: sepal length, sepal width, petal length, and petal width.
The function should train a classifier using train_ input_features as input data and train_ outputs as the expected result. After that, the function should use the trained classifier to predict labels for prediction_features and return them as an iterable (like list or numpy.ndarray). The nth position in the result should be the classification of the nth row of the prediction_ features parameter.
Starter Code: 
```python
import numpy as np
from sklearn import datasets
from sklearn.model_selection import train_test_split
from sklearn import metrics

def train_and_predict(train_input_features, train_outputs, prediction_features):
 """"""
 :param train_input_features: (numpy.array) A two-dimensional NumPy array where each element
 is an array that contains: sepal length, sepal width, petal length, and petal width 
 :param train_outputs: (numpy.array) A one-dimensional NumPy array where each element
 is a number representing the species of iris which is described in
 the same row of train_input_features. 0 represents Iris setosa,
 1 represents Iris versicolor, and 2 represents Iris virginica.
 :param prediction_features: (numpy.array) A two-dimensional NumPy array where each element
 is an array that contains: sepal length, sepal width, petal length, and petal width
 :returns: (list) The function should return an iterable (like list or numpy.ndarray) of the predicted 
 iris species, one for each item in prediction_features
 """""" 
 pass

iris = datasets.load_iris()
X_train, X_test, y_train, y_test = train_test_split(iris.data, iris.target,
 test_size=0.3, random_state=0)

y_pred = train_and_predict(X_train, y_train, X_test)
if y_pred is not None:
 print(metrics.accuracy_score(y_test, y_pred))
```",N,"As part of an application for iris enthusiasts, implement the `train_and_predict` function to classify three types of irises based on four features. The function should be able to handle input and output in the form of specified files, ensuring a standardized data format.

### Input:
- **train_input_file**: A file containing a two-dimensional NumPy array, where each element is an array with four features: sepal length, sepal width, petal length, and petal width.
- **train_output_file**: A file containing a one-dimensional NumPy array, where each element is a number representing the species of iris corresponding to the same row in `train_input_file`. 0 represents Iris setosa, 1 represents Iris versicolor, and 2 represents Iris virginica.
- **prediction_input_file**: A file containing a two-dimensional NumPy array, where each element is an array with four features: sepal length, sepal width, petal length, and petal width.

### Output:
- **prediction_output_file**: A file to store the predicted iris species as an iterable (like a list or `numpy.ndarray`). The nth position in the result should correspond to the classification of the nth row of the data in `prediction_input_file`.

### Instructions:
- The `train_and_predict` function should train a classifier using the data from `train_input_file` and `train_output_file`.
- The trained classifier should then predict the labels for the data in `prediction_input_file`.
- Save the predicted labels to `prediction_output_file`.

### Starter Code:
```python
import numpy as np
from sklearn import datasets
from sklearn.model_selection import train_test_split
from sklearn import metrics

def train_and_predict(train_input_file, train_output_file, prediction_input_file, prediction_output_file):
# Load input files
train_input_features = np.load(train_input_file)
train_outputs = np.load(train_output_file)
prediction_features = np.load(prediction_input_file)

# [Implement the classifier training and prediction here]
    
# Save the predictions to output file
np.save(prediction_output_file, predictions)

# Example usage
iris = datasets.load_iris()
X_train, X_test, y_train, y_test = train_test_split(iris.data, iris.target, test_size=0.3, random_state=0)

# Saving the training and testing data to files
np.save('train_input.npy', X_train)
np.save('train_output.npy', y_train)
np.save('prediction_input.npy', X_test)

# Run the train_and_predict function
train_and_predict('train_input.npy', 'train_output.npy', 'prediction_input.npy', 'prediction_output.npy')

# Load and print the accuracy of the prediction
y_pred = np.load('prediction_output.npy')
print(metrics.accuracy_score(y_test, y_pred))
```
---

This prompt ensures the function works with standardized input/output files while preserving the original functionality and tasks.",2=open source data
2,"Implement the desired _marketing_ expenditure function, which returns the required amount of money that needs to be invested in a new marketing campaign to sell the desired number of units. 

### Subtasks:
1. **Data Preparation**:
   - **Input**: Read the previous campaign data from the file named `campaign_data.csv`, which contains the following columns: Campaign, Marketing expenditure, Units sold.
   - **Output**: Prepare cleaned data and save it as `cleaned_campaign_data.csv`.

2. **Model Training**:
   - **Input**: Use the cleaned data from `cleaned_campaign_data.csv`.
   - **Output**: Train a linear regression model and save the model parameters (coefficients) in a file named `model_parameters.csv`.

3. **Expenditure Calculation**:
   - **Input**: Use the model parameters from `model_parameters.csv` and the desired number of units to sell.
   - **Output**: Calculate the required marketing expenditure and save the result as `required_expenditure.txt` containing a single float value.

### Note:
Use the following previous campaign data to evaluate how the number of units sold grows linearly as the amount of money invested increases:

```
Campaign       Marketing expenditure       Units sold
#1                                 300,000                  60,000
#2                                 200,000                  50,000
#3                                 400,000                  90,000
#4                                 300,000                  80,000
#5                                 100,000                  30,000
```

Starter Code: 
```python
import numpy as np
from sklearn import linear_model

def desired_marketing_expenditure(marketing_expenditure, units_sold, desired_units_sold):
    """"""
    :param marketing_expenditure: (list) A list of integers with the expenditure for each previous campaign.
    :param units_sold: (list) A list of integers with the number of units sold for each previous campaign.
    :param desired_units_sold: (integer) Target number of units to sell in the new campaign.
    :returns: (float) Required amount of money to be invested.
    """"""
    return None

#For example, with the parameters below, the function should return 250000.0
print(desired_marketing_expenditure(
    [300000, 200000, 400000, 300000, 100000],
    [60000, 50000, 90000, 80000, 30000],
    60000))
```","acc,distance","Implement the desired _marketing_ expenditure function, which returns the required amount of money that needs to be invested in a new marketing campaign to sell the desired number of units.
Use the data from previous marketing campaigns to evaluate how the number of units sold grows linearly as the amount of money invested increases.
For example, for the desired number of 60,000 units sold and previous campaign data from the table below, the function should return the float 250,000.
Previous campaigns
Campaign Marketing expenditure Units sold
#1 300,000 60,000
#2 200,000 50,000
#3 400,000 90,000
#4 300,000 80,000
#5 100,000 30,000
Starter Code: 
```python
import numpy as np
from sklearn import linear_model

def desired_marketing_expenditure(marketing_expenditure, units_sold, desired_units_sold):
 """"""
 :param marketing_expenditure: (list) A list of integers with the expenditure for each previous campaign.
 :param units_sold: (list) A list of integers with the number of units sold for each previous campaign.
 :param desired_units_sold: (integer) Target number of units to sell in the new campaign.
 :returns: (float) Required amount of money to be invested.
 """"""
 return None

#For example, with the parameters below, the function should return 250000.0
print(desired_marketing_expenditure(
 [300000, 200000, 400000, 300000, 100000],
 [60000, 50000, 90000, 80000, 30000],
 60000))
```",Y,,1=no dependency
3,"Refined Prompt: A company stores login data and passwords in two different containers:

1. Input: `id_name_verified` (DataFrame stored in ""data.csv"") with columns: Id, Login, Verified.
2. Input: `id_password` (NumPy array stored in ""passwords.npy"") where each element is an array containing: Id and Password. Elements on the same row/index have the same Id.

Implement the function `login_table` that accepts these two containers and modifies the `id_name_verified` DataFrame in-place, so that:

- The Verified column should be removed.
- The Password from the NumPy array should be added as the last column with the name ""Password"" to the DataFrame.

Output: The modified `id_name_verified` DataFrame should be saved to ""output.csv"".

For example, the following code snippet:
```python
id_name_verified = pd.DataFrame([[1, ""JohnDoe"", True], [2, ""AnnFranklin"", False]], columns=['Id', 'Login', 'Verified'])
id_password = np.array([[1, 987340123], [2, 187031122]], np.int32)
login_table(id_name_verified, id_password)
print(id_name_verified)
```
Should yield:
```
    Id                Login       Password
0   1           JohnDoe    987340123
1    2     AnnFranklin    187031122
```

Below is the starter code:
```python
import pandas as pd
import numpy as np
 
def login_table(id_name_verified, id_password):
   # :param id_name_verified: (DataFrame) DataFrame with columns: Id, Login, Verified.
   # :param id_password: (numpy.array) Two-dimensional NumPy array where each element
   #                     is an array that contains: Id and Password
   # :returns: (None) The function should modify id_name_verified DataFrame in-place.
   #           It should not return anything.
   pass
 
id_name_verified = pd.read_csv(""data.csv"")
id_password = np.load(""passwords.npy"")
login_table(id_name_verified, id_password)
id_name_verified.to_csv(""output.csv"", index=False)
```","data format, feature integrity","A company stores login data and passwords in two different containers:

DataFrame with columns: Id, Login, Verified.
Two-dimensional NumPy array where each element is an array that contains: Id and Password. Elements on the same row/index have the same Id.
Implement the function login_table that accepts these two containers and modifies id_name_verified DataFrame in-place, so that:

The Verified column should be removed.
The password from NumPy array should be added as the last column with the name ""Password"" to DataFrame.

For example, the following code snippet:
id_name_verified = pd.DataFrame([[1, ""JohnDoe"", True], [2, ""AnnFranklin"", False]], columns=['Id', 'Login', 'Verified'])
id_password = np.array([[1, 987340123], [2, 187031122]], np.int32)
login_table(id_name_verified, id_password)
print(id_name_verified)

Should print:
 Id Login Password
0 1 JohnDoe 987340123
1 2 AnnFranklin 187031122

Below is the starter code:
python```
import pandas as pd
import numpy as np
 
def login_table(id_name_verified, id_password):
 # :param id_name_verified: (DataFrame) DataFrame with columns: Id, Login, Verified.
 # :param id_password: (numpy.array) Two-dimensional NumPy array where each element
 # is an array that contains: Id and Password
 # :returns: (None) The function should modify id_name_verified DataFrame in-place.
 # It should not return anything.
 pass
 
id_name_verified = pd.DataFrame([[1, ""JohnDoe"", True], [2, ""AnnFranklin"", False]], columns=[""Id"", ""Login"", ""Verified""])
id_password = np.array([[1, 987340123], [2, 187031122]], np.int32)
login_table(id_name_verified, id_password)
print(id_name_verified)
```",N,"A company stores login data and passwords in two different containers:

1. Input: `id_name_verified` (DataFrame stored in """"data.csv"""") with columns: Id, Login, Verified.
2. Input: `id_password` (NumPy array stored in """"passwords.npy"""") where each element is an array containing: Id and Password. Elements on the same row/index have the same Id.

Implement the function `login_table` that accepts these two containers and modifies the `id_name_verified` DataFrame in-place, so that:

- The Verified column should be removed.
- The Password from the NumPy array should be added as the last column with the name """"Password"""" to the DataFrame.

Output: The modified `id_name_verified` DataFrame should be saved to """"output.csv"""".

For example, the following code snippet:
```python
id_name_verified = pd.DataFrame([[1, """"JohnDoe"""", True], [2, """"AnnFranklin"""", False]], columns=['Id', 'Login', 'Verified'])
id_password = np.array([[1, 987340123], [2, 187031122]], np.int32)
login_table(id_name_verified, id_password)
print(id_name_verified)
```
Should yield:
```
Id                Login       Password
0   1           JohnDoe    987340123
1    2     AnnFranklin    187031122
```

Below is the starter code:
```python
import pandas as pd
import numpy as np
 
def login_table(id_name_verified, id_password):
# :param id_name_verified: (DataFrame) DataFrame with columns: Id, Login, Verified.
# :param id_password: (numpy.array) Two-dimensional NumPy array where each element
#                     is an array that contains: Id and Password
# :returns: (None) The function should modify id_name_verified DataFrame in-place.
#           It should not return anything.
pass
 
id_name_verified = pd.read_csv(""""data.csv"""")
id_password = np.load(""""passwords.npy"""")
login_table(id_name_verified, id_password)
id_name_verified.to_csv(""""output.csv"""", index=False)
```""",1=no dependency
4,"You are required to solve a sentiment classification task using the gpt2-small model.

1. **Data Preprocessing:**
   - Input: ""data.csv"" (the EleutherAI/twitter-sentiment dataset)
   - Output: ""preprocessed_data.csv"" (the preprocessed dataset in CSV format)

2. **Model Fine-Tuning:**
   - Input: ""preprocessed_data.csv""
   - Output: ""model_checkpoint.pt"" (the fine-tuned model checkpoint)

3. **Model Evaluation:**
   - Input: ""model_checkpoint.pt"" (the fine-tuned model)
   - Output: ""evaluation_results.csv"" (CSV file containing evaluation metrics)

4. **Performance Report Generation:**
   - Input: ""evaluation_results.csv""
   - Output: ""performance_report.pdf"" (a comprehensive report on the model's performance in PDF format)

If there are missing packages, please install them.","data quality,acc,precision,recall,f1,feature importance,feature integrity","You are required to solve a sentiment classification task using the gpt2-small model.
 
The dataset is EleutherAI/twitter-sentiment from huggingface. Please preprocess the data and fine-tune the model on the training set.

The model should be evaluated on the evaluation set and the results should be saved in a csv file at {save_path}, and the checkpoint should be saved in {ckpt_path}.

Finally, also generate a comprehensive report on the model's performance.

If there're missing packages, please install them.",N,"You are required to solve a sentiment classification task using the gpt2-small model.

1. **Data Preprocessing and Model Fine-Tuning:**
   - Input: ""test-00000-of-00001.parquet"" and ""train-00000-of-00001.parquet"" (the EleutherAI/twitter-sentiment dataset)
   - Output: ""model_checkpoint.pt"" (the fine-tuned model checkpoint)

2. **Model Evaluation:**
   - Input: ""model_checkpoint.pt"" (the fine-tuned model)
   - Output: ""evaluation_results.csv"" (CSV file containing evaluation metrics)

3. **Performance Report Generation:**
   - Input: ""evaluation_results.csv""
   - Output: ""performance_report.pdf"" (a comprehensive report on the model's performance in PDF format)

If there are missing packages, please install them.",2=open source data
5,"You are required to solve an employee churn prediction task using the IBM HR Analytics Employee Attrition & Performance dataset from Kaggle (https://www.kaggle.com/pavansubhasht/ibm-hr-analytics-attrition-dataset).

1. **Load the dataset**:  
   - **Input**: ""data.csv""  
   - **Output**: ""loaded_data.csv"" (This file should contain the loaded dataset with any initial observations noted.)

2. **Identify and handle missing or anomalous values**:  
   - **Input**: ""loaded_data.csv""  
   - **Output**: ""cleaned_data.csv"" (This file should contain the dataset after imputation or other handling of missing and anomalous values.)

3. **Perform data transformations**:  
   - **Input**: ""cleaned_data.csv""  
   - **Output**: ""transformed_data.csv"" (This file should contain the dataset with encoded categorical variables, scaled numerical features, and balanced class distribution.)

4. **Conduct feature engineering**:  
   - **Input**: ""transformed_data.csv""  
   - **Output**: ""feature_engineered_data.csv"" (This file should include the selected relevant features and any newly created ones for prediction.)

5. **Split the dataset into training and testing sets**:  
   - **Input**: ""feature_engineered_data.csv""  
   - **Output**: ""train_data.csv"" and ""test_data.csv"" (These files should contain the split dataset for training and testing.)

6. **Select and build a predictive model using Random Forest**:  
   - **Input**: ""train_data.csv""  
   - **Output**: ""random_forest_model.pkl"" (This file should contain the trained Random Forest model.)

7. **Optimize the model through hyperparameter tuning**:  
   - **Input**: ""random_forest_model.pkl"" and ""train_data.csv""  
   - **Output**: ""tuned_model.pkl"" (This file should contain the optimized model.)

8. **Evaluate the model on the test set**:  
   - **Input**: ""tuned_model.pkl"" and ""test_data.csv""  
   - **Output**: ""evaluation_metrics.csv"" (This file should include metrics such as accuracy, precision, recall, F1-score, and ROC-AUC.)

9. **Save the model's predictions and evaluation results**:  
   - **Input**: ""evaluation_metrics.csv"" and ""test_data.csv""  
   - **Output**: ""model_predictions.csv"" (This file should include model predictions alongside the actual values for evaluation.)

10. **Generate a comprehensive report**:  
    - **Input**: ""loaded_data.csv"", ""cleaned_data.csv"", ""transformed_data.csv"", ""feature_engineered_data.csv"", ""evaluation_metrics.csv"", and visualizations.  
    - **Output**: ""model_report.pdf"" (This file should contain a detailed report including preprocessing steps, feature engineering, model tuning, evaluation results, and relevant visualizations such as feature importance plots, ROC curves, and confusion matrices.)

Ensure all steps are documented appropriately to allow for evaluation of the task completion.","data quality,acc,precision,recall,f1,ROC-AUC,feature importance,feature integrity","You are required to solve a employee churn prediction task using the IBM HR Analytics Employee Attrition & Performance dataset from Kaggle (https://www.kaggle.com/pavansubhasht/ibm-hr-analytics-attrition-dataset).
First, load the dataset and identify any missing or anomalous values, handling them appropriately through imputation or other means. Perform necessary data transformations such as encoding categorical variables, scaling numerical features, and addressing class imbalance using techniques like SMOTE. Conduct feature engineering to select relevant features and create new ones that may aid in predicting employee churn. Split the dataset into training and testing sets.
Next, select the Random Forest algorithm to build a predictive model. Optimize the model through hyperparameter tuning using grid search or random search methods to find the best combination of parameters.
Evaluate the model on the test set using metrics such as accuracy, precision, recall, F1-score, and ROC-AUC. Save the model's predictions and evaluation results in a CSV file at {save_path}, and save the model checkpoint at {ckpt_path}. Generate a comprehensive report detailing the data preprocessing steps, feature engineering process, model selection and tuning, and evaluation results. Include visualizations such as feature importance plots, ROC curves, and confusion matrices to illustrate the model's performance, and discuss the potential business implications of the model's predictions. Save the report as a PDF file at {report_path}.",N,"
You are required to solve an employee churn prediction task using the IBM HR Analytics Employee Attrition & Performance dataset from Kaggle

1. **Input:** Load the dataset from the file `WA_Fn-UseC_-HR-Employee-Attrition.csv`. Identify any missing or anomalous values, and handle them appropriately through imputation or other means. Perform necessary data transformations, including encoding categorical variables, scaling numerical features, and addressing class imbalance using techniques like SMOTE.

2. **Feature Engineering:** Conduct feature engineering to select relevant features and create new ones that may aid in predicting employee churn. 

3. **Dataset Splitting:** Split the dataset into training and testing sets, saving them as `data/train_set.csv` and `data/test_set.csv`.

4. **Model Building:** Use the Random Forest algorithm to build a predictive model. Optimize the model through hyperparameter tuning using grid search or random search methods to find the best combination of parameters.

5. **Evaluation:** Evaluate the model on the test set using metrics such as accuracy, precision, recall, F1-score, and ROC-AUC. Save the model's predictions in a CSV file at `results/predictions.csv` and the evaluation results in a CSV file at `results/evaluation_metrics.csv`. Save the trained model checkpoint at `models/random_forest_model.pkl`.

6. **Reporting:** Generate a comprehensive report detailing the data preprocessing steps, feature engineering process, model selection and tuning, and evaluation results. Include visualizations such as feature importance plots, ROC curves, and confusion matrices to illustrate the model's performance. Discuss the potential business implications of the model's predictions. Save the report as a PDF file at `reports/model_report.pdf`.",2=open source data
6,"You are required to analyze and visualize the ""Global Terrorism Database"" from Kaggle (https://www.kaggle.com/START-UMD/gtd). Please follow the steps below:

1. **Load the dataset**  
   Input: `gtd.csv`  
   Output: `loaded_data.csv` (This should contain the original data loaded without any modifications.)

2. **Data Cleaning**  
   - Handle missing values  
   - Remove duplicates  
   - Correct anomalies  
   Input: `loaded_data.csv`  
   Output: `cleaned_data.csv` (This should reflect the cleaned dataset, ready for analysis.)

3. **Exploratory Data Analysis (EDA)**  
   - Calculate basic statistical indicators such as mean, median, and standard deviation  
   - Provide summary statistics for key features (attack type, target type, region)  
   Input: `cleaned_data.csv`  
   Output: `eda_summary_statistics.csv` (This should include all calculated statistics for key features.)

4. **Generate Visualizations**  
   - Create histograms and box plots for numerical features  
   - Generate bar plots for categorical variables  
   - Use scatter plots and heatmaps to visualize relationships and correlations  
   Input: `cleaned_data.csv`  
   Output: `visualizations.pdf` (This should include all visualizations generated in a single PDF file.)

5. **Identify Patterns in Data Related to Terrorist Activities**  
   - Determine trends over time  
   - Identify geographical hotspots  
   - Analyze common attack methods  
   Input: `cleaned_data.csv`  
   Output: `patterns_analysis.csv` (This should summarize the identified patterns, trends, and hotspots.)

6. **Clustering Techniques**  
   - Use K-means clustering to identify patterns and group similar incidents  
   Input: `cleaned_data.csv`  
   Output: `clustering_results.csv` (This should include the results of the clustering analysis, showing which group each incident belongs to.) 

Ensure that each output file reflects the quality of the completion of the respective subtask for further evaluation.","data quality,mean,median,std,visualization,silhouette score","You are required to analyze and visualize the ""Global Terrorism Database"" from Kaggle (https://www.kaggle.com/START-UMD/gtd).Please load the dataset and perform data cleaning by handling missing values, removing duplicates, and correcting any anomalies. Conduct an exploratory data analysis (EDA) to understand the distribution and relationships within the dataset. Calculate basic statistical indicators such as mean, median, standard deviation, and provide summary statistics for key features like attack type, target type, and region.Generate visualizations to uncover patterns and insights. Create histograms and box plots to display the distribution of numerical features, and bar plots to show the frequency of categorical variables. Use scatter plots and heatmaps to visualize relationships and correlations between features.Identify patterns in the data related to terrorist activities. For instance, determine trends over time, geographical hotspots, and common attack methods. Use clustering techniques (e.g., K-means clustering) to identify patterns and group similar incidents together.",Y,,2=open source data
7,"You are required to perform a comprehensive analysis on the ""Online Retail II"" dataset from UCI Machine Learning Repository (https://archive.ics.uci.edu/ml/datasets/Online+Retail+II). 

1. **Data Visualization:**
   - Conduct data visualizations to understand the dataset better. 
   - Create the following visualizations:
     - A bar chart showing the distribution of transactions by country.
       - **Output format:** PNG
       - **Output filename:** distribution_by_country.png
     - A time series plot displaying sales trends over time.
       - **Output format:** PNG
       - **Output filename:** sales_trends_over_time.png
     - A heatmap illustrating the correlation between different features.
       - **Output format:** PNG
       - **Output filename:** correlation_heatmap.png
   - **Input file:** online_retail.csv

2. **Data Mining:**
   - Use data mining techniques to uncover valuable insights from the dataset.
   - Perform market basket analysis using the Apriori algorithm to find frequent itemsets and association rules.
     - **Output format:** CSV
     - **Output filename:** frequent_itemsets.csv
   - Identify the most popular products and analyze customer purchasing patterns.
     - **Output format:** CSV
     - **Output filename:** popular_products_analysis.csv

3. **Comprehensive Report:**
   - Generate a comprehensive report detailing the data visualizations and insights gained from data mining.
   - Include all visualizations, discuss the identified patterns, and their potential business implications.
   - **Output format:** PDF
   - **Output filename:** comprehensive_report.pdf

All outputs should reflect the quality of completion for each subtask, allowing for further evaluation of the analysis performed.","visualization,correlation coefficients","You are required to perform a comprehensive analysis on the ""Online Retail II"" dataset from UCI Machine Learning Repository (https://archive.ics.uci.edu/ml/datasets/Online+Retail+II).
Please conduct data visualization to understand the data better. Create visualizations such as bar charts to show the distribution of transactions by country, time series plots to display sales trends over time, and heatmaps to illustrate the correlation between different features.Use data mining techniques to uncover valuable insights from the dataset. For instance, perform market basket analysis using the Apriori algorithm to find frequent itemsets and association rules. Identify the most popular products and analyze customer purchasing patterns.Generate a comprehensive report detailing the data visualizations, and insights gained from data mining. Include all visualizations, discuss the identified patterns, and their potential business implications. Save the report as a PDF file at {report_path}.",N,"""You are required to perform a comprehensive analysis on the """"Online Retail II"""" dataset from UCI Machine Learning Repository 
- **Input file:** online_retail_II.xlsx
1. **Data Visualization:**
- Conduct data visualizations to understand the dataset better. 
- Create the following visualizations:
- A bar chart showing the distribution of transactions by country.
- **Output filename:** distribution_by_country.png
- A time series plot displaying sales trends over time.
- **Output filename:** sales_trends_over_time.png
- A heatmap illustrating the correlation between different features.
- **Output filename:** correlation_heatmap.png

2. **Data Mining:**
- Use data mining techniques to uncover valuable insights from the dataset.
- Perform market basket analysis using the Apriori algorithm to find frequent itemsets and association rules.
- **Output filename:** frequent_itemsets.csv
- Identify the most popular products and analyze customer purchasing patterns.
- **Output filename:** popular_products_analysis.csv

3. **Comprehensive Report:**
- Generate a comprehensive report detailing the data visualizations and insights gained from data mining.
- Include all visualizations, discuss the identified patterns, and their potential business implications.
- **Output filename:** comprehensive_report.pdf

All outputs should reflect the quality of completion for each subtask, allowing for further evaluation of the analysis performed.""",2=open source data
8,"Please conduct a thorough examination of the ""World Happiness Report"" dataset available on Kaggle (https://www.kaggle.com/unsdsn/world-happiness) to uncover meaningful insights into global happiness trends. 

1. **Data Import and Cleaning:**
   - **Input Filename:** `data.csv` (the downloaded dataset)
   - **Output Filename:** `cleaned_data.csv`
   - Execute a rigorous data cleaning process, including addressing missing values, encoding categorical variables, and eliminating duplicate entries.

2. **Data Exploration with Clustering:**
   - **Input Filename:** `cleaned_data.csv`
   - **Output Filename:** `clusters.csv`
   - Employ clustering algorithms such as K-means to segment countries based on their happiness scores, revealing clusters with similar characteristics.

3. **Association Rule Mining:**
   - **Input Filename:** `cleaned_data.csv`
   - **Output Filename:** `association_rules.csv`
   - Implement association rule mining to uncover the relationships between various features (like GDP per capita, social support, and life expectancy) with the overall happiness score.

4. **Pattern Analysis:**
   - **Input Filename:** `cleaned_data.csv`
   - **Output Filename:** `pattern_analysis.csv`
   - Analyze the dataset to identify and elucidate distinct patterns in happiness across different nations, pinpointing the most influential features contributing to high happiness scores and highlighting any regional patterns or anomalies.

5. **Visualizations:**
   - **Input Filename:** `cleaned_data.csv`
   - **Output Filenames:**
     - `scatter_plot.png` (scatter plots depicting the correlation between key features and happiness scores)
     - `heatmap.png` (heatmaps illustrating the strength of feature correlations)
     - `cluster_plot.png` (cluster plots visualizing the categorization of countries based on clustering outcomes)

6. **Final Report:**
   - **Input Filename:** `cleaned_data.csv`, `clusters.csv`, `association_rules.csv`, `pattern_analysis.csv`, and all visualizations
   - **Output Filename:** `happiness_analysis_report.pdf`
   - Compile a detailed report encapsulating the steps taken in data cleaning, methodologies applied in data mining, key patterns discovered, and their significance in comprehending global happiness.","data quality,visualization,correlation coefficients,silhouette score","Please conduct a thorough examination of the ""World Happiness Report"" dataset available on Kaggle (https://www.kaggle.com/unsdsn/world-happiness) to uncover meaningful insights into global happiness trends. Begin by importing the dataset and executing a rigorous data cleaning process, which includes addressing missing values, encoding categorical variables, and eliminating any duplicate entries.Proceed to delve into data exploration, employing clustering algorithms such as K-means to segment countries based on their happiness scores, revealing clusters with similar characteristics. Additionally, implement association rule mining to uncover the relationships between various features like GDP per capita, social support, and life expectancy with the overall happiness score.
Analyze the dataset to identify and elucidate distinct patterns in happiness across different nations. Specifically, pinpoint the most influential features contributing to high happiness scores, and highlight any regional patterns or anomalies that may exist.
Support your findings with a series of visual aids. Craft scatter plots to depict the correlation between key features and happiness scores, utilize heatmaps to illustrate the strength of feature correlations, and create cluster plots to visualize the categorization of countries based on the clustering outcomes.
Conclude your analysis by compiling a detailed report that encapsulates the steps taken in data cleaning, the methodologies applied in data mining, the key patterns discovered, and their significance in comprehending global happiness. The report should be accompanied by all generated visualizations and should discuss any prominent trends or insights identified. Ensure the final report is saved as a PDF file at the specified location: {report_path}.",N,"Please conduct a thorough examination of the ""World Happiness Report"" dataset available on Kaggle (https://www.kaggle.com/unsdsn/world-happiness) to uncover meaningful insights into global happiness trends. 

1. **Data Import and Cleaning:**
   - **Input Filename:** `2015.csv` to `2019.csv` (the downloaded dataset)
   - **Output Filename:** `cleaned_data.csv`
   - Execute a rigorous data cleaning process, including addressing missing values, encoding categorical variables, and eliminating duplicate entries.

2. **Data Exploration with Clustering:**
   - **Input Filename:** `cleaned_data.csv`
   - **Output Filename:** `clusters.csv`
   - Employ clustering algorithms such as K-means to segment countries based on their happiness scores, revealing clusters with similar characteristics.

3. **Association Rule Mining:**
   - **Input Filename:** `cleaned_data.csv`
   - **Output Filename:** `association_rules.csv`
   - Implement association rule mining to uncover the relationships between various features (like GDP per capita, social support, and life expectancy) with the overall happiness score.

4. **Pattern Analysis:**
   - **Input Filename:** `cleaned_data.csv`
   - **Output Filename:** `pattern_analysis.csv`
   - Analyze the dataset to identify and elucidate distinct patterns in happiness across different nations, pinpointing the most influential features contributing to high happiness scores and highlighting any regional patterns or anomalies.

5. **Visualizations:**
   - **Input Filename:** `cleaned_data.csv`
   - **Output Filenames:**
     - `scatter_plot.png` (scatter plots depicting the correlation between key features and happiness scores)
     - `heatmap.png` (heatmaps illustrating the strength of feature correlations)
     - `cluster_plot.png` (cluster plots visualizing the categorization of countries based on clustering outcomes)

6. **Final Report:**
   - **Input Filename:** `cleaned_data.csv`, `clusters.csv`, `association_rules.csv`, `pattern_analysis.csv`, and all visualizations
   - **Output Filename:** `happiness_analysis_report.pdf`
   - Compile a detailed report encapsulating the steps taken in data cleaning, methodologies applied in data mining, key patterns discovered, and their significance in comprehending global happiness.",2=open source data
9,"You are required to analyze and visualize the ""Heart Disease UCI"" dataset from the UCI Machine Learning Repository (https://archive.ics.uci.edu/ml/datasets/heart+disease). Please follow the subtasks outlined below and ensure to use the specified input and output formats for each task:

1. **Load the dataset**  
   - **Input**: `heart+disease` directory  
   - **Output file**: `dataset_loaded.csv` (contains the dataset loaded into a DataFrame)

2. **Data Cleaning**  
   - Handle missing values, encode categorical variables, and remove duplicates.  
   - **Input file**: `heart_disease.csv`  
   - **Output file**: `cleaned_data.csv` (cleaned dataset ready for analysis)

3. **Exploratory Data Analysis (EDA)**  
   - Calculate and report basic statistical indicators (mean, median, standard deviation) for numerical features like age, cholesterol, and max heart rate achieved.  
   - Provide summary statistics for categorical features like sex, chest pain type, and target (presence of heart disease).  
   - **Input file**: `cleaned_data.csv`  
   - **Output file**: `eda_statistics.csv` (CSV file containing basic statistical indicators)

4. **Generate Visualizations**  
   - Create histograms for numerical features, bar plots for categorical features, box plots to visualize distribution across patient groups (e.g., by sex or chest pain type), and correlation heatmaps.  
   - **Input file**: `cleaned_data.csv`  
   - **Output file**: `visualizations.pdf` (PDF file containing all plots)

5. **Identify Patterns Related to Heart Disease**  
   - Analyze relationships between features (e.g., age, cholesterol level, exercise-induced angina) and heart disease presence.  
   - **Input file**: `cleaned_data.csv`  
   - **Output file**: `patterns_analysis.csv` (CSV file detailing observed patterns)

6. **Clustering Techniques**  
   - Use K-means clustering to identify patterns and group similar patients.  
   - **Input file**: `cleaned_data.csv`  
   - **Output file**: `clustering_results.csv` (CSV file with clustering results and patient groups)

Ensure each output file reflects the quality of completion for the respective subtask, allowing for further evaluation of your analysis and findings.","data quality,visualization,silhouette score,mean,median,std,data distribution","You are required to analyze and visualize the ""Heart Disease UCI"" dataset from the UCI Machine Learning Repository (https://archive.ics.uci.edu/ml/datasets/heart+disease). Start by loading the dataset and performing data cleaning, including handling missing values, encoding categorical variables, and removing duplicates. Conduct an exploratory data analysis (EDA) to understand the distribution and relationships within the dataset by calculating and reporting basic statistical indicators such as mean, median, and standard deviation for numerical features like age, cholesterol, and max heart rate achieved, and providing summary statistics for categorical features like sex, chest pain type, and target (presence of heart disease). Generate visualizations to help understand the data, including histograms for numerical features, bar plots for categorical features, box plots to visualize the distribution of key numerical features across different patient groups (e.g., by sex or chest pain type), and correlation heatmaps to identify potential relationships between different features. Identify patterns in the data related to heart disease by analyzing how different features (e.g., age, cholesterol level, exercise-induced angina) relate to the presence of heart disease, and use clustering techniques (e.g., K-means clustering) to identify patterns and group similar patients together.",N,"You are required to analyze and visualize the ""Heart Disease UCI"" dataset from the UCI Machine Learning Repository (https://archive.ics.uci.edu/ml/datasets/heart+disease). Please follow the subtasks outlined below and ensure to use the specified input and output formats for each task:

1. **Load the dataset**  
   - **Input**: `heart+disease` directory (The downloaded dataset)
   - **Output file**: `dataset_loaded.csv` (contains the dataset loaded into a DataFrame)

2. **Data Cleaning**  
   - Handle missing values, encode categorical variables, and remove duplicates.  
   - **Input file**: `heart_disease.csv`  
   - **Output file**: `cleaned_data.csv` (cleaned dataset ready for analysis)

3. **Exploratory Data Analysis (EDA)**  
   - Calculate and report basic statistical indicators (mean, median, standard deviation) for numerical features like age, cholesterol, and max heart rate achieved.  
   - Provide summary statistics for categorical features like sex, chest pain type, and target (presence of heart disease).  
   - **Input file**: `cleaned_data.csv`  
   - **Output file**: `eda_statistics.csv` (CSV file containing basic statistical indicators)

4. **Generate Visualizations**  
   - Create histograms for numerical features, bar plots for categorical features, box plots to visualize distribution across patient groups (e.g., by sex or chest pain type), and correlation heatmaps.  
   - **Input file**: `cleaned_data.csv`  
   - **Output file**: `visualizations.pdf` (PDF file containing all plots)

5. **Identify Patterns Related to Heart Disease**  
   - Analyze relationships between features (e.g., age, cholesterol level, exercise-induced angina) and heart disease presence.  
   - **Input file**: `cleaned_data.csv`  
   - **Output file**: `patterns_analysis.csv` (CSV file detailing observed patterns)

6. **Clustering Techniques**  
   - Use K-means clustering to identify patterns and group similar patients.  
   - **Input file**: `cleaned_data.csv`  
   - **Output file**: `clustering_results.csv` (CSV file with clustering results and patient groups)

Ensure each output file reflects the quality of completion for the respective subtask, allowing for further evaluation of your analysis and findings.",2=open source data
10,"Undertake a comprehensive analysis and construct a robust predictive model using the ""Housing Prices"" dataset from Kaggle (https://www.kaggle.com/c/house-prices-advanced-regression-techniques/data) to forecast residential property values.

1. **Data Import and Cleaning**: 
   - **Input**: ""housing_prices.csv"" (the downloaded dataset from Kaggle)
   - **Output**: ""cleaned_data.csv"" (the processed dataset after cleaning)

2. **Predictive Model Development**:
   - **Input**: ""cleaned_data.csv"" (the dataset after cleaning)
   - **Output**: ""predicted_prices.csv"" (containing the predicted house prices along with actual values for comparison)

3. **Model Evaluation**:
   - **Output**: ""model_evaluation_metrics.csv"" (including metrics such as Mean Absolute Error (MAE) and Root Mean Squared Error (RMSE))

4. **Data Visualization**:
   - **Output**: ""visualizations.png"" (a compiled image featuring scatter plots, histograms, and box plots)

5. **Comprehensive Report**:
   - **Output**: ""housing_prices_analysis_report.pdf"" (a detailed report encapsulating data cleaning procedures, predictive modeling methodologies, model evaluation, and significant insights or trends identified within the dataset, including all visualizations)

Ensure all files are saved in the specified formats with the provided filenames for further evaluation.","data quality, acc, mae, rmse,visualization,feature integrity","Undertake a comprehensive analysis and construct a robust predictive model using the ""Housing Prices"" dataset from Kaggle (https://www.kaggle.com/c/house-prices-advanced-regression-techniques/data) to forecast residential property values.
Commence by importing the dataset and executing a meticulous data cleaning routine, which involves imputing or removing missing values, encoding categorical variables for machine learning compatibility, and deleting any redundant records.Subsequently, develop a predictive model aimed at accurately estimating house prices. Implement a multiple linear regression algorithm for model training. Ensure data is appropriately split into training and testing subsets; train the model on the former and assess its predictive accuracy on the latter using rigorous metrics such as Mean Absolute Error (MAE) and Root Mean Squared Error (RMSE) to gauge performance.
In the analysis phase, create a suite of visualizations to uncover trends and patterns in the dataset. These should include scatter plots for relationship analysis, histograms for distribution examination, and box plots for outlier detection.Conclude your efforts by drafting a detailed report that encapsulates the data cleaning procedures, the methodologies employed for predictive modeling, and a thorough evaluation of the model's efficacy. The report should feature all visualizations and provide a narrative on significant insights or trends identified within the dataset. Ensure the comprehensive report is formatted and saved as a PDF file at the designated location: {report_path}.",N,"""Undertake a comprehensive analysis and construct a robust predictive model using the """"Housing Prices"""" dataset from Kaggle  to forecast residential property values.

1. **Data Import and Cleaning**: 
- **Input**: ""train.csv"" and ""test.csv""
- **Output**: """"cleaned_data.csv"""" (the processed dataset after cleaning)

2. **Predictive Model Development**:
- **Input**: """"cleaned_data.csv"""" (the dataset after cleaning)
- **Output**: """"predicted_prices.csv"""" (containing the predicted house prices along with actual values for comparison)


3. **Model Evaluation**:
- **Output**: """"model_evaluation_metrics.csv"""" (including metrics such as Mean Absolute Error (MAE) and Root Mean Squared Error (RMSE))

4. **Data Visualization**:
- **Output**: """"visualizations.png"""" (a compiled image featuring scatter plots, histograms, and box plots)

5. **Comprehensive Report**:
- **Output**: """"housing_prices_analysis_report.pdf"""" (a detailed report encapsulating data cleaning procedures, predictive modeling methodologies, model evaluation, and significant insights or trends identified within the dataset, including all visualizations)

Ensure all files are saved in the specified formats with the provided filenames for further evaluation.""",2=open source data
11,"Embark on a detailed analysis and visualization of the ""Palmer Archipelago (Antarctica) penguin data"" dataset available on Kaggle (https://www.kaggle.com/datasets/parulpandey/palmer-archipelago-antarctica-penguin-data/data), aiming to uncover insights about penguin populations.

1. **Import the dataset**:
   - **Input**: ""data.csv""
   - **Output**: ""imported_data.csv"" (This file should contain the successfully imported dataset)

2. **Data Cleaning**:
   - Address missing values through imputation or removal, encode categorical variables for analysis, and eliminate any duplicate entries.
   - **Input**: ""imported_data.csv""
   - **Output**: ""cleaned_data.csv"" (This file should contain the cleaned data, which is free of duplicates and has handled missing values)

3. **Exploratory Data Analysis (EDA)**:
   - Compute essential statistical measures including mean, median, and standard deviation for quantitative attributes, and compile summary statistics for categorical variables.
   - **Input**: ""cleaned_data.csv""
   - **Output**: ""eda_results.csv"" (This file should summarize the statistical measures and compositions of the dataset)

4. **Data Visualization**:
   - Construct histograms for numerical attributes and bar plots for categorical variables. Use box plots to examine variations across different species and islands, and scatter plots to investigate correlations between numerical variables with regression lines.
   - **Input**: ""cleaned_data.csv""
   - **Output**: ""visualizations.pdf"" (This file should include all plots and graphs created during the analysis)

5. **Correlation Analysis**:
   - Specifically investigate the relationship between bill length and flipper length, including a scatter plot with regression line.
   - **Input**: ""cleaned_data.csv""
   - **Output**: ""correlation_analysis.png"" (This file should present the scatter plot displaying the correlation between the specified numerical variables)","data quality,visualization,mean,median,std,data integrity","Embark on a detailed analysis and visualization of the ""Palmer Archipelago (Antarctica) penguin data"" dataset available on Kaggle(https://www.kaggle.com/datasets/parulpandey/palmer-archipelago-antarctica-penguin-data/data), aiming to uncover insights about penguin populations.
Begin by importing the dataset and meticulously cleaning the data, which involves addressing missing values through imputation or removal, encoding categorical variables for analysis, and eliminating any duplicate entries to ensure data integrity.Proceed with an exploratory data analysis (EDA) to discern the characteristics and interdependencies within the dataset. Compute essential statistical measures such as the mean, median, and standard deviation for quantitative attributes like flipper length, body mass, and bill length. Additionally, compile comprehensive summary statistics for categorical variables including species, island, and sex to understand the composition of the dataset.
Visualize the data to facilitate comprehension. Construct histograms to illustrate the distribution of numerical attributes and bar plots to represent the frequency of categorical variables. Utilize box plots to examine the variation in numerical features across different species and islands, highlighting any notable differences. Furthermore, craft scatter plots to investigate potential correlations between pairs of numerical variables, such as the relationship between bill length and flipper length, and consider adding regression lines to these plots to indicate the strength and direction of the associations.",N,"Embark on a detailed analysis and visualization of the ""Palmer Archipelago (Antarctica) penguin data"" dataset available on Kaggle (https://www.kaggle.com/datasets/parulpandey/palmer-archipelago-antarctica-penguin-data/data), aiming to uncover insights about penguin populations.

1. **Import the dataset**:
   - **Input**: ""penguins_lter.csv"" and ""penguins_size.csv""

2. **Data Cleaning**:
   - Address missing values through imputation or removal, encode categorical variables for analysis, and eliminate any duplicate entries.
   - **Input**: ""imported_data.csv""
   - **Output**: ""cleaned_data.csv"" (This file should contain the cleaned data, which is free of duplicates and has handled missing values)

3. **Exploratory Data Analysis (EDA)**:
   - Compute essential statistical measures including mean, median, and standard deviation for quantitative attributes, and compile summary statistics for categorical variables.
   - **Input**: ""cleaned_data.csv""
   - **Output**: ""eda_results.csv"" (This file should summarize the statistical measures and compositions of the dataset)

4. **Data Visualization**:
   - Construct histograms for numerical attributes and bar plots for categorical variables. Use box plots to examine variations across different species and islands, and scatter plots to investigate correlations between numerical variables with regression lines.
   - **Input**: ""cleaned_data.csv""
   - **Output**: ""visualizations.pdf"" (This file should include all plots and graphs created during the analysis)

5. **Correlation Analysis**:
   - Specifically investigate the relationship between bill length and flipper length, including a scatter plot with regression line.
   - **Input**: ""cleaned_data.csv""
   - **Output**: ""correlation_analysis.png"" (This file should present the scatter plot displaying the correlation between the specified numerical variables)",2=open source data
12,"Undertake an in-depth analysis of the UCI Adult Income dataset (https://archive.ics.uci.edu/ml/datasets/adult) with the objective of developing a predictive model to ascertain whether an individual's income surpasses $50,000 annually.

1. **Data Import and Cleaning**  
   - Input: `data.csv` (UCI Adult Income dataset)  
   - Output: `cleaned_data.csv` (cleaned dataset)  
   Begin the process by importing the dataset and executing a thorough data cleaning routine. Systematically identify and address any missing or anomalous values through imputation or exclusion. Transform categorical variables into a format suitable for machine learning and normalize numerical attributes to standardize their scale.

2. **Model Development**  
   - Input: `cleaned_data.csv`  
   - Output: `model_predictions.csv` (predictions and performance metrics)  
   - Model Checkpoint: `model_checkpoint.pkl` (saved model)  
   Employ a robust machine learning algorithm, such as Logistic Regression or Random Forest, to construct a classification model capable of predicting whether a person's income exceeds the $50K threshold. Assess the model's efficacy using a comprehensive suite of evaluation metrics, including accuracy, precision, recall, F1-score, and ROC-AUC. Document the model's predictions and performance metrics in a CSV file, and preserve the trained model as a checkpoint.

3. **Data Mining and Clustering Analysis**  
   - Input: `cleaned_data.csv`  
   - Output: `clustering_results.csv` (clustering outcomes and profiles)  
   Engage in data mining to uncover latent patterns and insights. Apply clustering algorithms like K-means or DBSCAN to reveal underlying structures within the dataset. Interrogate the clustering outcomes to delineate the distinct profiles of each cluster and their correlation with the target variable of income exceeding $50K.

4. **Final Report Compilation**  
   - Output: `analysis_report.pdf` (comprehensive report)  
   Conclude your analysis by compiling a detailed report that encapsulates the data cleaning steps, exploratory data analysis, visual representations, discovered patterns, and the model's predictive outcomes. The report should also highlight any notable trends or anomalies observed during the analysis. Ensure this comprehensive document is formatted and saved as a PDF file at the specified location.","data quality,acc,precision,recall,f1,ROC-AUC,feature importance,feature integrity,silhouette score","Undertake an in-depth analysis of the UCI Adult Income dataset (https://archive.ics.uci.edu/ml/datasets/adult) with the objective of developing a predictive model to ascertain whether an individual's income surpasses $50,000 annually.
Initiate the process by importing the dataset and executing a thorough data cleaning routine. Systematically identify and address any missing or anomalous values through imputation or exclusion. Transform categorical variables into a format suitable for machine learning and normalize numerical attributes to standardize their scale.
Employ a robust machine learning algorithm, such as Logistic Regression or Random Forest, to construct a classification model capable of predicting whether a person's income exceeds the $50K threshold. Assess the model's efficacy using a comprehensive suite of evaluation metrics, including accuracy, precision, recall, F1-score, and ROC-AUC. Document the model's predictions and performance metrics in a CSV file, to be saved at {save_path}, and preserve the trained model as a checkpoint at {ckpt_path}.
Engage in data mining to uncover latent patterns and insights. Apply clustering algorithms like K-means or DBSCAN to reveal underlying structures within the dataset. Interrogate the clustering outcomes to delineate the distinct profiles of each cluster and their correlation with the target variable of income exceeding $50K.
Conclude your analysis by compiling a detailed report that encapsulates the data cleaning steps, exploratory data analysis, visual representations, discovered patterns, and the model's predictive outcomes. The report should also highlight any notable trends or anomalies observed during the analysis. Ensure this comprehensive document is formatted and saved as a PDF file at the specified location: {report_path}.",N,"Undertake an in-depth analysis of the UCI Adult Income dataset (https://archive.ics.uci.edu/ml/datasets/adult) with the objective of developing a predictive model to ascertain whether an individual's income surpasses $50,000 annually.

1. **Data Import and Cleaning**  
   - Input: `adult.data` and ``adult.test` (UCI Adult Income dataset)  
   - Output: `cleaned_data.csv` (cleaned dataset)  
   Begin the process by importing the dataset and executing a thorough data cleaning routine. Systematically identify and address any missing or anomalous values through imputation or exclusion. Transform categorical variables into a format suitable for machine learning and normalize numerical attributes to standardize their scale.

2. **Model Development**  
   - Input: `cleaned_data.csv`  
   - Output: `model_predictions.csv` (predictions and performance metrics)  
   - Model Checkpoint: `model_checkpoint.pkl` (saved model)  
   Employ a robust machine learning algorithm, such as Logistic Regression or Random Forest, to construct a classification model capable of predicting whether a person's income exceeds the $50K threshold. Assess the model's efficacy using a comprehensive suite of evaluation metrics, including accuracy, precision, recall, F1-score, and ROC-AUC. Document the model's predictions and performance metrics in a CSV file, and preserve the trained model as a checkpoint.

3. **Data Mining and Clustering Analysis**  
   - Input: `cleaned_data.csv`  
   - Output: `clustering_results.csv` (clustering outcomes and profiles)  
   Engage in data mining to uncover latent patterns and insights. Apply clustering algorithms like K-means or DBSCAN to reveal underlying structures within the dataset. Interrogate the clustering outcomes to delineate the distinct profiles of each cluster and their correlation with the target variable of income exceeding $50K.

4. **Final Report Compilation**  
   - Output: `analysis_report.pdf` (comprehensive report)  
   Conclude your analysis by compiling a detailed report that encapsulates the data cleaning steps, exploratory data analysis, visual representations, discovered patterns, and the model's predictive outcomes. The report should also highlight any notable trends or anomalies observed during the analysis. Ensure this comprehensive document is formatted and saved as a PDF file at the specified location.",2=open source data
13,"You are tasked with an in-depth analysis of the ""Mall Customers"" dataset from Kaggle (input filename: ""data.csv"") to segment customers and identify their spending behaviors. 

1. Construct histograms to depict the distribution of numerical features. 
   - **Output format:** img 
   - **Output filename:** ""histograms.png""

2. Create bar plots to illustrate the frequency of categorical variables. 
   - **Output format:** img 
   - **Output filename:** ""barplots.png""

3. Utilize scatter plots to examine the correlation between annual income and spending score. 
   - **Output format:** img 
   - **Output filename:** ""scatter_income_spending.png""

4. Generate a pairplot to investigate the interactions among various numerical features, focusing on potential clusters or patterns. 
   - **Output format:** img 
   - **Output filename:** ""pairplot.png""

5. Develop a predictive model aimed at segmenting customers using the K-means clustering algorithm based on their annual income and spending score.
   - **Output format:** csv 
   - **Output filename:** ""customer_segments.csv""

6. Determine the optimal number of clusters using the Elbow method, and justify your choice based on the method's output.
   - **Output format:** img 
   - **Output filename:** ""elbow_method.png""

7. Conclude your analysis by delving into the customer segments revealed by the clustering. Characterize each segment by describing their distinct attributes, such as average age, income range, and spending score. Discuss any notable patterns or insights that emerge from the clustering results, and consider the implications of these segments for marketing strategies and customer engagement.
   - **Output format:** pdf 
   - **Output filename:** ""customer_segmentation_analysis.pdf""","mean,silhouette score,visualization","You are tasked with an in-depth analysis of the ""Mall Customers"" dataset from Kaggle (https://www.kaggle.com/vjchoudhary7/customer-segmentation-tutorial-in-python) to segment customers and identify their spending behaviors.
Construct histograms to depict the distribution of numerical features and bar plots to illustrate the frequency of categorical variables. Utilize scatter plots to examine the correlation between annual income and spending score, and generate a pairplot to investigate the interactions among various numerical features, focusing on potential clusters or patterns.
Subsequently, develop a predictive model aimed at segmenting customers. Employ the K-means clustering algorithm to categorize customers into discrete segments based on their annual income and spending score. Determine the optimal number of clusters using the Elbow method, and justify your choice based on the method's output.
Conclude your analysis by delving into the customer segments revealed by the clustering. Characterize each segment by describing their distinct attributes, such as average age, income range, and spending score. Discuss any notable patterns or insights that emerge from the clustering results, and consider the implications of these segments for marketing strategies and customer engagement.",N,"""You are tasked with an in-depth analysis of the """"Mall Customers"""" dataset from Kaggle (input filename: """"data.csv"""") to segment customers and identify their spending behaviors. 
1. Construct histograms to depict the distribution of numerical features. 
- **Output filename:** """"histograms.png""""

2. Create bar plots to illustrate the frequency of categorical variables. 
- **Output filename:** """"barplots.png""""

3. Utilize scatter plots to examine the correlation between annual income and spending score. 
- **Output filename:** """"scatter_income_spending.png""""

4. Generate a pairplot to investigate the interactions among various numerical features, focusing on potential clusters or patterns. 
- **Output filename:** """"pairplot.png""""

5. Develop a predictive model aimed at segmenting customers using the K-means clustering algorithm based on their annual income and spending score.
- **Output filename:** """"customer_segments.csv""""

6. Determine the optimal number of clusters using the Elbow method, and justify your choice based on the method's output.
- **Output filename:** """"elbow_method.png""""

7. Conclude your analysis by delving into the customer segments revealed by the clustering. Characterize each segment by describing their distinct attributes, such as average age, income range, and spending score. Discuss any notable patterns or insights that emerge from the clustering results, and consider the implications of these segments for marketing strategies and customer engagement.
- **Output filename:** """"customer_segmentation_analysis.pdf""""""",2=open source data
14,"You are required to analyze the ""Credit Card Default"" dataset from the UCI Machine Learning Repository (https://archive.ics.uci.edu/ml/datasets/default+of+credit+card+clients), which contains information on Taiwanese customers' credit card payment defaults. Your tasks are as follows:

1. **Data Visualization**:
   - Generate histograms for numerical features.  
     Input: ""data.csv""  
     Output: ""numerical_histograms.png"" (format: image)

   - Create bar plots for categorical features.  
     Input: ""data.csv""  
     Output: ""categorical_bar_plots.png"" (format: image)

   - Use scatter plots to visualize the relationships between key numerical features and the default status.  
     Input: ""data.csv""  
     Output: ""scatter_plots.png"" (format: image)

   - Generate a correlation heatmap to identify potential relationships between different features.  
     Input: ""data.csv""  
     Output: ""correlation_heatmap.png"" (format: image)

2. **Data Mining**:
   - Conduct association rule mining to discover relationships between different features and the default status.  
     Input: ""data.csv""  
     Output: ""association_rules.csv"" (format: csv)

   - Identify frequent itemsets and association rules that reveal how certain combinations of features are related to higher default rates.  
     Input: ""data.csv""  
     Output: ""frequent_itemsets.csv"" (format: csv)

3. **Clustering**:
   - Apply K-means clustering to group clients into distinct segments based on features such as credit limit, bill amounts, and payment history.  
     Input: ""data.csv""  
     Output: ""kmeans_clusters.csv"" (format: csv)

   - Determine the optimal number of clusters using the Elbow method and present the results.  
     Input: ""data.csv""  
     Output: ""elbow_method.png"" (format: image)

4. **Pattern Analysis and Interpretation**:
   - Analyze and interpret the identified patterns, discussing features most strongly associated with defaults, notable trends, and outliers.  
     Output: ""pattern_analysis_report.pdf"" (format: pdf)

   - Describe the characteristics of different client segments identified through clustering and their potential risk levels.  
     Output: ""client_segments_analysis.pdf"" (format: pdf)

Ensure the outputs reflect the quality of your analysis and allow for further evaluation of the results.","silhouette score,visualization,feature importance","You are required to analyze the ""Credit Card Default"" dataset from the UCI Machine Learning Repository (https://archive.ics.uci.edu/ml/datasets/default+of+credit+card+clients), which contains information on Taiwanese customers' credit card payment defaults. 
Generate visualizations to better understand the data. Create histograms for numerical features and bar plots for categorical features. Use scatter plots to visualize the relationships between key numerical features and the default status. Generate a correlation heatmap to identify potential relationships between different features.
Then, focus on data mining to uncover valuable insights from the dataset. Use association rule mining to discover relationships between different features and the default status. For example, identify frequent itemsets and association rules that reveal how certain combinations of features (e.g., high credit limit and multiple late payments) are related to higher default rates.
Apply clustering techniques to identify patterns in the data. Use K-means clustering to group clients into distinct segments based on features such as credit limit, bill amounts, and payment history. Determine the optimal number of clusters using the Elbow method and interpret the characteristics of each cluster.
Finally, analyze and interpret the identified patterns. Discuss which features are most strongly associated with defaults and highlight any notable trends or outliers. Describe the characteristics of different client segments identified through clustering and their potential risk levels. Consider the implications of these findings for predicting and managing credit card defaults.",N,"You are required to analyze the ""Credit Card Default"" dataset from the UCI Machine Learning Repository (https://archive.ics.uci.edu/ml/datasets/default+of+credit+card+clients), which contains information on Taiwanese customers' credit card payment defaults. Your tasks are as follows:

1. **Data Visualization**:
   - Generate histograms for numerical features.  
     Input: ""default of credit card clients.xls""  
     Output: ""numerical_histograms.png"" (format: image)

   - Create bar plots for categorical features.  
     Input: ""data.csv""  
     Output: ""categorical_bar_plots.png"" (format: image)

   - Use scatter plots to visualize the relationships between key numerical features and the default status.  
     Input: ""data.csv""  
     Output: ""scatter_plots.png"" (format: image)

   - Generate a correlation heatmap to identify potential relationships between different features.  
     Input: ""data.csv""  
     Output: ""correlation_heatmap.png"" (format: image)

2. **Data Mining**:
   - Conduct association rule mining to discover relationships between different features and the default status.  
     Input: ""data.csv""  
     Output: ""association_rules.csv"" (format: csv)

   - Identify frequent itemsets and association rules that reveal how certain combinations of features are related to higher default rates.  
     Input: ""data.csv""  
     Output: ""frequent_itemsets.csv"" (format: csv)

3. **Clustering**:
   - Apply K-means clustering to group clients into distinct segments based on features such as credit limit, bill amounts, and payment history.  
     Input: ""data.csv""  
     Output: ""kmeans_clusters.csv"" (format: csv)

   - Determine the optimal number of clusters using the Elbow method and present the results.  
     Input: ""data.csv""  
     Output: ""elbow_method.png"" (format: image)

4. **Pattern Analysis and Interpretation**:
   - Analyze and interpret the identified patterns, discussing features most strongly associated with defaults, notable trends, and outliers.  
     Output: ""pattern_analysis_report.pdf"" (format: pdf)

   - Describe the characteristics of different client segments identified through clustering and their potential risk levels.  
     Output: ""client_segments_analysis.pdf"" (format: pdf)

Ensure the outputs reflect the quality of your analysis and allow for further evaluation of the results.",2=open source data
15,"Using the dataset provided in ""data.csv"":

```
Month,Year,Sales,Category
January,2022,1500,Electronics
February,2022,1600,Electronics
March,2022,1700,Electronics
January,2023,1800,Furniture
February,2023,1900,Furniture
March,2023,2000,Furniture
December,2023,2100,Clothing
```

Please complete the following subtasks and produce the corresponding outputs:

1. **Bar Chart Visualization**
   - **Input**: ""data.csv""
   - **Output**: A bar chart saved as ""bar_chart.png"".
   - **Requirements**: 
     - x-axis: Year
     - y-axis: Sales
     - Each bar represents the total sales of each year.
     - Bar color: Red
     - Edge color: Black
     - Ensure there are intervals between each bar.

2. **Line Chart Visualization**
   - **Input**: ""data.csv""
   - **Output**: A line chart saved as ""line_chart.png"".
   - **Requirements**: 
     - x-axis: Month
     - y-axis: Total Sales for each category.
     - Line style: Dash-dot.
     - Each line should have a different legend and color according to the category.

3. **Scatter Chart Visualization**
   - **Input**: ""data.csv""
   - **Output**: A scatter chart saved as ""scatter_chart.png"".
   - **Requirements**: 
     - x-axis: Time
     - y-axis: Sales.
     - Different categories should have different colors.
     - Size of each point should be proportional to the sales.
     - Transparency of each point should be set to 0.5.",visualization,"Month,Year,Sales,Category
January,2022,1500,Electronics
February,2022,1600,Electronics
March,2022,1700,Electronics
January,2023,1800,Furniture
February,2023,1900,Furniture
March,2023,2000,Furniture
December,2023,2100,Clothing

According the dataset above, visualize it with bar chart, line chart, scatter chart, respectively. Requirements for each chart are as follows:
1. Bar chart: x-axis is Year, y-axis is Sales, and each bar represents the total sales of each year. The color of each bar should be red. The edge color of each bar should be black. There should be intervals between each bar.
2. Line chart: x-axis is Month, y-axis is total Sales with the same category. The line style should be dash-dot. Each line should have different legend and color according to the category.
3. Scatter chart: x-axis is time, y-axis is Sales. Different categories should have different colors. The size of each point should be proportional to the sales. The transparency of each point should be 0.5.",N,"""Using the dataset provided :

```
Month,Year,Sales,Category
January,2022,1500,Electronics
February,2022,1600,Electronics
March,2022,1700,Electronics
January,2023,1800,Furniture
February,2023,1900,Furniture
March,2023,2000,Furniture
December,2023,2100,Clothing
```

Please complete the following subtasks and produce the corresponding outputs:

1. **Bar Chart Visualization**
**Output**: A bar chart saved as """"bar_chart.png"""".
- **Requirements**: 
- x-axis: Year
- y-axis: Sales
- Each bar represents the total sales of each year.
- Bar color: Red
- Edge color: Black
- Ensure there are intervals between each bar.

2. **Line Chart Visualization**
- **Output**: A line chart saved as """"line_chart.png"""".
- **Requirements**: 
- x-axis: Month
- y-axis: Total Sales for each category.
- Line style: Dash-dot.
- Each line should have a different legend and color according to the category.

3. **Scatter Chart Visualization**
- **Output**: A scatter chart saved as """"scatter_chart.png"""".
- **Requirements**: 
- x-axis: Time
- y-axis: Sales.
- Different categories should have different colors.
- Size of each point should be proportional to the sales.
- Transparency of each point should be set to 0.5.""",1=no dependency
16,"Load the dataset using the initial code and perform the following subtasks:

1. **Load the Data**  
   Input: `data.csv`  
   Output: `X.npy`, `y.npy` (Numpy arrays for features and target)  
   
2. **Cluster the Points**  
   Input: `X.npy`  
   Output: `clusters.csv` (CSV file with cluster labels for each point)  

3. **Visualize Clustering Result**  
   Input: `clusters.csv`, `data.csv`  
   Output: `clustering_result.png` (Scatter chart image of the clusters)  
   Requirements for the scatter chart:
   - x-axis is the first column of the dataset, y-axis is the second column of the dataset.
   - Different clusters should have different colors.
   - The size of each point should be equal.
   - The bigger the point number in the cluster, the darker the color of the cluster.  

Initial code:
```python
def load_data(filedir):
    df = pd.read_csv(filedir + ""/data.csv"")
    X = df.drop(columns='target').values
    y = df['target'].values
    return X, y
X, y = load_data('datadir')
```","visualization,silhouette score","datadir = ''
Load the dataset with the initial code and cluster the points X using best algorithm and best hyperparameters for the dataset. Then visualize the clustering result with scatter chart. The requirements for the scatter chart are as follows:
1. x-axis is the first column of the dataset, y-axis is the second column of the dataset.
2. Different clusters should have different colors.
3. The size of each point should be equal.
4. The bigger the point number in the cluster, the darker the color of the cluster.
Initial code:
```python
def load_data(filedir):
 df = pd.read_csv(filedir + ""/data.csv"")
 X = df.drop(columns='target').values
 y = df['target'].values
 return X, y
X, y = load_data('datadir')
```",N,"Load the dataset using the initial code and perform the following subtasks:

1. **Load the Data**  
   Input: `data.csv`  
   Output: `X.npy`, `y.npy` (Numpy arrays for features and target)  
   
2. **Cluster the Points**  
   Input: `X.npy`  
   Output: `clusters.csv` (CSV file with cluster labels for each point)  

3. **Visualize Clustering Result**  
   Input: `clusters.csv`, `data.csv`  
   Output: `clustering_result.png` (Scatter chart image of the clusters)  
   Requirements for the scatter chart:
   - x-axis is the first column of the dataset, y-axis is the second column of the dataset.
   - Different clusters should have different colors.
   - The size of each point should be equal.
   - The bigger the point number in the cluster, the darker the color of the cluster.  

Initial code:
```python
def load_data():
    df = pd.read_csv(""data.csv"")
    X = df.drop(columns='target').values
    y = df['target'].values
    return X, y
X, y = load_data('datadir')
```",3=human written data
17,"datadir = ''
You are provided with a dataset located at `datadir` named ""data.csv"". The dataset contains retail transaction data with the following columns:

- `Member_number`: A unique identifier for each customer.
- `Date`: The date of the transaction.
- `itemDescription`: The item purchased in the transaction.

The two records are considered to be in the same transaction if they have the same `Member_number` and `Date`.

Your task is to mine association rules from this dataset using an appropriate algorithm. The output requirements are as follows:

1. **Subtask: Data Preparation**
   - **Input:** ""data.csv""
   - **Output:** Cleaned data file with duplicate transactions removed.
   - **Output Format:** CSV
   - **Output Filename:** ""cleaned_data.csv""

2. **Subtask: Association Rule Mining**
   - **Input:** ""cleaned_data.csv""
   - **Output:** Association rules meeting the specified requirements.
   - **Output Format:** CSV
   - **Output Filename:** ""association_rules.csv""
   - **Requirements:** 
     - Minimum Support: 0.01
     - Minimum Confidence: 0.05
     - Only include the top 5 rules ranked by lift.

3. **Subtask: Analysis of Rules**
   - **Input:** ""association_rules.csv""
   - **Output:** A brief analysis of the discovered patterns and rules.
   - **Output Format:** PDF
   - **Output Filename:** ""rules_analysis.pdf""

Ensure that all outputs reflect the quality of completion for each corresponding subtask.","support,confidence,lift value","datadir = ''
You are provided with a dataset located at `datadir`. The dataset contains retail transaction data with the following columns:

- `Member_number`: A unique identifier for each customer.
- `Date`: The date of the transaction.
- `itemDescription`: The item purchased in the transaction.

The two records are considered to be in the same transaction if they have the same `Member_number` and `Date`.

Your task is to use an appropriate algorithm to mine association rules from this dataset. The requirements for the association rules are as follows:

1. Minimum Support: 0.01.
2. Minimum Confidence: 0.05.
3. Only the rules that rank in the top 5 by lift should be printed.

Print the resulting association rules. Provide a brief analysis of the discovered patterns and rules.",N,"You are provided with a dataset named ""data.csv"". The dataset contains retail transaction data with the following columns:

- `Member_number`: A unique identifier for each customer.
- `Date`: The date of the transaction.
- `itemDescription`: The item purchased in the transaction.

The two records are considered to be in the same transaction if they have the same `Member_number` and `Date`.

Your task is to mine association rules from this dataset using an appropriate algorithm. The output requirements are as follows:

1. **Subtask: Data Preparation**
- **Input:** """"data.csv""""
- **Output:** Cleaned data file with duplicate transactions removed.
- **Output Filename:** """"cleaned_data.csv""""

2. **Subtask: Association Rule Mining**
- **Input:** """"cleaned_data.csv""""
- **Output:** Association rules meeting the specified requirements.
- **Output Filename:** """"association_rules.csv""""
- **Requirements:** 
- Minimum Support: 0.01
- Minimum Confidence: 0.05
- Only include the top 5 rules ranked by lift.

3. **Subtask: Analysis of Rules**
- **Input:** """"association_rules.csv""""
- **Output:** A brief analysis of the discovered patterns and rules.
- **Output Filename:** """"rules_analysis.pdf""""

Ensure that all outputs reflect the quality of completion for each corresponding subtask.""",3=human written data
18,"You are provided with a dataset located at `data.csv`. The dataset contains the following columns:

- culmen_length_mm: The length of the penguin's culmen in mm.
- culmen_depth_mm: The depth of the penguin's culmen in mm.
- flipper_length_mm: The length of the penguin's flipper in mm.
- body_mass_g: The body mass of the penguin in grams.
- sex: The sex of the penguin.

Your task is to perform the following subtasks:

1. **Perform PCA on the dataset to reduce dimensionality.**
   - Input: `data.csv`
   - Output: `pca_results.csv` (containing the PCA components and explained variance)

2. **Visualize the PCA results in 2D.**
   - Input: `pca_results.csv`
   - Output: `pca_visualization.png` (a plot showing the first two PCA components)

3. **Train a classifier to predict the sex of the penguins using the reduced features.**
   - Input: `pca_results.csv`
   - Output: `model_accuracy.txt` (containing the accuracy of the trained classifier) 

Make sure that each output file is well-formatted for further evaluation.","patterns,visualization,acc,precision,recall,f1","You are provided with a dataset located at `datadir`. The dataset contains the following columns:

- culmen_length_mm: The length of the penguin's culmen in mm.
- culmen_depth_mm: The depth of the penguin's culmen in mm.
- flipper_length_mm: The length of the penguin's flipper in mm.
- body_mass_g: The body mass of the penguin in grams.
- sex: The sex of the penguin.

Your task is to perform PCA on this dataset to reduce the dimensionality and visualize the data in 2D. Then train a classifier to predict the sex of the penguins based on the reduced features.",Y,,3=human written data
19,"Please visualize the data generated by the following code with interactive charts. Generate three types of charts: a bar chart, a line chart, and a scatter chart. The requirements for each chart are as follows:

1. **Bar Chart**:
   - Input File: ""data.csv""
   - Output File: ""bar_chart.png""
   - Specifications: 
     - x-axis is ""Category"", 
     - y-axis is ""Values"", 
     - each bar represents the value of each category, 
     - each bar should be colored blue.
   - Common Requirements: 
     - Hover Info: Display detailed information when the mouse hovers over a data point.
     - Zoom and Pan: Allow the chart to be zoomed and panned by dragging and scrolling the mouse.
     - Export Image: Enable the option to export the chart as an image using a button in the top right corner.
   
2. **Line Chart**:
   - Input File: ""data.csv""
   - Output File: ""line_chart.png""
   - Specifications: 
     - x-axis is ""Date"", 
     - y-axis is ""Values"".

3. **Scatter Chart**:
   - Input File: ""data.csv""
   - Output File: ""scatter_chart.png""
   - Specifications: 
     - x-axis is ""X"", 
     - y-axis is ""Y"", 
     - different categories should have different colors, 
     - the size of each point should be proportional to ""Values"".
   - Common Requirements: 
     - Hover Info: Display detailed information when the mouse hovers over a data point.
     - Zoom and Pan: Allow the chart to be zoomed and panned by dragging and scrolling the mouse.
     - Export Image: Enable the option to export the chart as an image using a button in the top right corner. 

The initial data for these charts is provided in the Python code snippet below:

```python
import pandas as pd

data = {
    'Category': ['A', 'B', 'C', 'D'],
    'Values': [23, 17, 35, 29],
    'Date': pd.date_range(start='2022-01-01', periods=4, freq='M'),
    'X': [1, 2, 3, 4],
    'Y': [10, 11, 12, 13]
}
```",visualization,"Please visualize the data generated by the following code with interactive charts. Generate a bar chart, a line chart, and a scatter chart. The requirements for each chart are as follows:

1. Bar chart: x-axis is Category, y-axis is Values, and each bar represents the value of each category. The color of each bar should be blue.
2. Line chart: x-axis is Date, y-axis is Values.
3. Scatter chart: x-axis is X, y-axis is Y. Different categories should have different colors. And the size of each point should be proportional to the Values.
4. Common requirements for all charts: Hover Info: Display detailed information when the mouse hovers over a data point. Zoom and Pan: Allow the chart to be zoomed and panned by dragging and scrolling the mouse. Export Image: Enable the option to export the chart as an image using the button in the top right corner of the chart.

```python
# Initial code
import pandas as pd

data = {
 'Category': ['A', 'B', 'C', 'D'],
 'Values': [23, 17, 35, 29],
 'Date': pd.date_range(start='2022-01-01', periods=4, freq='M'),
 'X': [1, 2, 3, 4],
 'Y': [10, 11, 12, 13]
}
```",N,"""Please visualize the data generated by the following code with interactive charts. Generate three types of charts: a bar chart, a line chart, and a scatter chart. The requirements for each chart are as follows:

1. **Bar Chart**:
- Output File: """"bar_chart.png""""
- Specifications: 
- x-axis is """"Category"""", 
- y-axis is """"Values"""", 
- each bar represents the value of each category, 
- each bar should be colored blue.
   
2. **Line Chart**:
- Output File: """"line_chart.png""""
- Specifications: 
- x-axis is """"Date"""", 
- y-axis is """"Values"""".

3. **Scatter Chart**:
- Output File: """"scatter_chart.png""""
- Specifications: 
- x-axis is """"X"""", 
- y-axis is """"Y"""", 
- different categories should have different colors, 
- the size of each point should be proportional to """"Values"""".

The initial data for these charts is provided in the Python code snippet below:

```python
import pandas as pd

data = {
'Category': ['A', 'B', 'C', 'D'],
'Values': [23, 17, 35, 29],
'Date': pd.date_range(start='2022-01-01', periods=4, freq='M'),
'X': [1, 2, 3, 4],
'Y': [10, 11, 12, 13]
}
```""",1=no dependency
20,"
Given a DataFrame with customer transaction data (columns: CustomerID, TransactionDate, Amount, Category), perform the following tasks:

1. **Handle missing CustomerID values**: Forward-fill any missing CustomerID values with the last valid CustomerID.  
   **Input**: `data.csv`  
   **Output**: `step1_filled.csv` (The DataFrame with filled CustomerID values)

2. **Remove outliers**: Identify and remove any rows where the Amount is an outlier, defined as values below the 1st percentile or above the 99th percentile of the Amount column.  
   **Input**: `step1_filled.csv`  
   **Output**: `step2_no_outliers.csv` (The DataFrame without outlier rows)

3. **Normalize Amount**: Normalize the Amount column using Min-Max scaling.  
   **Input**: `step2_no_outliers.csv`  
   **Output**: `step3_normalized.csv` (The DataFrame with normalized Amount)

4. **Format TransactionDate**: Ensure the TransactionDate column is in datetime format.  
   **Input**: `step3_normalized.csv`  
   **Output**: `step4_datetime.csv` (The DataFrame with TransactionDate in datetime format)

5. **One-hot encode Category**: One-hot encode the Category column.  
   **Input**: `step4_datetime.csv`  
   **Output**: `final_output.csv` (The final DataFrame with one-hot encoded Category)

Implement the required data cleaning and preprocessing steps as specified, and provide the outputs for each subtask as listed above.","data quality,data integrity","# QUESTION 1
Given a DataFrame with customer transaction data (columns: CustomerID, TransactionDate, Amount, Category), perform the following tasks:
1. Handle any missing CustomerID values by forward-filling them with the last valid CustomerID.
2. Identify and remove any rows where the Amount is an outlier. An outlier is defined as any value that is below the 1st percentile or above the 99th percentile of the Amount column.
3. Normalize the Amount column using Min-Max scaling.
4. Ensure the TransactionDate column is in datetime format.
5. One-hot encode the Category column.

Starter code:
```python
import pandas as pd
import numpy as np
from sklearn.preprocessing import MinMaxScaler

# Create example DataFrame
data = {
 'CustomerID': [1, 2, 2, np.nan, 4],
 'TransactionDate': ['2023-01-01', '2023-01-02', '2023-01-03', '2023-01-04', '2023-01-05'],
 'Amount': [100, 500, 700, 300, 800],
 'Category': ['A', 'B', 'A', 'C', 'B']
}

df = pd.DataFrame(data)
```

Implement the required data cleaning and preprocessing steps and output the cleaned DataFrame as the final result.

# SOLUTION 1
```python
import pandas as pd
import numpy as np
from sklearn.preprocessing import MinMaxScaler

# Create example DataFrame
data = {
 'CustomerID': [1, 2, 2, np.nan, 4],
 'TransactionDate': ['2023-01-01', '2023-01-02', '2023-01-03', '2023-01-04', '2023-01-05'],
 'Amount': [100, 500, 700, 300, 800],
 'Category': ['A', 'B', 'A', 'C', 'B']
}

df = pd.DataFrame(data)

# Handle missing CustomerID values by forward-filling with the last valid CustomerID
df['CustomerID'] = df['CustomerID'].fillna(method='ffill')

# Identify and remove outliers
q1 = df['Amount'].quantile(0.01)
q99 = df['Amount'].quantile(0.99)

# Keep rows only within 1st and 99th percentile
df = df[(df['Amount'] >= q1) & (df['Amount'] <= q99)]

# Normalize the Amount column using Min-Max scaling
scaler = MinMaxScaler()
df[['Amount']] = scaler.fit_transform(df[['Amount']])

# Ensure TransactionDate is in datetime format
df['TransactionDate'] = pd.to_datetime(df['TransactionDate'], errors='coerce')

# One-hot encode the Category column
df = pd.get_dummies(df, columns=['Category'])

print(df)
```

# OUTPUT 1
```
 CustomerID TransactionDate Amount Category_A Category_B Category_C
0 1.0 2023-01-01 0.0 1 0 0
1 2.0 2023-01-02 0.5 0 1 0
3 2.0 2023-01-04 0.5 0 0 1
```",Y(原始prompt可能存在一些问题，有点混乱，改后的prompt还行，不过要提供数据集）,,1=no dependency
21,"# QUESTION 2
Given a dataset of medical records in a DataFrame `df` (input filename: ""data.csv"") with columns: PatientID, Age, BloodPressure, Cholesterol, and Diagnosis, perform the following tasks and output results accordingly:

1. Handle missing values in the Age, BloodPressure, and Cholesterol columns using the median of each column. Output the cleaned DataFrame as a CSV file named ""missing_values_handled.csv"".
  
2. Detect and replace outliers in the BloodPressure and Cholesterol columns. An outlier is defined as a value below the 5th percentile or above the 95th percentile. Replace these outliers with the corresponding 5th or 95th percentile value. Output the resulting DataFrame as a CSV file named ""outliers_replaced.csv"".

3. Normalize the Age, BloodPressure, and Cholesterol columns using Z-score normalization. Output the resulting DataFrame as a CSV file named ""normalized_data.csv"".

4. Encode the Diagnosis column using label encoding. Output the resulting DataFrame as a CSV file named ""diagnosis_encoded.csv"".

5. Ensure data consistency by casting PatientID to string type. Output the final cleaned DataFrame as a CSV file named ""final_cleaned_data.csv"".

Starter code:
```python
import pandas as pd
import numpy as np
from sklearn.preprocessing import StandardScaler, LabelEncoder

# Create example DataFrame
data = {
    'PatientID': [101, 102, 103, 104, 105],
    'Age': [25, 35, np.nan, 50, 45],
    'BloodPressure': [120, 130, 125, np.nan, 135],
    'Cholesterol': [200, 220, 210, 230, np.nan],
    'Diagnosis': ['DiseaseA', 'DiseaseB', 'DiseaseA', 'DiseaseB', 'DiseaseB']
}

df = pd.DataFrame(data)
```

Apply the specified data cleaning and preprocessing steps and output the cleaned DataFrame as the final result.","data quality,data integrity,data consistency","# QUESTION 2
Given a dataset of medical records in a DataFrame `df` with columns: PatientID, Age, BloodPressure, Cholesterol, and Diagnosis, perform the following:
1. Handle missing values in the Age, BloodPressure, and Cholesterol columns using the median of each column.
2. Detect and replace outliers in the BloodPressure and Cholesterol columns. An outlier is defined as a value below the 5th percentile or above the 95th percentile. Replace these outliers with the corresponding 5th or 95th percentile value.
3. Normalize the Age, BloodPressure, and Cholesterol columns using Z-score normalization.
4. Encode the Diagnosis column using label encoding.
5. Ensure data consistency by casting PatientID to string type.

Starter code:
```python
import pandas as pd
import numpy as np
from sklearn.preprocessing import StandardScaler, LabelEncoder

# Create example DataFrame
data = {
 'PatientID': [101, 102, 103, 104, 105],
 'Age': [25, 35, np.nan, 50, 45],
 'BloodPressure': [120, 130, 125, np.nan, 135],
 'Cholesterol': [200, 220, 210, 230, np.nan],
 'Diagnosis': ['DiseaseA', 'DiseaseB', 'DiseaseA', 'DiseaseB', 'DiseaseB']
}

df = pd.DataFrame(data)
```

Apply the specified data cleaning and preprocessing steps and output the cleaned DataFrame as the final result.

# SOLUTION 2
```python
import pandas as pd
import numpy as np
from sklearn.preprocessing import StandardScaler, LabelEncoder

# Create example DataFrame
data = {
 'PatientID': [101, 102, 103, 104, 105],
 'Age': [25, 35, np.nan, 50, 45],
 'BloodPressure': [120, 130, 125, np.nan, 135],
 'Cholesterol': [200, 220, 210, 230, np.nan],
 'Diagnosis': ['DiseaseA', 'DiseaseB', 'DiseaseA', 'DiseaseB', 'DiseaseB']
}

df = pd.DataFrame(data)

# Handle missing values using the median
df['Age'].fillna(df['Age'].median(), inplace=True)
df['BloodPressure'].fillna(df['BloodPressure'].median(), inplace=True)
df['Cholesterol'].fillna(df['Cholesterol'].median(), inplace=True)

# Detect and replace outliers
for col in ['BloodPressure', 'Cholesterol']:
 lower_bound = df[col].quantile(0.05)
 upper_bound = df[col].quantile(0.95)
 df[col] = np.where(df[col] < lower_bound, lower_bound, df[col])
 df[col] = np.where(df[col] > upper_bound, upper_bound, df[col])

# Normalize Age, BloodPressure, and Cholesterol using Z-score normalization
scaler = StandardScaler()
df[['Age', 'BloodPressure', 'Cholesterol']] = scaler.fit_transform(df[['Age', 'BloodPressure', 'Cholesterol']])

# Encode Diagnosis using label encoding
le = LabelEncoder()
df['Diagnosis'] = le.fit_transform(df['Diagnosis'])

# Ensure data consistency by casting PatientID to string
df['PatientID'] = df['PatientID'].astype(str)

print(df)
```

# OUTPUT 2
```
 PatientID Age BloodPressure Cholesterol Diagnosis
0 101 -1.376494 -1.09545 -1.192569 0
1 102 -0.229416 -0.29220 -0.269493 1
2 103 0.459226 -0.69379 -0.731531 0
3 104 1.606304 -0.29220 0.474071 1
4 105 0.459226 1.95698 1.719523 1
```",N,"Given a dataset of medical records in a DataFrame `df` (input filename: """"data.csv"""") with columns: PatientID, Age, BloodPressure, Cholesterol, and Diagnosis, perform the following tasks and output results accordingly:

1. Handle missing values in the Age, BloodPressure, and Cholesterol columns using the median of each column. Output the cleaned DataFrame as a CSV file named """"missing_values_handled.csv"""".
  
2. Detect and replace outliers in the BloodPressure and Cholesterol columns. An outlier is defined as a value below the 5th percentile or above the 95th percentile. Replace these outliers with the corresponding 5th or 95th percentile value. Output the resulting DataFrame as a CSV file named """"outliers_replaced.csv"""".

3. Normalize the Age, BloodPressure, and Cholesterol columns using Z-score normalization. Output the resulting DataFrame as a CSV file named """"normalized_data.csv"""".

4. Encode the Diagnosis column using label encoding. Output the resulting DataFrame as a CSV file named """"diagnosis_encoded.csv"""".

5. Ensure data consistency by casting PatientID to string type. Output the final cleaned DataFrame as a CSV file named """"final_cleaned_data.csv"""".



Apply the specified data cleaning and preprocessing steps and output the cleaned DataFrame as the final result.""",1=no dependency
22,"
Given a retail dataset DataFrame `df` with columns: InvoiceNo, StockCode, Description, Quantity, InvoiceDate, UnitPrice, CustomerID, Country, perform the following subtasks:

1. Handle any missing CustomerID values by removing corresponding rows.
   - **Input**: `data.csv` (the original DataFrame saved as a CSV file)
   - **Output**: `cleaned_no_missing_customer.csv` (the DataFrame after removing rows with missing CustomerID)

2. Identify and remove any rows that have Quantity or UnitPrice as an outlier. An outlier is defined as any value that is below the 1st percentile or above the 99th percentile of the respective column.
   - **Input**: `cleaned_no_missing_customer.csv`
   - **Output**: `cleaned_no_outliers.csv` (the DataFrame after removing outliers)

3. Normalize the Quantity and UnitPrice columns using Min-Max scaling.
   - **Input**: `cleaned_no_outliers.csv`
   - **Output**: `normalized_data.csv` (the DataFrame with normalized Quantity and UnitPrice)

4. Ensure InvoiceDate is in datetime format.
   - **Input**: `normalized_data.csv`
   - **Output**: `data_with_datetime.csv` (the DataFrame with InvoiceDate in datetime format)

5. Encode the Country column using one-hot encoding.
   - **Input**: `data_with_datetime.csv`
   - **Output**: `final_cleaned_data.csv` (the final cleaned DataFrame with one-hot encoded Country)

Complete the specified data cleaning and preprocessing tasks and output the cleaned DataFrame as described above.","data quality,data integrity,data consistency","# QUESTION 3
Given a retail dataset DataFrame `df` with columns: InvoiceNo, StockCode, Description, Quantity, InvoiceDate, UnitPrice, CustomerID, Country, perform the following:
1. Handle any missing CustomerID values by removing corresponding rows.
2. Identify and remove any rows that have Quantity or UnitPrice as an outlier. An outlier is defined as any value that is below the 1st percentile or above the 99th percentile of the respective column.
3. Normalize the Quantity and UnitPrice columns using Min-Max scaling.
4. Ensure InvoiceDate is in datetime format.
5. Encode the Country column using one-hot encoding.

Starter code:
```python
import pandas as pd
import numpy as np
from sklearn.preprocessing import MinMaxScaler

# Create example DataFrame
data = {
 'InvoiceNo': [1, 2, 3, 4, 5],
 'StockCode': ['A', 'B', 'C', 'D', 'E'],
 'Description': ['Prod A', 'Prod B', 'Prod C', 'Prod D', 'Prod E'],
 'Quantity': [10, 200, 300, 10, 500],
 'InvoiceDate': ['2023-01-01', '2023-01-02', '2023-01-03', '2023-01-04', '2023-01-05'],
 'UnitPrice': [5, 20, 30, 10, 50],
 'CustomerID': [1, 2, 3, 4, np.nan],
 'Country': ['US', 'UK', 'US', 'FR', 'FR']
}

df = pd.DataFrame(data)
```

Complete the specified data cleaning and preprocessing tasks and output the cleaned DataFrame as the final result.

# SOLUTION 3
```python
import pandas as pd
import numpy as np
from sklearn.preprocessing import MinMaxScaler

# Create example DataFrame
data = {
 'InvoiceNo': [1, 2, 3, 4, 5],
 'StockCode': ['A', 'B', 'C', 'D', 'E'],
 'Description': ['Prod A', 'Prod B', 'Prod C', 'Prod D', 'Prod E'],
 'Quantity': [10, 200, 300, 10, 500],
 'InvoiceDate': ['2023-01-01', '2023-01-02', '2023-01-03', '2023-01-04', '2023-01-05'],
 'UnitPrice': [5, 20, 30, 10, 50],
 'CustomerID': [1, 2, 3, 4, np.nan],
 'Country': ['US', 'UK', 'US', 'FR', 'FR']
}

df = pd.DataFrame(data)

# Handle missing CustomerID values by removing corresponding rows
df.dropna(subset=['CustomerID'], inplace=True)

# Identify and remove outliers in Quantity and UnitPrice
for col in ['Quantity', 'UnitPrice']:
 q1 = df[col].quantile(0.01)
 q99 = df[col].quantile(0.99)
 df = df[(df[col] >= q1) & (df[col] <= q99)]

# Normalize Quantity and UnitPrice using Min-Max scaling
scaler = MinMaxScaler()
df[['Quantity', 'UnitPrice']] = scaler.fit_transform(df[['Quantity', 'UnitPrice']])

# Ensure InvoiceDate is in datetime format
df['InvoiceDate'] = pd.to_datetime(df['InvoiceDate'], errors='coerce')

# Encode the Country column using one-hot encoding
df = pd.get_dummies(df, columns=['Country'])

print(df)
```

# OUTPUT 3
```
 InvoiceNo StockCode Description Quantity InvoiceDate UnitPrice CustomerID Country_FR Country_UK Country_US
0 1 A Prod A 0.000000 2023-01-01 0.00000 1.0 0 0 1
1 2 B Prod B 0.380952 2023-01-02 0.31463 2.0 0 1 0
2 3 C Prod C 0.571429 2023-01-03 0.47317 3.0 0 0 1
3 4 D Prod D 0.000000 2023-01-04 0.09481 4.0 1 0 0
```",Y,,1=no dependency
23,"# QUESTION 4
Given a DataFrame `df` of historical weather data with columns: StationID, Date, Temperature, Humidity, WindSpeed, perform the following tasks:

1. **Handle Missing Values**: Handle missing values in Temperature, Humidity, and WindSpeed using the mean of each column.  
   **Input**: `data.csv` (contains the initial DataFrame)  
   **Output**: `missing_values_handled.csv` (the DataFrame after handling missing values)

2. **Detect and Replace Outliers**: Detect and replace outliers in Temperature, Humidity, and WindSpeed. An outlier is defined as a value below the 2nd percentile or above the 98th percentile. Replace these outliers with the corresponding 2nd or 98th percentile value.  
   **Input**: `missing_values_handled.csv`  
   **Output**: `outliers_handled.csv` (the DataFrame after handling outliers)

3. **Normalize Features**: Normalize Temperature, Humidity, and WindSpeed using Min-Max scaling.  
   **Input**: `outliers_handled.csv`  
   **Output**: `normalized_data.csv` (the DataFrame after normalization)

4. **Ensure Date Format**: Ensure that the Date column is in datetime format.  
   **Input**: `normalized_data.csv`  
   **Output**: `date_formatted.csv` (the DataFrame after formatting the Date)

5. **One-Hot Encode StationID**: One-hot encode the StationID column.  
   **Input**: `date_formatted.csv`  
   **Output**: `final_cleaned_data.csv` (the final cleaned DataFrame ready for further analysis)

Apply the required data cleaning and preprocessing steps as specified above and output the final cleaned DataFrame as `final_cleaned_data.csv`.","data quality,data integrity,data consistency","# QUESTION 4
Given a DataFrame `df` of historical weather data with columns: StationID, Date, Temperature, Humidity, WindSpeed:
1. Handle missing values in Temperature, Humidity, and WindSpeed using the mean of each column.
2. Detect and replace outliers in Temperature, Humidity, and WindSpeed. An outlier is defined as a value below the 2nd percentile or above the 98th percentile. Replace these outliers with the corresponding 2nd or 98th percentile value.
3. Normalize Temperature, Humidity, and WindSpeed using Min-Max scaling.
4. Ensure Date is in datetime format.
5. One-hot encode the StationID column.

Starter code:
```python
import pandas as pd
import numpy as np
from sklearn.preprocessing import MinMaxScaler

# Create example DataFrame
data = {
 'StationID': ['S1', 'S2', 'S3', 'S4', 'S5'],
 'Date': ['2023-01-01', '2023-01-02', '2023-01-03', '2023-01-04', '2023-01-05'],
 'Temperature': [25, 30, np.nan, 20, 35],
 'Humidity': [50, 55, 60, np.nan, 65],
 'WindSpeed': [10, 15, 12, 17, np.nan]
}

df = pd.DataFrame(data)
```

Apply the required data cleaning and preprocessing steps and output the cleaned DataFrame as the final result.

# SOLUTION 4
```python
import pandas as pd
import numpy as np
from sklearn.preprocessing import MinMaxScaler

# Create example DataFrame
data = {
 'StationID': ['S1', 'S2', 'S3', 'S4', 'S5'],
 'Date': ['2023-01-01', '2023-01-02', '2023-01-03', '2023-01-04', '2023-01-05'],
 'Temperature': [25, 30, np.nan, 20, 35],
 'Humidity': [50, 55, 60, np.nan, 65],
 'WindSpeed': [10, 15, 12, 17, np.nan]
}

df = pd.DataFrame(data)

# Handle missing values using the mean
df['Temperature'].fillna(df['Temperature'].mean(), inplace=True)
df['Humidity'].fillna(df['Humidity'].mean(), inplace=True)
df['WindSpeed'].fillna(df['WindSpeed'].mean(), inplace=True)

# Detect and replace outliers
for col in ['Temperature', 'Humidity', 'WindSpeed']:
 lower_bound = df[col].quantile(0.02)
 upper_bound = df[col].quantile(0.98)
 df[col] = np.where(df[col] < lower_bound, lower_bound, df[col])
 df[col] = np.where(df[col] > upper_bound, upper_bound, df[col])

# Normalize Temperature, Humidity, and WindSpeed using Min-Max scaling
scaler = MinMaxScaler()
df[['Temperature', 'Humidity', 'WindSpeed']] = scaler.fit_transform(df[['Temperature', 'Humidity', 'WindSpeed']])

# Ensure Date is in datetime format
df['Date'] = pd.to_datetime(df['Date'], errors='coerce')

# One-hot encode the StationID column
df = pd.get_dummies(df, columns=['StationID'])

print(df)
```

# OUTPUT 4
```
 Date Temperature Humidity WindSpeed StationID_S1 StationID_S2 StationID_S3 StationID_S4 StationID_S5
0 2023-01-01 0.312500 0.50 0.0000 1 0 0 0 0
1 2023-01-02 0.500000 0.75 0.8333 0 1 0 0 0
2 2023-01-03 0.437500 1.00 0.3333 0 0 1 0 0
3 2023-01-04 0.125000 0.75 1.0000 0 0 0 1 0
4 2023-01-05 0.750000 1.00 0.7500 0 0 0 0 1
```",Y,,1=no dependency
24,"
Given a DataFrame `df` with sales data containing columns: TransactionID, ProductID, Quantity, SaleDate, StoreID, Revenue:

1. **Handle missing Revenue values**: Impute any missing Revenue values with the median of the Revenue column.  
   **Input file**: `data.csv`  
   **Output**: `step1_imputed_revenue.csv` (contains the DataFrame after handling missing values)

2. **Detect and replace outliers**: Detect and replace outliers in Quantity and Revenue. Outliers are defined as values below the 1st percentile or above the 99th percentile. Replace them with the corresponding 1st or 99th percentile value instead of removing them.  
   **Input file**: `step1_imputed_revenue.csv`  
   **Output**: `step2_replaced_outliers.csv` (contains the DataFrame after outlier replacement)

3. **Normalize Quantity and Revenue**: Normalize Quantity and Revenue using Z-score normalization.  
   **Input file**: `step2_replaced_outliers.csv`  
   **Output**: `step3_normalized_data.csv` (contains the DataFrame after normalization)

4. **Ensure SaleDate format**: Ensure SaleDate is in datetime format.  
   **Input file**: `step3_normalized_data.csv`  
   **Output**: `step4_formatted_dates.csv` (contains the DataFrame after ensuring datetime format)

5. **Encode ProductID and StoreID**: Encode the ProductID and StoreID columns using separate label encoders to avoid any potential overlap in numerical values between categories from different columns.  
   **Input file**: `step4_formatted_dates.csv`  
   **Output**: `final_cleaned_data.csv` (contains the final cleaned DataFrame)

Perform the specified data cleaning and preprocessing tasks and output the cleaned DataFrame as the final result.","data quality,data integrity,data consistency","# QUESTION 5
Given a DataFrame `df` with sales data containing columns: TransactionID, ProductID, Quantity, SaleDate, StoreID, Revenue:
1. Handle any missing Revenue values by imputing them with the median of the Revenue column.
2. Detect and replace outliers in Quantity and Revenue. Outliers are defined as values below the 1st percentile or above the 99th percentile. Instead of removing these outliers, replace them with the corresponding 1st or 99th percentile value.
3. Normalize Quantity and Revenue using Z-score normalization.
4. Ensure SaleDate is in datetime format.
5. Encode the ProductID and StoreID columns using separate label encoders to avoid any potential overlap in numerical values between categories from different columns.

Starter code:
```python
import pandas as pd
import numpy as np
from sklearn.preprocessing import StandardScaler, LabelEncoder

# Create example DataFrame
data = {
 'TransactionID': [1001, 1002, 1003, 1004, 1005],
 'ProductID': ['P1', 'P2', 'P3', 'P4', 'P5'],
 'Quantity': [5, 10, 15, 20, 25],
 'SaleDate': ['2023-01-01', '2023-01-02', '2023-01-03', '2023-01-04', '2023-01-05'],
 'StoreID': ['S1', 'S2', 'S3', 'S4', 'S5'],
 'Revenue': [50, 100, np.nan, 200, 250]
}

df = pd.DataFrame(data)
```

Perform the specified data cleaning and preprocessing tasks and output the cleaned DataFrame as the final result.

# SOLUTION 5
```python
import pandas as pd
import numpy as np
from sklearn.preprocessing import StandardScaler, LabelEncoder

# Create example DataFrame
data = {
 'TransactionID': [1001, 1002, 1003, 1004, 1005],
 'ProductID': ['P1', 'P2', 'P3', 'P4', 'P5'],
 'Quantity': [5, 10, 15, 20, 25],
 'SaleDate': ['2023-01-01', '2023-01-02', '2023-01-03', '2023-01-04', '2023-01-05'],
 'StoreID': ['S1', 'S2', 'S3', 'S4', 'S5'],
 'Revenue': [50, 100, np.nan, 200, 250]
}

df = pd.DataFrame(data)

# Handle missing Revenue values by imputing them with the median of the Revenue column
df['Revenue'].fillna(df['Revenue'].median(), inplace=True)

# Detect and replace outliers in Quantity and Revenue
for col in ['Quantity', 'Revenue']:
 q1 = df[col].quantile(0.01)
 q99 = df[col].quantile(0.99)
 df[col] = np.where(df[col] < q1, q1, df[col])
 df[col] = np.where(df[col] > q99, q99, df[col])

# Normalize Quantity and Revenue using Z-score normalization
scaler = StandardScaler()
df[['Quantity', 'Revenue']] = scaler.fit_transform(df[['Quantity', 'Revenue']])

# Ensure SaleDate is in datetime format
df['SaleDate'] = pd.to_datetime(df['SaleDate'], errors='coerce')

# Encode the ProductID and StoreID columns using separate label encoders
le_product = LabelEncoder()
le_store = LabelEncoder()
df['ProductID'] = le_product.fit_transform(df['ProductID'])
df['StoreID'] = le_store.fit_transform(df['StoreID'])

print(df)
```

# OUTPUT 5
```
 TransactionID ProductID Quantity SaleDate StoreID Revenue
0 1001 0 -1.414214 2023-01-01 0 -1.414214
1 1002 1 -0.707107 2023-01-02 1 -0.707107
2 1003 2 0.000000 2023-01-03 2 0.000000
3 1004 3 0.707107 2023-01-04 3 0.707107
4 1005 4 1.414214 2023-01-05 4 1.414214
```",Y,,1=no dependency