antecedents,consequents,antecedent support,consequent support,support,confidence,lift,leverage,conviction,zhangs_metric
frozenset({'60 TEATIME FAIRY CAKE CASES'}),frozenset({'72 SWEETHEART FAIRY CAKE CASES'}),0.059126633008900226,0.03612137615156404,0.018789361369905794,0.31778169014084506,8.797607511060601,0.016653626018415826,1.412859505408804,0.9420319081332134
frozenset({'72 SWEETHEART FAIRY CAKE CASES'}),frozenset({'60 TEATIME FAIRY CAKE CASES'}),0.03612137615156404,0.059126633008900226,0.018789361369905794,0.5201729106628243,8.797607511060601,0.016653626018415826,1.960859209284755,0.9195480751295481
frozenset({'PACK OF 60 DINOSAUR CAKE CASES'}),frozenset({'60 TEATIME FAIRY CAKE CASES'}),0.031801384479258836,0.059126633008900226,0.018581169000156144,0.5842880523731587,9.881977420990756,0.01670086021087607,2.263281996974653,0.928327787409986
frozenset({'60 TEATIME FAIRY CAKE CASES'}),frozenset({'PACK OF 60 DINOSAUR CAKE CASES'}),0.059126633008900226,0.031801384479258836,0.018581169000156144,0.3142605633802817,9.881977420990756,0.01670086021087607,1.411904527896742,0.9552886818277679
frozenset({'PACK OF 60 MUSHROOM CAKE CASES'}),frozenset({'60 TEATIME FAIRY CAKE CASES'}),0.023213449227085826,0.059126633008900226,0.010617810857232082,0.45739910313901344,7.7359233878607965,0.00924527776391144,1.7340062879257458,0.8914260221059703
frozenset({'60 TEATIME FAIRY CAKE CASES'}),frozenset({'PACK OF 60 MUSHROOM CAKE CASES'}),0.059126633008900226,0.023213449227085826,0.010617810857232082,0.17957746478873238,7.7359233878607965,0.00924527776391144,1.1905896155343676,0.9254517982443295
frozenset({'PACK OF 60 PINK PAISLEY CAKE CASES'}),frozenset({'60 TEATIME FAIRY CAKE CASES'}),0.04830062978191849,0.059126633008900226,0.024358507260708893,0.5043103448275862,8.529326280961632,0.021502653649494642,1.8981097490603056,0.9275591360907194
frozenset({'60 TEATIME FAIRY CAKE CASES'}),frozenset({'PACK OF 60 PINK PAISLEY CAKE CASES'}),0.059126633008900226,0.04830062978191849,0.024358507260708893,0.41197183098591544,8.52932628096163,0.021502653649494642,1.6184588092331447,0.9382319413298005
frozenset({'60 TEATIME FAIRY CAKE CASES'}),frozenset({'PACK OF 60 SPACEBOY CAKE CASES'}),0.059126633008900226,0.026700671420392442,0.012855878832040805,0.21742957746478872,8.143225091288471,0.01127715803187603,1.2437210767901397,0.9323236922396074
frozenset({'PACK OF 60 SPACEBOY CAKE CASES'}),frozenset({'60 TEATIME FAIRY CAKE CASES'}),0.026700671420392442,0.059126633008900226,0.012855878832040805,0.4814814814814815,8.143225091288471,0.01127715803187603,1.8145414934828354,0.9012628547922665
frozenset({'PACK OF 72 RETRO SPOT CAKE CASES'}),frozenset({'60 TEATIME FAIRY CAKE CASES'}),0.060375787227398114,0.059126633008900226,0.024878988185083016,0.41206896551724137,6.969261474016513,0.021309171171065202,1.6003124717150672,0.9115482144972021
frozenset({'60 TEATIME FAIRY CAKE CASES'}),frozenset({'PACK OF 72 RETRO SPOT CAKE CASES'}),0.059126633008900226,0.060375787227398114,0.024878988185083016,0.42077464788732394,6.969261474016513,0.021309171171065202,1.6222083673399328,0.9103379939325104
frozenset({'PACK OF 72 SKULL CAKE CASES'}),frozenset({'60 TEATIME FAIRY CAKE CASES'}),0.034924270025503565,0.059126633008900226,0.015041898714412116,0.4307004470938897,7.284372966562414,0.012976944217510432,1.6526859404477174,0.8939400272979814
frozenset({'60 TEATIME FAIRY CAKE CASES'}),frozenset({'PACK OF 72 SKULL CAKE CASES'}),0.059126633008900226,0.034924270025503565,0.015041898714412116,0.2544014084507042,7.2843729665624135,0.012976944217510432,1.2943636708984982,0.916935110148762
frozenset({'SET OF 36 TEATIME PAPER DOILIES'}),frozenset({'60 TEATIME FAIRY CAKE CASES'}),0.02113152552958934,0.059126633008900226,0.011450580336230677,0.541871921182266,9.164599666967321,0.010201144381324443,2.0537343387010027,0.9101166393557525
frozenset({'60 TEATIME FAIRY CAKE CASES'}),frozenset({'SET OF 36 TEATIME PAPER DOILIES'}),0.059126633008900226,0.02113152552958934,0.011450580336230677,0.1936619718309859,9.164599666967321,0.010201144381324443,1.2139678897362298,0.9468697038426529
frozenset({'60 TEATIME FAIRY CAKE CASES'}),frozenset({'STRAWBERRY CERAMIC TRINKET BOX'}),0.059126633008900226,0.06948420340394525,0.011606724613542913,0.19630281690140844,2.8251430869863374,0.007498357618962067,1.1577940251184209,0.6866339830287527
frozenset({'STRAWBERRY CERAMIC TRINKET BOX'}),frozenset({'60 TEATIME FAIRY CAKE CASES'}),0.06948420340394525,0.059126633008900226,0.011606724613542913,0.16704119850187266,2.8251430869863374,0.007498357618962067,1.1295557058751065,0.694276905202526
frozenset({'60 TEATIME FAIRY CAKE CASES'}),frozenset({'WHITE HANGING HEART T-LIGHT HOLDER'}),0.059126633008900226,0.15723728725342218,0.014781658252225056,0.25,1.5899536577292286,0.005484746873476939,1.123683616995437,0.3943685346019804
frozenset({'WHITE HANGING HEART T-LIGHT HOLDER'}),frozenset({'60 TEATIME FAIRY CAKE CASES'}),0.15723728725342218,0.059126633008900226,0.014781658252225056,0.09400860642171466,1.5899536577292286,0.005484746873476939,1.0385014401461865,0.4402791501976285
frozenset({'PACK OF 60 DINOSAUR CAKE CASES'}),frozenset({'72 SWEETHEART FAIRY CAKE CASES'}),0.031801384479258836,0.03612137615156404,0.012647686462291157,0.397708674304419,11.010341151888763,0.011498976691375338,1.6003528238353106,0.9390390342557972
frozenset({'72 SWEETHEART FAIRY CAKE CASES'}),frozenset({'PACK OF 60 DINOSAUR CAKE CASES'}),0.03612137615156404,0.031801384479258836,0.012647686462291157,0.3501440922190202,11.010341151888765,0.011498976691375338,1.4898666057015397,0.94324769778208
frozenset({'PACK OF 60 PINK PAISLEY CAKE CASES'}),frozenset({'72 SWEETHEART FAIRY CAKE CASES'}),0.04830062978191849,0.03612137615156404,0.015406235361474003,0.31896551724137934,8.830381099075824,0.013661550144763888,1.4153154476761844,0.9317591586664598
frozenset({'72 SWEETHEART FAIRY CAKE CASES'}),frozenset({'PACK OF 60 PINK PAISLEY CAKE CASES'}),0.03612137615156404,0.04830062978191849,0.015406235361474003,0.42651296829971186,8.830381099075824,0.013661550144763888,1.6594958867621825,0.9199857560460185
frozenset({'PACK OF 72 RETRO SPOT CAKE CASES'}),frozenset({'72 SWEETHEART FAIRY CAKE CASES'}),0.060375787227398114,0.03612137615156404,0.014833706344662467,0.24568965517241378,6.8017800357746205,0.012652849823774823,1.277827661330498,0.9077880820702395
frozenset({'72 SWEETHEART FAIRY CAKE CASES'}),frozenset({'PACK OF 72 RETRO SPOT CAKE CASES'}),0.03612137615156404,0.060375787227398114,0.014833706344662467,0.4106628242074928,6.80178003577462,0.012652849823774823,1.5943745810860286,0.8849450966906439
frozenset({'PACK OF 72 SKULL CAKE CASES'}),frozenset({'72 SWEETHEART FAIRY CAKE CASES'}),0.034924270025503565,0.03612137615156404,0.010461666579919846,0.2995529061102832,8.292953869015664,0.009200153885509838,1.3760905459623416,0.9112400997922694
frozenset({'72 SWEETHEART FAIRY CAKE CASES'}),frozenset({'PACK OF 72 SKULL CAKE CASES'}),0.03612137615156404,0.034924270025503565,0.010461666579919846,0.2896253602305476,8.292953869015664,0.009200153885509838,1.3585447395584191,0.9123718305712111
frozenset({'ALARM CLOCK BAKELIKE RED '}),frozenset({'ALARM CLOCK BAKELIKE GREEN'}),0.015874668193410713,0.015406235361474003,0.010461666579919846,0.659016393442623,42.775952591936196,0.010217097705446855,2.887510559757216,0.9923760192058536
frozenset({'ALARM CLOCK BAKELIKE GREEN'}),frozenset({'ALARM CLOCK BAKELIKE RED '}),0.015406235361474003,0.015874668193410713,0.010461666579919846,0.6790540540540541,42.775952591936196,0.010217097705446855,3.066327349628952,0.9919038838687043
frozenset({'HOME BUILDING BLOCK WORD'}),frozenset({'ASSORTED COLOUR BIRD ORNAMENT'}),0.06110446052152189,0.06938010721907042,0.011294436058918441,0.1848381601362862,2.664137712451963,0.0070550020363717965,1.1416381965776503,0.665296619229764
frozenset({'ASSORTED COLOUR BIRD ORNAMENT'}),frozenset({'HOME BUILDING BLOCK WORD'}),0.06938010721907042,0.06110446052152189,0.011294436058918441,0.1627906976744186,2.664137712451963,0.0070550020363717965,1.1214585610437378,0.6712128475551294
frozenset({'ASSORTED COLOUR BIRD ORNAMENT'}),frozenset({'PAINTED METAL PEARS ASSORTED'}),0.06938010721907042,0.019518034664029564,0.014469369697600582,0.20855213803450862,10.685099274818704,0.013115206359904678,1.238845933452937,0.9739870519691628
frozenset({'PAINTED METAL PEARS ASSORTED'}),frozenset({'ASSORTED COLOUR BIRD ORNAMENT'}),0.019518034664029564,0.06938010721907042,0.014469369697600582,0.7413333333333333,10.685099274818704,0.013115206359904678,3.597757317452047,0.9244552759957868
frozenset({'ASSORTED COLOUR BIRD ORNAMENT'}),frozenset({'WHITE HANGING HEART T-LIGHT HOLDER'}),0.06938010721907042,0.15723728725342218,0.020298756050590745,0.2925731432858214,1.8607109572825178,0.009389616202112538,1.1913072068835504,0.49705687489244527
frozenset({'WHITE HANGING HEART T-LIGHT HOLDER'}),frozenset({'ASSORTED COLOUR BIRD ORNAMENT'}),0.15723728725342218,0.06938010721907042,0.020298756050590745,0.12909632571996027,1.860710957282518,0.009389616202112538,1.0685681094987411,0.5488745629370628
frozenset({'BAKING SET 9 PIECE RETROSPOT '}),frozenset({'BAKING SET SPACEBOY DESIGN'}),0.04621870608442201,0.02467079581533337,0.012127205537917036,0.26238738738738737,10.635546147413235,0.010986953277259355,1.3222783714747848,0.9498778024345832
frozenset({'BAKING SET SPACEBOY DESIGN'}),frozenset({'BAKING SET 9 PIECE RETROSPOT '}),0.02467079581533337,0.04621870608442201,0.012127205537917036,0.49156118143459915,10.635546147413235,0.010986953277259355,1.8759017979916346,0.9288921889969441
frozenset({'RETRO SPOT TEA SET CERAMIC 11 PC '}),frozenset({'BAKING SET 9 PIECE RETROSPOT '}),0.03601727996668922,0.04621870608442201,0.011086243689168792,0.3078034682080925,6.659716255272614,0.009421571612428042,1.377905334842547,0.8815961478063348
frozenset({'BAKING SET 9 PIECE RETROSPOT '}),frozenset({'RETRO SPOT TEA SET CERAMIC 11 PC '}),0.04621870608442201,0.03601727996668922,0.011086243689168792,0.23986486486486486,6.659716255272613,0.009421571612428042,1.2681728227993778,0.8910254981457641
frozenset({'KITCHEN METAL SIGN'}),frozenset({'BATHROOM METAL SIGN'}),0.017227918596783427,0.02899078748763858,0.013636600218601988,0.7915407854984895,27.303183324564593,0.013137149291708302,4.658029700602778,0.9802621099621515
frozenset({'BATHROOM METAL SIGN'}),frozenset({'KITCHEN METAL SIGN'}),0.02899078748763858,0.017227918596783427,0.013636600218601988,0.4703770197486535,27.303183324564593,0.013137149291708302,1.8556069469206493,0.9921370690558182
frozenset({'TOILET METAL SIGN'}),frozenset({'BATHROOM METAL SIGN'}),0.022588872117836882,0.02899078748763858,0.017488159058970488,0.7741935483870968,26.70481264840447,0.016833289867816834,4.300183655411885,0.9847990663329605
frozenset({'BATHROOM METAL SIGN'}),frozenset({'TOILET METAL SIGN'}),0.02899078748763858,0.022588872117836882,0.017488159058970488,0.6032315978456014,26.70481264840447,0.016833289867816834,2.4634298562459946,0.9912918989422528
frozenset({'BLUE  SPOTTY CUP'}),frozenset({'PINK  SPOTTY CUP'}),0.015510331546348826,0.015406235361474003,0.011086243689168792,0.714765100671141,46.39453337565754,0.010847287870831248,3.451869904262127,0.993860847701417
frozenset({'PINK  SPOTTY CUP'}),frozenset({'BLUE  SPOTTY CUP'}),0.015406235361474003,0.015510331546348826,0.011086243689168792,0.7195945945945946,46.39453337565754,0.010847287870831248,3.510951106774467,0.9937557717540997
frozenset({'RED SPOTTY CUP'}),frozenset({'BLUE  SPOTTY CUP'}),0.01873731327746838,0.015510331546348826,0.010149378025295372,0.5416666666666666,34.92295861297539,0.009858756084074034,2.1479774584443296,0.9899138680234527
frozenset({'BLUE  SPOTTY CUP'}),frozenset({'RED SPOTTY CUP'}),0.015510331546348826,0.01873731327746838,0.010149378025295372,0.6543624161073825,34.92295861297539,0.009858756084074034,2.8389930159545087,0.9866691067325485
frozenset({'PINK 3 PIECE MINI DOTS CUTLERY SET'}),frozenset({'BLUE 3 PIECE MINI DOTS CUTLERY SET'}),0.021652006453963462,0.023161401134648416,0.01488575443709988,0.6875,29.68300561797753,0.014384263630249635,3.125883516369125,0.9876962958305725
frozenset({'BLUE 3 PIECE MINI DOTS CUTLERY SET'}),frozenset({'PINK 3 PIECE MINI DOTS CUTLERY SET'}),0.023161401134648416,0.021652006453963462,0.01488575443709988,0.6426966292134831,29.68300561797753,0.014384263630249635,2.738143755521926,0.9892224676431837
frozenset({'RED 3 PIECE MINI DOTS CUTLERY SET'}),frozenset({'BLUE 3 PIECE MINI DOTS CUTLERY SET'}),0.023942122521209596,0.023161401134648416,0.01535418726903659,0.641304347826087,27.688495359062046,0.014799654165307954,2.7233076089579504,0.9875274193417188
frozenset({'BLUE 3 PIECE MINI DOTS CUTLERY SET'}),frozenset({'RED 3 PIECE MINI DOTS CUTLERY SET'}),0.023161401134648416,0.023942122521209596,0.01535418726903659,0.6629213483146067,27.688495359062042,0.014799654165307954,2.8956383698537445,0.9867381550999175
frozenset({'CHILDS GARDEN TROWEL BLUE '}),frozenset({'CHILDS GARDEN TROWEL PINK'}),0.011554676521105502,0.01202310935304221,0.010097329932857961,0.8738738738738738,72.68285168285168,0.00995840679350568,7.833245347272306,0.997770512022244
frozenset({'CHILDS GARDEN TROWEL PINK'}),frozenset({'CHILDS GARDEN TROWEL BLUE '}),0.01202310935304221,0.011554676521105502,0.010097329932857961,0.8398268398268399,72.68285168285169,0.00995840679350568,6.171104587124994,0.998243588337079
frozenset({'CHOCOLATE HOT WATER BOTTLE'}),frozenset({'HOT WATER BOTTLE I AM SO POORLY'}),0.041690522042367145,0.017852495706032374,0.010826003226981731,0.2596754057428215,14.545608077366849,0.010081723361238124,1.3266444366601484,0.9717640773575761
frozenset({'HOT WATER BOTTLE I AM SO POORLY'}),frozenset({'CHOCOLATE HOT WATER BOTTLE'}),0.017852495706032374,0.041690522042367145,0.010826003226981731,0.6064139941690961,14.545608077366847,0.010081723361238124,2.4348159328849484,0.9481780706045412
frozenset({'HOT WATER BOTTLE TEA AND SYMPATHY'}),frozenset({'CHOCOLATE HOT WATER BOTTLE'}),0.043772445739863636,0.041690522042367145,0.020090563680841098,0.4589774078478002,11.009154727814964,0.018265667566874994,1.7712929032139981,0.9507846757117444
frozenset({'CHOCOLATE HOT WATER BOTTLE'}),frozenset({'HOT WATER BOTTLE TEA AND SYMPATHY'}),0.041690522042367145,0.043772445739863636,0.020090563680841098,0.4818976279650437,11.009154727814964,0.018265667566874994,1.845634387861131,0.9487190996185187
frozenset({'SCOTTIE DOG HOT WATER BOTTLE'}),frozenset({'CHOCOLATE HOT WATER BOTTLE'}),0.045021599958361525,0.041690522042367145,0.013948888773226462,0.30982658959537573,7.431583353178469,0.012071914767779754,1.3885053575098032,0.9062395266961465
frozenset({'CHOCOLATE HOT WATER BOTTLE'}),frozenset({'SCOTTIE DOG HOT WATER BOTTLE'}),0.041690522042367145,0.045021599958361525,0.013948888773226462,0.33458177278402,7.43158335317847,0.012071914767779754,1.4351551565353704,0.903089443613996
frozenset({'CHOCOLATE HOT WATER BOTTLE'}),frozenset({'WHITE HANGING HEART T-LIGHT HOLDER'}),0.041690522042367145,0.15723728725342218,0.010149378025295372,0.24344569288389512,1.548269479436702,0.00359407343517456,1.113948734174932,0.3695232206420561
frozenset({'WHITE HANGING HEART T-LIGHT HOLDER'}),frozenset({'CHOCOLATE HOT WATER BOTTLE'}),0.15723728725342218,0.041690522042367145,0.010149378025295372,0.06454816285998013,1.548269479436702,0.00359407343517456,1.0244348665640512,0.42018660687138937
frozenset({'CHOCOLATE THIS WAY METAL SIGN'}),frozenset({'HAND OVER THE CHOCOLATE   SIGN '}),0.022901160672461354,0.03799510747931088,0.01030552230260761,0.45,11.843630136986302,0.009435390241456473,1.749099804583071,0.9370253969945015
frozenset({'HAND OVER THE CHOCOLATE   SIGN '}),frozenset({'CHOCOLATE THIS WAY METAL SIGN'}),0.03799510747931088,0.022901160672461354,0.01030552230260761,0.27123287671232876,11.8436301369863,0.009435390241456473,1.3407559261449309,0.9517274131784763
frozenset({'COFFEE MUG CAT + BIRD DESIGN'}),frozenset({'COFFEE MUG DOG + BALL DESIGN'}),0.015510331546348826,0.014521417790037995,0.010982147504293967,0.7080536912751678,48.75926727766953,0.01075691549984743,3.3755473275697554,0.9949226584883984
frozenset({'COFFEE MUG DOG + BALL DESIGN'}),frozenset({'COFFEE MUG CAT + BIRD DESIGN'}),0.014521417790037995,0.015510331546348826,0.010982147504293967,0.7562724014336917,48.75926727766952,0.01075691549984743,4.039303198508361,0.9939242677357165
frozenset({'COOK WITH WINE METAL SIGN '}),frozenset({'GIN + TONIC DIET METAL SIGN'}),0.033466923437256026,0.0389319731431843,0.016186956748035185,0.4836702954898911,12.423472442843956,0.014884023383590928,1.861345606231724,0.9513458245242213
frozenset({'GIN + TONIC DIET METAL SIGN'}),frozenset({'COOK WITH WINE METAL SIGN '}),0.0389319731431843,0.033466923437256026,0.016186956748035185,0.41577540106951877,12.423472442843956,0.014884023383590928,1.6543861356268479,0.9567555895702567
frozenset({'HAND OVER THE CHOCOLATE   SIGN '}),frozenset({'COOK WITH WINE METAL SIGN '}),0.03799510747931088,0.033466923437256026,0.012751782647165982,0.3356164383561644,10.028302690726262,0.011480203294165572,1.4547817441047488,0.9358395525066058
frozenset({'COOK WITH WINE METAL SIGN '}),frozenset({'HAND OVER THE CHOCOLATE   SIGN '}),0.033466923437256026,0.03799510747931088,0.012751782647165982,0.38102643856920687,10.028302690726262,0.011480203294165572,1.55419383389649,0.9314551668809689
frozenset({'COOK WITH WINE METAL SIGN '}),frozenset({'PLEASE ONE PERSON METAL SIGN'}),0.033466923437256026,0.038411492218810184,0.012907926924478218,0.3856920684292379,10.04105922863272,0.011622412455280543,1.565320026590646,0.9315862386436674
frozenset({'PLEASE ONE PERSON METAL SIGN'}),frozenset({'COOK WITH WINE METAL SIGN '}),0.038411492218810184,0.033466923437256026,0.012907926924478218,0.33604336043360433,10.04105922863272,0.011622412455280543,1.4557171642924596,0.9363765332402112
frozenset({'COOK WITH WINE METAL SIGN '}),frozenset({'WHITE HANGING HEART T-LIGHT HOLDER'}),0.033466923437256026,0.15723728725342218,0.010930099411856556,0.3265940902021773,2.0770778732388053,0.0056678511578644435,1.2514928967576202,0.536509731517809
frozenset({'WHITE HANGING HEART T-LIGHT HOLDER'}),frozenset({'COOK WITH WINE METAL SIGN '}),0.15723728725342218,0.033466923437256026,0.010930099411856556,0.06951340615690169,2.0770778732388058,0.0056678511578644435,1.0387393896464068,0.6153029714850368
frozenset({'CREAM CUPID HEARTS COAT HANGER'}),frozenset({'WHITE HANGING HEART T-LIGHT HOLDER'}),0.026804767605267267,0.15723728725342218,0.011919013168167387,0.4446601941747573,2.8279564086989772,0.007704304224456753,1.5175622274982081,0.6641912522694672
frozenset({'WHITE HANGING HEART T-LIGHT HOLDER'}),frozenset({'CREAM CUPID HEARTS COAT HANGER'}),0.15723728725342218,0.026804767605267267,0.011919013168167387,0.07580271433300231,2.8279564086989777,0.007704304224456753,1.053016761126249,0.7669866622365673
frozenset({'CREAM HEART CARD HOLDER'}),frozenset({'WHITE HANGING HEART T-LIGHT HOLDER'}),0.03601727996668922,0.15723728725342218,0.016759485764846718,0.4653179190751445,2.959335709761917,0.011096226368637477,1.5761940465422482,0.6868238538023482
frozenset({'WHITE HANGING HEART T-LIGHT HOLDER'}),frozenset({'CREAM HEART CARD HOLDER'}),0.15723728725342218,0.03601727996668922,0.016759485764846718,0.10658722277391591,2.9593357097619166,0.011096226368637477,1.0789891801484373,0.7856141672599612
frozenset({'DOLLY GIRL LUNCH BOX'}),frozenset({'SPACEBOY LUNCH BOX '}),0.020975381252277103,0.02212043928590017,0.013376359756414928,0.6377171215880894,28.829315428404616,0.012912375108925324,2.6992154997793305,0.9859947002277537
frozenset({'SPACEBOY LUNCH BOX '}),frozenset({'DOLLY GIRL LUNCH BOX'}),0.02212043928590017,0.020975381252277103,0.013376359756414928,0.6047058823529412,28.829315428404616,0.012912375108925324,2.4766991843320376,0.9871492607666621
frozenset({'EDWARDIAN PARASOL NATURAL'}),frozenset({'EDWARDIAN PARASOL BLACK'}),0.025815853848956436,0.02664862332795503,0.013740696403476813,0.532258064516129,19.973191784274192,0.013052739438366434,2.080958115643682,0.9751060857007323
frozenset({'EDWARDIAN PARASOL BLACK'}),frozenset({'EDWARDIAN PARASOL NATURAL'}),0.02664862332795503,0.025815853848956436,0.013740696403476813,0.515625,19.973191784274192,0.013052739438366434,2.011218882376348,0.9759403564547674
frozenset({'EDWARDIAN PARASOL BLACK'}),frozenset({'EDWARDIAN PARASOL RED'}),0.02664862332795503,0.019153698016967678,0.013428407848852339,0.50390625,26.308561905570652,0.012917988165060769,1.9771390024224904,0.9883271176063628
frozenset({'EDWARDIAN PARASOL RED'}),frozenset({'EDWARDIAN PARASOL BLACK'}),0.019153698016967678,0.02664862332795503,0.013428407848852339,0.7010869565217391,26.308561905570652,0.012917988165060769,3.2563027874119324,0.9807750292574471
frozenset({'EDWARDIAN PARASOL NATURAL'}),frozenset({'EDWARDIAN PARASOL RED'}),0.025815853848956436,0.019153698016967678,0.010253474210170197,0.3971774193548387,20.73633086430575,0.009759005141497114,1.6270895176708497,0.9769974851169531
frozenset({'EDWARDIAN PARASOL RED'}),frozenset({'EDWARDIAN PARASOL NATURAL'}),0.019153698016967678,0.025815853848956436,0.010253474210170197,0.5353260869565217,20.73633086430575,0.009759005141497114,2.0964898583835323,0.9703614714212794
frozenset({'FELTCRAFT 6 FLOWER FRIENDS'}),frozenset({'FELTCRAFT BUTTERFLY HEARTS'}),0.03919221360537136,0.03221776921875813,0.014833706344662467,0.3784860557768924,11.74774247114933,0.01357102065155234,1.5571367943980237,0.9521959286080858
frozenset({'FELTCRAFT BUTTERFLY HEARTS'}),frozenset({'FELTCRAFT 6 FLOWER FRIENDS'}),0.03221776921875813,0.03919221360537136,0.014833706344662467,0.4604200323101777,11.747742471149328,0.01357102065155234,1.780658741851123,0.9453338088687353
frozenset({'PINK CREAM FELT CRAFT TRINKET BOX '}),frozenset({'FELTCRAFT 6 FLOWER FRIENDS'}),0.03716233800031229,0.03919221360537136,0.010461666579919846,0.2815126050420168,7.182870757864899,0.009005192290936598,1.3372646383738105,0.8940031449864576
frozenset({'FELTCRAFT 6 FLOWER FRIENDS'}),frozenset({'PINK CREAM FELT CRAFT TRINKET BOX '}),0.03919221360537136,0.03716233800031229,0.010461666579919846,0.2669322709163347,7.1828707578649,0.009005192290936598,1.3134361584887044,0.8958918840251614
frozenset({'FELTCRAFT CUSHION OWL'}),frozenset({'FELTCRAFT CUSHION BUTTERFLY'}),0.020246707958153334,0.021652006453963462,0.012751782647165982,0.6298200514138818,29.088299634170458,0.012313400795784532,2.6428983992320014,0.9855765978299522
frozenset({'FELTCRAFT CUSHION BUTTERFLY'}),frozenset({'FELTCRAFT CUSHION OWL'}),0.021652006453963462,0.020246707958153334,0.012751782647165982,0.5889423076923077,29.088299634170458,0.012313400795784532,2.383493388826949,0.9869922794888025
frozenset({'FELTCRAFT CUSHION BUTTERFLY'}),frozenset({'FELTCRAFT CUSHION RABBIT'}),0.021652006453963462,0.020194659865715923,0.013792744495914225,0.6370192307692308,31.54394453806503,0.013355489590166147,2.6993312681845185,0.9897277867503946
frozenset({'FELTCRAFT CUSHION RABBIT'}),frozenset({'FELTCRAFT CUSHION BUTTERFLY'}),0.020194659865715923,0.021652006453963462,0.013792744495914225,0.6829896907216495,31.54394453806503,0.013355489590166147,3.086170906470424,0.9882556816758125
frozenset({'FELTCRAFT CUSHION OWL'}),frozenset({'FELTCRAFT CUSHION RABBIT'}),0.020246707958153334,0.020194659865715923,0.012387446000104095,0.6118251928020565,30.29638512707709,0.011978570619488704,2.524134286836003,0.9869757720342706
frozenset({'FELTCRAFT CUSHION RABBIT'}),frozenset({'FELTCRAFT CUSHION OWL'}),0.020194659865715923,0.020246707958153334,0.012387446000104095,0.61340206185567,30.29638512707709,0.011978570619488704,2.5342951820815762,0.9869233430423962
frozenset({'FELTCRAFT DOLL EMILY'}),frozenset({'FELTCRAFT DOLL MOLLY'}),0.01868526518503097,0.021756102638838287,0.010149378025295372,0.543175487465181,24.966580480068234,0.009742859478095927,2.141399750930835,0.9782248478864582
frozenset({'FELTCRAFT DOLL MOLLY'}),frozenset({'FELTCRAFT DOLL EMILY'}),0.021756102638838287,0.01868526518503097,0.010149378025295372,0.46650717703349276,24.966580480068234,0.009742859478095927,1.8394150634648296,0.9812956255414356
frozenset({'FELTCRAFT DOLL EMILY'}),frozenset({'FELTCRAFT DOLL ROSIE'}),0.01868526518503097,0.023161401134648416,0.010878051319419144,0.5821727019498607,25.135469938343086,0.01044527439716136,2.337900379951075,0.9784990988421225
frozenset({'FELTCRAFT DOLL ROSIE'}),frozenset({'FELTCRAFT DOLL EMILY'}),0.023161401134648416,0.01868526518503097,0.010878051319419144,0.4696629213483146,25.135469938343086,0.01044527439716136,1.8503604109858525,0.9829828436471322
frozenset({'FELTCRAFT DOLL MOLLY'}),frozenset({'FELTCRAFT DOLL ROSIE'}),0.021756102638838287,0.023161401134648416,0.011606724613542913,0.5334928229665071,23.033702489113487,0.011102822793198196,2.093941201670343,0.9778597733153437
frozenset({'FELTCRAFT DOLL ROSIE'}),frozenset({'FELTCRAFT DOLL MOLLY'}),0.023161401134648416,0.021756102638838287,0.011606724613542913,0.5011235955056179,23.033702489113484,0.011102822793198196,1.9608942987644906,0.979266540892044
frozenset({'HAND OVER THE CHOCOLATE   SIGN '}),frozenset({'GIN + TONIC DIET METAL SIGN'}),0.03799510747931088,0.0389319731431843,0.014313225420288346,0.3767123287671233,9.676168412570508,0.012834000916331413,1.5419333178142316,0.9320673050911649
frozenset({'GIN + TONIC DIET METAL SIGN'}),frozenset({'HAND OVER THE CHOCOLATE   SIGN '}),0.0389319731431843,0.03799510747931088,0.014313225420288346,0.36764705882352944,9.676168412570508,0.012834000916331413,1.5213100625908573,0.9329759003520173
frozenset({'NO SINGING METAL SIGN'}),frozenset({'GIN + TONIC DIET METAL SIGN'}),0.031228855462447302,0.0389319731431843,0.011450580336230677,0.36666666666666664,9.41813725490196,0.010234779374074295,1.5174758318791828,0.9226347176704456
frozenset({'GIN + TONIC DIET METAL SIGN'}),frozenset({'NO SINGING METAL SIGN'}),0.0389319731431843,0.031228855462447302,0.011450580336230677,0.29411764705882354,9.41813725490196,0.010234779374074295,1.3724257880948663,0.9300297860817763
frozenset({'GIN + TONIC DIET METAL SIGN'}),frozenset({'PLEASE ONE PERSON METAL SIGN'}),0.0389319731431843,0.038411492218810184,0.013532504033727164,0.3475935828877006,9.049208005449039,0.012037068850274814,1.4739102537301847,0.9255256306109271
frozenset({'PLEASE ONE PERSON METAL SIGN'}),frozenset({'GIN + TONIC DIET METAL SIGN'}),0.038411492218810184,0.0389319731431843,0.013532504033727164,0.3523035230352303,9.049208005449039,0.012037068850274814,1.4838246941847906,0.9250246695118144
frozenset({'GIN + TONIC DIET METAL SIGN'}),frozenset({'WHITE HANGING HEART T-LIGHT HOLDER'}),0.0389319731431843,0.15723728725342218,0.01269973455472857,0.32620320855614976,2.0745919384274427,0.006578176710271182,1.2507668832032544,0.538960283744612
frozenset({'WHITE HANGING HEART T-LIGHT HOLDER'}),frozenset({'GIN + TONIC DIET METAL SIGN'}),0.15723728725342218,0.0389319731431843,0.01269973455472857,0.08076795762992386,2.074591938427443,0.006578176710271182,1.045511886616651,0.6146184312836132
frozenset({'GREEN REGENCY TEACUP AND SAUCER'}),frozenset({'ROSES REGENCY TEACUP AND SAUCER '}),0.0136886483110394,0.015250091084161765,0.011190339874043616,0.8174904942965779,53.60561388027356,0.010981586740481207,5.3956088759346965,0.9949649628766031
frozenset({'ROSES REGENCY TEACUP AND SAUCER '}),frozenset({'GREEN REGENCY TEACUP AND SAUCER'}),0.015250091084161765,0.0136886483110394,0.011190339874043616,0.7337883959044369,53.60561388027356,0.010981586740481207,3.7049900774982754,0.9965426028811643
frozenset({'HAND OVER THE CHOCOLATE   SIGN '}),frozenset({'NO SINGING METAL SIGN'}),0.03799510747931088,0.031228855462447302,0.012803830739603393,0.336986301369863,10.79086301369863,0.011617287019851843,1.4611630899016808,0.9431646483320862
frozenset({'NO SINGING METAL SIGN'}),frozenset({'HAND OVER THE CHOCOLATE   SIGN '}),0.031228855462447302,0.03799510747931088,0.012803830739603393,0.41,10.79086301369863,0.011617287019851843,1.6305167669842187,0.936577241450704
frozenset({'HAND OVER THE CHOCOLATE   SIGN '}),frozenset({'PLEASE ONE PERSON METAL SIGN'}),0.03799510747931088,0.038411492218810184,0.01176286889085515,0.3095890410958904,8.05980250213461,0.010303420115560742,1.392777005317993,0.9105228961892271
frozenset({'PLEASE ONE PERSON METAL SIGN'}),frozenset({'HAND OVER THE CHOCOLATE   SIGN '}),0.038411492218810184,0.03799510747931088,0.01176286889085515,0.30623306233062325,8.059802502134609,0.010303420115560742,1.3866398646098996,0.9109171686205946
frozenset({'HAND OVER THE CHOCOLATE   SIGN '}),frozenset({'WHITE HANGING HEART T-LIGHT HOLDER'}),0.03799510747931088,0.15723728725342218,0.012751782647165982,0.3356164383561644,2.134458335033759,0.006777535018216927,1.2684882068144367,0.5524889390912996
frozenset({'WHITE HANGING HEART T-LIGHT HOLDER'}),frozenset({'HAND OVER THE CHOCOLATE   SIGN '}),0.15723728725342218,0.03799510747931088,0.012751782647165982,0.08109897384971863,2.134458335033759,0.006777535018216927,1.0469080620695252,0.6306603916270066
frozenset({'HAND WARMER OWL DESIGN'}),frozenset({'HAND WARMER BIRD DESIGN'}),0.028574402748139282,0.02706500806745433,0.015198042991724354,0.5318761384335154,19.651800476390637,0.014424676550823275,2.078370858252792,0.9770321885513977
frozenset({'HAND WARMER BIRD DESIGN'}),frozenset({'HAND WARMER OWL DESIGN'}),0.02706500806745433,0.028574402748139282,0.015198042991724354,0.5615384615384615,19.65180047639064,0.014424676550823275,2.2155320639077525,0.9755164375500609
frozenset({'HAND WARMER SCOTTY DOG DESIGN'}),frozenset({'HAND WARMER BIRD DESIGN'}),0.02784572945401551,0.02706500806745433,0.01322021547910269,0.4747663551401869,17.54170381020848,0.01246657058678561,1.8523851269890101,0.9700034484125076
frozenset({'HAND WARMER BIRD DESIGN'}),frozenset({'HAND WARMER SCOTTY DOG DESIGN'}),0.02706500806745433,0.02784572945401551,0.01322021547910269,0.48846153846153845,17.541703810208485,0.01246657058678561,1.9004519574583156,0.9692250794120162
frozenset({'HAND WARMER OWL DESIGN'}),frozenset({'HAND WARMER RED RETROSPOT'}),0.028574402748139282,0.020246707958153334,0.010721907042106908,0.37522768670309653,18.532775178988672,0.010143369454586677,1.5681765519853466,0.9738692732803714
frozenset({'HAND WARMER RED RETROSPOT'}),frozenset({'HAND WARMER OWL DESIGN'}),0.020246707958153334,0.028574402748139282,0.010721907042106908,0.5295629820051414,18.532775178988672,0.010143369454586677,2.0649429362348295,0.9655915913995352
frozenset({'HAND WARMER SCOTTY DOG DESIGN'}),frozenset({'HAND WARMER OWL DESIGN'}),0.02784572945401551,0.028574402748139282,0.015562379638786239,0.5588785046728972,19.558711676284833,0.014766704550551474,2.2021724344480744,0.9760507326953786
frozenset({'HAND WARMER OWL DESIGN'}),frozenset({'HAND WARMER SCOTTY DOG DESIGN'}),0.028574402748139282,0.02784572945401551,0.015562379638786239,0.5446265938069217,19.558711676284837,0.014766704550551474,2.134850778118982,0.976782875336706
frozenset({'HAND WARMER OWL DESIGN'}),frozenset({'HAND WARMER UNION JACK'}),0.028574402748139282,0.02227658356321241,0.010878051319419144,0.3806921675774135,17.08934255996459,0.010241511248831332,1.5787357518346954,0.9691776713146307
frozenset({'HAND WARMER UNION JACK'}),frozenset({'HAND WARMER OWL DESIGN'}),0.02227658356321241,0.028574402748139282,0.010878051319419144,0.48831775700934577,17.08934255996459,0.010241511248831332,1.8984938612958737,0.962934897919418
frozenset({'HAND WARMER SCOTTY DOG DESIGN'}),frozenset({'HAND WARMER RED RETROSPOT'}),0.02784572945401551,0.020246707958153334,0.010097329932857961,0.36261682242990656,17.909915191120295,0.00953354558072076,1.5371495930861818,0.9712090303052382
frozenset({'HAND WARMER RED RETROSPOT'}),frozenset({'HAND WARMER SCOTTY DOG DESIGN'}),0.020246707958153334,0.02784572945401551,0.010097329932857961,0.49871465295629824,17.909915191120298,0.00953354558072076,1.9393231345763486,0.9636762785827261
frozenset({'HAND WARMER RED RETROSPOT'}),frozenset({'HAND WARMER UNION JACK'}),0.020246707958153334,0.02227658356321241,0.010357570395045021,0.5115681233933161,22.96438867933594,0.00990654291333526,2.0017600473363704,0.9762195486570122
frozenset({'HAND WARMER UNION JACK'}),frozenset({'HAND WARMER RED RETROSPOT'}),0.02227658356321241,0.020246707958153334,0.010357570395045021,0.4649532710280373,22.96438867933594,0.00990654291333526,1.831154624427556,0.9782463020452274
frozenset({'HANGING HEART ZINC T-LIGHT HOLDER'}),frozenset({'SINGLE HEART ZINC T-LIGHT HOLDER'}),0.038567636496122416,0.025867901941393847,0.015302139176599177,0.3967611336032389,15.337971146718369,0.01430447533760616,1.614836431009904,0.9723017076037864
frozenset({'SINGLE HEART ZINC T-LIGHT HOLDER'}),frozenset({'HANGING HEART ZINC T-LIGHT HOLDER'}),0.025867901941393847,0.038567636496122416,0.015302139176599177,0.5915492957746479,15.337971146718367,0.01430447533760616,2.353851648578459,0.9596258358013008
frozenset({'HANGING HEART ZINC T-LIGHT HOLDER'}),frozenset({'WHITE HANGING HEART T-LIGHT HOLDER'}),0.038567636496122416,0.15723728725342218,0.01316816738666528,0.34143049932523617,2.1714346850499044,0.00710389684823891,1.2796868240680617,0.5611158946689102
frozenset({'WHITE HANGING HEART T-LIGHT HOLDER'}),frozenset({'HANGING HEART ZINC T-LIGHT HOLDER'}),0.15723728725342218,0.038567636496122416,0.01316816738666528,0.08374710360807679,2.1714346850499044,0.00710389684823891,1.0493089487518839,0.6401267790466966
frozenset({'HEART FILIGREE DOVE  SMALL'}),frozenset({'WHITE HANGING HEART T-LIGHT HOLDER'}),0.02477489200020819,0.15723728725342218,0.010409618487482434,0.42016806722689076,2.6721910213936617,0.006514081677373187,1.4534603306788807,0.6416726263542722
frozenset({'WHITE HANGING HEART T-LIGHT HOLDER'}),frozenset({'HEART FILIGREE DOVE  SMALL'}),0.15723728725342218,0.02477489200020819,0.010409618487482434,0.06620324395895398,2.6721910213936617,0.006514081677373187,1.0443654914099152,0.7425284090909091
frozenset({'HEART FILIGREE DOVE LARGE'}),frozenset({'WHITE HANGING HEART T-LIGHT HOLDER'}),0.021964295008587934,0.15723728725342218,0.010097329932857961,0.45971563981042657,2.923706252127681,0.006643723769273713,1.5598502841186659,0.6727447390640507
frozenset({'WHITE HANGING HEART T-LIGHT HOLDER'}),frozenset({'HEART FILIGREE DOVE LARGE'}),0.15723728725342218,0.021964295008587934,0.010097329932857961,0.06421714664018537,2.923706252127681,0.006643723769273713,1.0451524106045476,0.7807279145104112
frozenset({'HEART IVORY TRELLIS LARGE'}),frozenset({'WHITE HANGING HEART T-LIGHT HOLDER'}),0.025139228647270077,0.15723728725342218,0.011606724613542913,0.46169772256728775,2.936311931044455,0.0076539004974026485,1.5655938086792196,0.6764419566221906
frozenset({'WHITE HANGING HEART T-LIGHT HOLDER'}),frozenset({'HEART IVORY TRELLIS LARGE'}),0.15723728725342218,0.025139228647270077,0.011606724613542913,0.07381661701423368,2.936311931044455,0.0076539004974026485,1.0525569657814857,0.7824702227972847
frozenset({'HEART OF WICKER LARGE'}),frozenset({'HEART OF WICKER SMALL'}),0.051891948160099934,0.045490032790298236,0.025555613386769375,0.49247743229689067,10.826051380686682,0.023195046963413974,1.8807241844033056,0.9573067297431949
frozenset({'HEART OF WICKER SMALL'}),frozenset({'HEART OF WICKER LARGE'}),0.045490032790298236,0.051891948160099934,0.025555613386769375,0.5617848970251716,10.826051380686682,0.023195046963413974,2.1635677214309994,0.9508860564372124
frozenset({'HEART OF WICKER LARGE'}),frozenset({'WHITE HANGING HEART T-LIGHT HOLDER'}),0.051891948160099934,0.15723728725342218,0.019778275126216625,0.3811434302908726,2.4240015644417525,0.0116189259672273,1.3618061987169174,0.6196118796662275
frozenset({'WHITE HANGING HEART T-LIGHT HOLDER'}),frozenset({'HEART OF WICKER LARGE'}),0.15723728725342218,0.051891948160099934,0.019778275126216625,0.12578616352201258,2.424001564441753,0.0116189259672273,1.0845264765650655,0.6970633646245059
frozenset({'HEART OF WICKER LARGE'}),frozenset({'WICKER STAR '}),0.051891948160099934,0.023369593504398063,0.012283349815229272,0.23671013039117353,10.12897936571407,0.01107065608057644,1.2795013341341854,0.9506019573033205
frozenset({'WICKER STAR '}),frozenset({'HEART OF WICKER LARGE'}),0.023369593504398063,0.051891948160099934,0.012283349815229272,0.5256124721603563,10.128979365714068,0.01107065608057644,1.9985939684324654,0.922839759871951
frozenset({'HEART OF WICKER SMALL'}),frozenset({'WHITE HANGING HEART T-LIGHT HOLDER'}),0.045490032790298236,0.15723728725342218,0.016499245302659657,0.36270022883295194,2.3067062219687204,0.00934651594964394,1.3223960699111472,0.5934787922448289
frozenset({'WHITE HANGING HEART T-LIGHT HOLDER'}),frozenset({'HEART OF WICKER SMALL'}),0.15723728725342218,0.045490032790298236,0.016499245302659657,0.10493214167494205,2.3067062219687204,0.00934651594964394,1.066410728898117,0.6721719102629643
frozenset({'HOME BUILDING BLOCK WORD'}),frozenset({'LOVE BUILDING BLOCK WORD'}),0.06110446052152189,0.04939363972310415,0.027169104252329154,0.444633730834753,9.001841802453223,0.02415093254385446,1.711674642584472,0.946763069118655
frozenset({'LOVE BUILDING BLOCK WORD'}),frozenset({'HOME BUILDING BLOCK WORD'}),0.04939363972310415,0.06110446052152189,0.027169104252329154,0.5500526870389885,9.001841802453225,0.02415093254385446,2.0866788453514657,0.935099595041142
frozenset({'HOME BUILDING BLOCK WORD'}),frozenset({'WHITE HANGING HEART T-LIGHT HOLDER'}),0.06110446052152189,0.15723728725342218,0.02035080414302816,0.3330494037478705,2.1181324707738614,0.010742904531540226,1.263605906468049,0.5622414578019291
frozenset({'WHITE HANGING HEART T-LIGHT HOLDER'}),frozenset({'HOME BUILDING BLOCK WORD'}),0.15723728725342218,0.06110446052152189,0.02035080414302816,0.12942734193975505,2.118132470773862,0.010742904531540226,1.0784803896442898,0.6263755964234808
frozenset({'HOT WATER BOTTLE TEA AND SYMPATHY'}),frozenset({'RED WOOLLY HOTTIE WHITE HEART.'}),0.043772445739863636,0.037006193723000055,0.010097329932857961,0.23067776456599287,6.233490704087793,0.00847747832607906,1.2517431083136892,0.8780088368449523
frozenset({'RED WOOLLY HOTTIE WHITE HEART.'}),frozenset({'HOT WATER BOTTLE TEA AND SYMPATHY'}),0.037006193723000055,0.043772445739863636,0.010097329932857961,0.27285513361462727,6.233490704087792,0.00847747832607906,1.3150440833248682,0.8718397119508954
frozenset({'HOT WATER BOTTLE TEA AND SYMPATHY'}),frozenset({'SCOTTIE DOG HOT WATER BOTTLE'}),0.043772445739863636,0.045021599958361525,0.012283349815229272,0.2806183115338882,6.23297065838219,0.010312644273930045,1.3274988998925918,0.8779948392358304
frozenset({'SCOTTIE DOG HOT WATER BOTTLE'}),frozenset({'HOT WATER BOTTLE TEA AND SYMPATHY'}),0.045021599958361525,0.043772445739863636,0.012283349815229272,0.27283236994219656,6.23297065838219,0.010312644273930045,1.3150029164308714,0.879143295533065
frozenset({'JUMBO BAG PINK VINTAGE PAISLEY'}),frozenset({'JUMBO  BAG BAROQUE BLACK WHITE'}),0.033310779159943786,0.04257533961380315,0.01030552230260761,0.309375,7.266530409535453,0.008887304567072606,1.3863162503329547,0.8920992621525652
frozenset({'JUMBO  BAG BAROQUE BLACK WHITE'}),frozenset({'JUMBO BAG PINK VINTAGE PAISLEY'}),0.04257533961380315,0.033310779159943786,0.01030552230260761,0.24205378973105138,7.266530409535454,0.008887304567072606,1.2754061010438162,0.9007316986115571
frozenset({'JUMBO  BAG BAROQUE BLACK WHITE'}),frozenset({'JUMBO BAG PINK WITH WHITE SPOTS'}),0.04257533961380315,0.037058241815437466,0.010045281840420549,0.23594132029339857,6.366770487074532,0.008467514609637858,1.2602981731119554,0.8804186201758476
frozenset({'JUMBO BAG PINK WITH WHITE SPOTS'}),frozenset({'JUMBO  BAG BAROQUE BLACK WHITE'}),0.037058241815437466,0.04257533961380315,0.010045281840420549,0.27106741573033705,6.366770487074531,0.008467514609637858,1.313461191127114,0.875374332097439
frozenset({'JUMBO  BAG BAROQUE BLACK WHITE'}),frozenset({'JUMBO BAG RED RETROSPOT'}),0.04257533961380315,0.0551709779836569,0.014677562067350231,0.3447432762836186,6.248634497393551,0.012328638942870382,1.4419219030025536,0.8773171093748493
frozenset({'JUMBO BAG RED RETROSPOT'}),frozenset({'JUMBO  BAG BAROQUE BLACK WHITE'}),0.0551709779836569,0.04257533961380315,0.014677562067350231,0.2660377358490566,6.248634497393551,0.012328638942870382,1.3044603342022736,0.8890127376714787
frozenset({'JUMBO  BAG BAROQUE BLACK WHITE'}),frozenset({'JUMBO BAG SCANDINAVIAN PAISLEY'}),0.04257533961380315,0.033518971529693437,0.011606724613542913,0.2726161369193154,8.133189190420508,0.010179643017160817,1.3287083719137998,0.9160480584873303
frozenset({'JUMBO BAG SCANDINAVIAN PAISLEY'}),frozenset({'JUMBO  BAG BAROQUE BLACK WHITE'}),0.033518971529693437,0.04257533961380315,0.011606724613542913,0.34627329192546585,8.13318919042051,0.010179643017160817,1.4645640885717597,0.907464270336283
frozenset({'JUMBO  BAG BAROQUE BLACK WHITE'}),frozenset({'JUMBO BAG STRAWBERRY'}),0.04257533961380315,0.04559412897517306,0.015770572008535887,0.3704156479217604,8.12419616840272,0.013829386483022352,1.515930101938463,0.9159059042626198
frozenset({'JUMBO BAG STRAWBERRY'}),frozenset({'JUMBO  BAG BAROQUE BLACK WHITE'}),0.04559412897517306,0.04257533961380315,0.015770572008535887,0.3458904109589041,8.12419616840272,0.013829386483022352,1.463706810642772,0.9188029180842499
frozenset({'JUMBO SHOPPER VINTAGE RED PAISLEY'}),frozenset({'JUMBO  BAG BAROQUE BLACK WHITE'}),0.04793629313485661,0.04257533961380315,0.012595638369853744,0.262757871878393,6.171597790219518,0.010554734409810404,1.2986570135724407,0.8801589639511831
frozenset({'JUMBO  BAG BAROQUE BLACK WHITE'}),frozenset({'JUMBO SHOPPER VINTAGE RED PAISLEY'}),0.04257533961380315,0.04793629313485661,0.012595638369853744,0.2958435207823961,6.1715977902195185,0.010554734409810404,1.3520626948189018,0.8752306479257973
frozenset({'JUMBO  BAG BAROQUE BLACK WHITE'}),frozenset({'JUMBO STORAGE BAG SUKI'}),0.04257533961380315,0.050226409202102744,0.015093946806849529,0.3545232273838631,7.0585023499752975,0.012955540377488157,1.4714295402891666,0.8964954869670356
frozenset({'JUMBO STORAGE BAG SUKI'}),frozenset({'JUMBO  BAG BAROQUE BLACK WHITE'}),0.050226409202102744,0.04257533961380315,0.015093946806849529,0.3005181347150259,7.0585023499752975,0.012955540377488157,1.3687626626261926,0.9037173653418797
frozenset({'JUMBO STORAGE BAG SUKI'}),frozenset({'JUMBO BAG OWLS'}),0.050226409202102744,0.027481392806953626,0.013116119294227867,0.261139896373057,9.50242581252944,0.01173582761366209,1.3162418736904484,0.9420810630258241
frozenset({'JUMBO BAG OWLS'}),frozenset({'JUMBO STORAGE BAG SUKI'}),0.027481392806953626,0.050226409202102744,0.013116119294227867,0.4772727272727273,9.50242581252944,0.01173582761366209,1.8169581737003253,0.92004791212712
frozenset({'JUMBO BAG PINK VINTAGE PAISLEY'}),frozenset({'JUMBO BAG RED RETROSPOT'}),0.033310779159943786,0.0551709779836569,0.010201426117732785,0.30625,5.55092570754717,0.00836363785408107,1.3619157074109451,0.848100765100096
frozenset({'JUMBO BAG RED RETROSPOT'}),frozenset({'JUMBO BAG PINK VINTAGE PAISLEY'}),0.0551709779836569,0.033310779159943786,0.010201426117732785,0.18490566037735848,5.55092570754717,0.00836363785408107,1.1859844607528467,0.8677229940067251
frozenset({'JUMBO BAG PINK VINTAGE PAISLEY'}),frozenset({'JUMBO BAG SCANDINAVIAN PAISLEY'}),0.033310779159943786,0.033518971529693437,0.015978764378285534,0.4796875,14.31092536878882,0.014862221319991473,1.8575010757387276,0.9621740851444366
frozenset({'JUMBO BAG SCANDINAVIAN PAISLEY'}),frozenset({'JUMBO BAG PINK VINTAGE PAISLEY'}),0.033518971529693437,0.033310779159943786,0.015978764378285534,0.4767080745341615,14.310925368788821,0.014862221319991473,1.8473230214272882,0.9623813497435306
frozenset({'JUMBO BAG PINK VINTAGE PAISLEY'}),frozenset({'JUMBO BAG STRAWBERRY'}),0.033310779159943786,0.04559412897517306,0.012803830739603393,0.384375,8.430361729452056,0.011285054778321408,1.5503039529337292,0.9117523076377588
frozenset({'JUMBO BAG STRAWBERRY'}),frozenset({'JUMBO BAG PINK VINTAGE PAISLEY'}),0.04559412897517306,0.033310779159943786,0.012803830739603393,0.2808219178082192,8.430361729452056,0.011285054778321408,1.3441583451680783,0.9234866995558758
frozenset({'JUMBO BAG PINK VINTAGE PAISLEY'}),frozenset({'JUMBO SHOPPER VINTAGE RED PAISLEY'}),0.033310779159943786,0.04793629313485661,0.011971061260604798,0.359375,7.496929288816504,0.01037426598624326,1.4861482253504679,0.8964743117053974
frozenset({'JUMBO SHOPPER VINTAGE RED PAISLEY'}),frozenset({'JUMBO BAG PINK VINTAGE PAISLEY'}),0.04793629313485661,0.033310779159943786,0.011971061260604798,0.24972855591748097,7.496929288816504,0.01037426598624326,1.2884526373280634,0.9102458665703229
frozenset({'JUMBO BAG PINK VINTAGE PAISLEY'}),frozenset({'JUMBO STORAGE BAG SUKI'}),0.033310779159943786,0.050226409202102744,0.011919013168167387,0.35781250000000003,7.1239912564766845,0.010245932343239174,1.4789661754517136,0.8892508893856108
frozenset({'JUMBO STORAGE BAG SUKI'}),frozenset({'JUMBO BAG PINK VINTAGE PAISLEY'}),0.050226409202102744,0.033310779159943786,0.011919013168167387,0.23730569948186528,7.1239912564766845,0.010245932343239174,1.2674661659112152,0.9050885997675884
frozenset({'JUMBO BAG RED RETROSPOT'}),frozenset({'JUMBO BAG PINK WITH WHITE SPOTS'}),0.0551709779836569,0.037058241815437466,0.01202310935304221,0.21792452830188677,5.880595452618189,0.009978569909729677,1.231264491767957,0.8784120449960806
frozenset({'JUMBO BAG PINK WITH WHITE SPOTS'}),frozenset({'JUMBO BAG RED RETROSPOT'}),0.037058241815437466,0.0551709779836569,0.01202310935304221,0.324438202247191,5.880595452618189,0.009978569909729677,1.3985826687643166,0.8618892953253258
frozenset({'JUMBO BAG SPACEBOY DESIGN'}),frozenset({'JUMBO BAG PINK WITH WHITE SPOTS'}),0.02633633477333056,0.037058241815437466,0.010669858949669495,0.4051383399209486,10.932476018119642,0.009693880687107097,1.6187658792072712,0.9331039509144223
frozenset({'JUMBO BAG PINK WITH WHITE SPOTS'}),frozenset({'JUMBO BAG SPACEBOY DESIGN'}),0.037058241815437466,0.02633633477333056,0.010669858949669495,0.28792134831460675,10.932476018119642,0.009693880687107097,1.3673541018567825,0.9434936278988216
frozenset({'JUMBO BAG STRAWBERRY'}),frozenset({'JUMBO BAG PINK WITH WHITE SPOTS'}),0.04559412897517306,0.037058241815437466,0.014989850621974705,0.32876712328767127,8.871633061412961,0.013300212365048497,1.434586700968838,0.929668611732199
frozenset({'JUMBO BAG PINK WITH WHITE SPOTS'}),frozenset({'JUMBO BAG STRAWBERRY'}),0.037058241815437466,0.04559412897517306,0.014989850621974705,0.4044943820224719,8.87163306141296,0.013300212365048497,1.6026815570039548,0.9214276705763652
frozenset({'JUMBO SHOPPER VINTAGE RED PAISLEY'}),frozenset({'JUMBO BAG PINK WITH WHITE SPOTS'}),0.04793629313485661,0.037058241815437466,0.013532504033727164,0.28230184581976114,7.617788432212178,0.011756069290999953,1.3417085617064781,0.9124686706252417
frozenset({'JUMBO BAG PINK WITH WHITE SPOTS'}),frozenset({'JUMBO SHOPPER VINTAGE RED PAISLEY'}),0.037058241815437466,0.04793629313485661,0.013532504033727164,0.3651685393258427,7.617788432212177,0.011756069290999953,1.4997109718760666,0.902160797961025
frozenset({'JUMBO STORAGE BAG SUKI'}),frozenset({'JUMBO BAG PINK WITH WHITE SPOTS'}),0.050226409202102744,0.037058241815437466,0.013532504033727164,0.2694300518134715,7.27044885602841,0.011671201615994527,1.3180692151036921,0.9080657943547027
frozenset({'JUMBO BAG PINK WITH WHITE SPOTS'}),frozenset({'JUMBO STORAGE BAG SUKI'}),0.037058241815437466,0.050226409202102744,0.013532504033727164,0.3651685393258427,7.27044885602841,0.011671201615994527,1.496103532407307,0.895648052288234
frozenset({'LUNCH BAG PINK RETROSPOT'}),frozenset({'JUMBO BAG PINK WITH WHITE SPOTS'}),0.03799510747931088,0.037058241815437466,0.012283349815229272,0.3232876712328767,8.72377251038941,0.010875317934457432,1.422970614321317,0.9203390747521543
frozenset({'JUMBO BAG PINK WITH WHITE SPOTS'}),frozenset({'LUNCH BAG PINK RETROSPOT'}),0.037058241815437466,0.03799510747931088,0.012283349815229272,0.33146067415730335,8.72377251038941,0.010875317934457432,1.4389653014175015,0.9194436581073492
frozenset({'JUMBO BAG RED RETROSPOT'}),frozenset({'JUMBO BAG SCANDINAVIAN PAISLEY'}),0.0551709779836569,0.033518971529693437,0.01030552230260761,0.1867924528301887,5.572738192898161,0.00845624786230807,1.1884801510191707,0.8684693016208467
frozenset({'JUMBO BAG SCANDINAVIAN PAISLEY'}),frozenset({'JUMBO BAG RED RETROSPOT'}),0.033518971529693437,0.0551709779836569,0.01030552230260761,0.30745341614906835,5.57273819289816,0.00845624786230807,1.3642822649742712,0.8490130449848258
frozenset({'JUMBO BAG STRAWBERRY'}),frozenset({'JUMBO BAG RED RETROSPOT'}),0.04559412897517306,0.0551709779836569,0.016655389579971893,0.365296803652968,6.621176876023089,0.014139916894098607,1.4886155095077636,0.8895266401265202
frozenset({'JUMBO BAG RED RETROSPOT'}),frozenset({'JUMBO BAG STRAWBERRY'}),0.0551709779836569,0.04559412897517306,0.016655389579971893,0.3018867924528302,6.62117687602309,0.014139916894098607,1.3671219233598872,0.8985429405607889
frozenset({'JUMBO SHOPPER VINTAGE RED PAISLEY'}),frozenset({'JUMBO BAG RED RETROSPOT'}),0.04793629313485661,0.0551709779836569,0.014469369697600582,0.3018458197611292,5.471097863274127,0.011824677524439286,1.3533243068072347,0.858368323928218
frozenset({'JUMBO BAG RED RETROSPOT'}),frozenset({'JUMBO SHOPPER VINTAGE RED PAISLEY'}),0.0551709779836569,0.04793629313485661,0.014469369697600582,0.2622641509433962,5.471097863274127,0.011824677524439286,1.290521137182931,0.8649409674045593
frozenset({'JUMBO STORAGE BAG SUKI'}),frozenset({'JUMBO BAG RED RETROSPOT'}),0.050226409202102744,0.0551709779836569,0.01639514911778483,0.3264248704663212,5.916604751197574,0.013624109001497478,1.4027077019165708,0.8749286723311274
frozenset({'JUMBO BAG RED RETROSPOT'}),frozenset({'JUMBO STORAGE BAG SUKI'}),0.0551709779836569,0.050226409202102744,0.01639514911778483,0.29716981132075465,5.916604751197574,0.013624109001497478,1.3513557130815717,0.8795074319780979
frozenset({'JUMBO BAG RED RETROSPOT'}),frozenset({'LUNCH BAG SUKI  DESIGN '}),0.0551709779836569,0.04965388018529121,0.010045281840420549,0.1820754716981132,3.666893121316403,0.00730582870991471,1.1618995236488943,0.7697578641421264
frozenset({'LUNCH BAG SUKI  DESIGN '}),frozenset({'JUMBO BAG RED RETROSPOT'}),0.04965388018529121,0.0551709779836569,0.010045281840420549,0.20230607966457023,3.6668931213164035,0.00730582870991471,1.1844505742491345,0.7652891455047934
frozenset({'JUMBO BAG RED RETROSPOT'}),frozenset({'WHITE HANGING HEART T-LIGHT HOLDER'}),0.0551709779836569,0.15723728725342218,0.010357570395045021,0.18773584905660376,1.193965199577798,0.0016826354817765302,1.037547590605543,0.1719407924877512
frozenset({'WHITE HANGING HEART T-LIGHT HOLDER'}),frozenset({'JUMBO BAG RED RETROSPOT'}),0.15723728725342218,0.0551709779836569,0.010357570395045021,0.06587222773915921,1.193965199577798,0.0016826354817765302,1.011455873675185,0.19276440254632832
frozenset({'JUMBO BAG STRAWBERRY'}),frozenset({'JUMBO BAG SCANDINAVIAN PAISLEY'}),0.04559412897517306,0.033518971529693437,0.0136886483110394,0.3002283105022831,8.956966660994356,0.012160379999999403,1.3811376524306502,0.9307937928487582
frozenset({'JUMBO BAG SCANDINAVIAN PAISLEY'}),frozenset({'JUMBO BAG STRAWBERRY'}),0.033518971529693437,0.04559412897517306,0.0136886483110394,0.4083850931677019,8.956966660994357,0.012160379999999403,1.6132214722834346,0.9191645096379815
frozenset({'JUMBO SHOPPER VINTAGE RED PAISLEY'}),frozenset({'JUMBO BAG SCANDINAVIAN PAISLEY'}),0.04793629313485661,0.033518971529693437,0.013376359756414928,0.27904451682953313,8.32497251839413,0.01176958451158863,1.3405557638872776,0.9241813095133762
frozenset({'JUMBO BAG SCANDINAVIAN PAISLEY'}),frozenset({'JUMBO SHOPPER VINTAGE RED PAISLEY'}),0.033518971529693437,0.04793629313485661,0.013376359756414928,0.39906832298136646,8.32497251839413,0.01176958451158863,1.5843127318376031,0.9103949870008442
frozenset({'JUMBO STORAGE BAG SUKI'}),frozenset({'JUMBO BAG SCANDINAVIAN PAISLEY'}),0.050226409202102744,0.033518971529693437,0.012283349815229272,0.24455958549222798,7.296154217487851,0.010599812235145258,1.279361032200063,0.9085760036855676
frozenset({'JUMBO BAG SCANDINAVIAN PAISLEY'}),frozenset({'JUMBO STORAGE BAG SUKI'}),0.033518971529693437,0.050226409202102744,0.012283349815229272,0.36645962732919257,7.296154217487851,0.010599812235145258,1.4991524325339358,0.8928695629950044
frozenset({'JUMBO SHOPPER VINTAGE RED PAISLEY'}),frozenset({'JUMBO BAG SPACEBOY DESIGN'}),0.04793629313485661,0.02633633477333056,0.010513714672357259,0.2193268186753529,8.327917326501098,0.009251248408565168,1.247210341688126,0.9242259235763943
frozenset({'JUMBO BAG SPACEBOY DESIGN'}),frozenset({'JUMBO SHOPPER VINTAGE RED PAISLEY'}),0.02633633477333056,0.04793629313485661,0.010513714672357259,0.39920948616600793,8.327917326501098,0.009251248408565168,1.5846849857689558,0.9037227024140378
frozenset({'JUMBO STORAGE BAG SUKI'}),frozenset({'JUMBO BAG SPACEBOY DESIGN'}),0.050226409202102744,0.02633633477333056,0.012283349815229272,0.24455958549222798,9.286014458620901,0.010960570288020404,1.2888689121313253,0.9394988259683903
frozenset({'JUMBO BAG SPACEBOY DESIGN'}),frozenset({'JUMBO STORAGE BAG SUKI'}),0.02633633477333056,0.050226409202102744,0.012283349815229272,0.46640316205533594,9.286014458620901,0.010960570288020404,1.7799460627545778,0.9164470292548879
frozenset({'JUMBO SHOPPER VINTAGE RED PAISLEY'}),frozenset({'JUMBO BAG STRAWBERRY'}),0.04793629313485661,0.04559412897517306,0.013896840680789049,0.2899022801302931,6.3583247809855274,0.011711227149006694,1.3440486348835865,0.8851570158993801
frozenset({'JUMBO BAG STRAWBERRY'}),frozenset({'JUMBO SHOPPER VINTAGE RED PAISLEY'}),0.04559412897517306,0.04793629313485661,0.013896840680789049,0.3047945205479452,6.3583247809855274,0.011711227149006694,1.3694709478060192,0.8829847922141822
frozenset({'JUMBO STORAGE BAG SUKI'}),frozenset({'JUMBO BAG STRAWBERRY'}),0.050226409202102744,0.04559412897517306,0.01769635142872014,0.3523316062176166,7.727565240021767,0.015406322049599647,1.473602664862333,0.9166322820228485
frozenset({'JUMBO BAG STRAWBERRY'}),frozenset({'JUMBO STORAGE BAG SUKI'}),0.04559412897517306,0.050226409202102744,0.01769635142872014,0.3881278538812786,7.727565240021767,0.015406322049599647,1.5522419133189516,0.9121833387333228
frozenset({'JUMBO BAG STRAWBERRY'}),frozenset({'WHITE HANGING HEART T-LIGHT HOLDER'}),0.04559412897517306,0.15723728725342218,0.010721907042106908,0.2351598173515982,1.4955728469964433,0.0035528098873680424,1.101880800546272,0.34718969710029757
frozenset({'WHITE HANGING HEART T-LIGHT HOLDER'}),frozenset({'JUMBO BAG STRAWBERRY'}),0.15723728725342218,0.04559412897517306,0.010721907042106908,0.06818934127772261,1.4955728469964436,0.0035528098873680424,1.0242487162934288,0.39318289746344837
frozenset({'JUMBO SHOPPER VINTAGE RED PAISLEY'}),frozenset({'JUMBO STORAGE BAG SUKI'}),0.04793629313485661,0.050226409202102744,0.015978764378285534,0.33333333333333326,6.636614853195162,0.013571096503662278,1.4246603861968457,0.8920839711349223
frozenset({'JUMBO STORAGE BAG SUKI'}),frozenset({'JUMBO SHOPPER VINTAGE RED PAISLEY'}),0.050226409202102744,0.04793629313485661,0.015978764378285534,0.3181347150259067,6.636614853195162,0.013571096503662278,1.3962636430469046,0.8942349846558527
frozenset({'JUMBO STORAGE BAG SKULLS'}),frozenset({'JUMBO STORAGE BAG SUKI'}),0.028626450840576693,0.050226409202102744,0.014209129235413523,0.4963636363636364,9.882522845030618,0.01277132540149084,1.8858320394904096,0.9252992983904413
frozenset({'JUMBO STORAGE BAG SUKI'}),frozenset({'JUMBO STORAGE BAG SKULLS'}),0.050226409202102744,0.028626450840576693,0.014209129235413523,0.2829015544041451,9.882522845030618,0.01277132540149084,1.354588836616826,0.9463426570506799
frozenset({'JUMBO STORAGE BAG SUKI'}),frozenset({'LUNCH BAG  BLACK SKULL.'}),0.050226409202102744,0.05064279394160204,0.010045281840420549,0.2,3.9492291880781094,0.0075016761487718756,1.1866965075729974,0.7862779482683036
frozenset({'LUNCH BAG  BLACK SKULL.'}),frozenset({'JUMBO STORAGE BAG SUKI'}),0.05064279394160204,0.050226409202102744,0.010045281840420549,0.1983556012332991,3.9492291880781094,0.0075016761487718756,1.1847816715978898,0.786622807017544
frozenset({'LUNCH BAG RED SPOTTY'}),frozenset({'JUMBO STORAGE BAG SUKI'}),0.05506688179878207,0.050226409202102744,0.010513714672357259,0.19092627599243858,3.8013124773499714,0.007747902933647807,1.173902405448803,0.7798784395101587
frozenset({'JUMBO STORAGE BAG SUKI'}),frozenset({'LUNCH BAG RED SPOTTY'}),0.050226409202102744,0.05506688179878207,0.010513714672357259,0.20932642487046632,3.8013124773499714,0.007747902933647807,1.195098897856062,0.775903828874777
frozenset({'JUMBO STORAGE BAG SUKI'}),frozenset({'LUNCH BAG SUKI  DESIGN '}),0.050226409202102744,0.04965388018529121,0.015198042991724354,0.30259067357512953,6.093998544443358,0.012704106887065737,1.3626805432707192,0.8801088353461892
frozenset({'LUNCH BAG SUKI  DESIGN '}),frozenset({'JUMBO STORAGE BAG SUKI'}),0.04965388018529121,0.050226409202102744,0.015198042991724354,0.3060796645702306,6.093998544443358,0.012704106887065737,1.368706957131713,0.8795786202638295
"frozenset({'KEY FOB , BACK DOOR '})","frozenset({'KEY FOB , FRONT  DOOR '})",0.018216832353094257,0.01316816738666528,0.010617810857232082,0.5828571428571429,44.26258610954263,0.010377928559551717,2.3656927494155284,0.9955431995201728
"frozenset({'KEY FOB , FRONT  DOOR '})","frozenset({'KEY FOB , BACK DOOR '})",0.01316816738666528,0.018216832353094257,0.010617810857232082,0.8063241106719367,44.26258610954263,0.010377928559551717,5.069206967646266,0.9904499669065938
"frozenset({'KEY FOB , GARAGE DESIGN'})","frozenset({'KEY FOB , BACK DOOR '})",0.01634310102534742,0.018216832353094257,0.011346484151355854,0.694267515923567,38.1113193812557,0.011048764619847417,3.2112491108450882,0.9899397618727461
"frozenset({'KEY FOB , BACK DOOR '})","frozenset({'KEY FOB , GARAGE DESIGN'})",0.018216832353094257,0.01634310102534742,0.011346484151355854,0.622857142857143,38.1113193812557,0.011048764619847417,2.608181171523701,0.9918290600452222
"frozenset({'KEY FOB , BACK DOOR '})","frozenset({'KEY FOB , SHED'})",0.018216832353094257,0.020767188882527456,0.013480455941289752,0.7400000000000001,35.63313283208021,0.013102143542971706,3.766280042759511,0.9899703552356894
"frozenset({'KEY FOB , SHED'})","frozenset({'KEY FOB , BACK DOOR '})",0.020767188882527456,0.018216832353094257,0.013480455941289752,0.6491228070175438,35.6331328320802,0.013102143542971706,2.7980820277936806,0.9925486770921023
"frozenset({'KEY FOB , GARAGE DESIGN'})","frozenset({'KEY FOB , SHED'})",0.01634310102534742,0.020767188882527456,0.013116119294227867,0.802547770700637,38.64498826684546,0.012776719028308249,4.959340365982039,0.9903081291779107
"frozenset({'KEY FOB , SHED'})","frozenset({'KEY FOB , GARAGE DESIGN'})",0.020767188882527456,0.01634310102534742,0.013116119294227867,0.631578947368421,38.64498826684546,0.012776719028308249,2.6699258686454854,0.9947822543495979
frozenset({'TOILET METAL SIGN'}),frozenset({'KITCHEN METAL SIGN'}),0.022588872117836882,0.017227918596783427,0.011138291781606205,0.49308755760368667,28.621423698609163,0.01074913253156696,1.9387412878590726,0.9873645894972164
frozenset({'KITCHEN METAL SIGN'}),frozenset({'TOILET METAL SIGN'}),0.017227918596783427,0.022588872117836882,0.011138291781606205,0.6465256797583082,28.62142369860916,0.01074913253156696,2.7651545583674877,0.9819785841631302
frozenset({'RED WOOLLY HOTTIE WHITE HEART.'}),frozenset({'KNITTED UNION FLAG HOT WATER BOTTLE'}),0.037006193723000055,0.02545151720189455,0.01103419559673138,0.29817158931082977,11.715277598014259,0.010092331820613802,1.3885851127644346,0.9497894669214753
frozenset({'KNITTED UNION FLAG HOT WATER BOTTLE'}),frozenset({'RED WOOLLY HOTTIE WHITE HEART.'}),0.02545151720189455,0.037006193723000055,0.01103419559673138,0.4335378323108385,11.71527759801426,0.010092331820613802,1.7000143367128269,0.9385283442096312
frozenset({'LARGE POPCORN HOLDER '}),frozenset({'SMALL POPCORN HOLDER'}),0.019986467495966272,0.03528860667256545,0.01415708114297611,0.7083333333333334,20.072578662733534,0.013451786552736943,3.307581919979776,0.9695588469601023
frozenset({'SMALL POPCORN HOLDER'}),frozenset({'LARGE POPCORN HOLDER '}),0.03528860667256545,0.019986467495966272,0.01415708114297611,0.4011799410029499,20.072578662733534,0.013451786552736943,1.6365743227530418,0.9849378758787033
frozenset({'LOVE BUILDING BLOCK WORD'}),frozenset({'WHITE HANGING HEART T-LIGHT HOLDER'}),0.04939363972310415,0.15723728725342218,0.019257794201842503,0.3898840885142255,2.4795905304944768,0.011491272284208731,1.381315741617448,0.6277126173479656
frozenset({'WHITE HANGING HEART T-LIGHT HOLDER'}),frozenset({'LOVE BUILDING BLOCK WORD'}),0.15723728725342218,0.04939363972310415,0.019257794201842503,0.12247600132406487,2.4795905304944768,0.011491272284208731,1.0832824648798576,0.7080375026706548
frozenset({'LUNCH BAG CARS BLUE'}),frozenset({'LUNCH BAG  BLACK SKULL.'}),0.04434497475667517,0.05064279394160204,0.017227918596783427,0.38849765258215957,7.671331345386466,0.014982165177835582,1.552499692057111,0.9099983858470543
frozenset({'LUNCH BAG  BLACK SKULL.'}),frozenset({'LUNCH BAG CARS BLUE'}),0.05064279394160204,0.04434497475667517,0.017227918596783427,0.34018499486125386,7.671331345386467,0.014982165177835582,1.448368130158497,0.9160351075952721
frozenset({'LUNCH BAG PINK RETROSPOT'}),frozenset({'LUNCH BAG  BLACK SKULL.'}),0.03799510747931088,0.05064279394160204,0.014989850621974705,0.3945205479452055,7.790260316208873,0.013065672223110942,1.5679428968837794,0.906060448941069
frozenset({'LUNCH BAG  BLACK SKULL.'}),frozenset({'LUNCH BAG PINK RETROSPOT'}),0.05064279394160204,0.03799510747931088,0.014989850621974705,0.2959917780061665,7.790260316208872,0.013065672223110942,1.3664682633907015,0.9181313200536063
frozenset({'LUNCH BAG RED SPOTTY'}),frozenset({'LUNCH BAG  BLACK SKULL.'}),0.05506688179878207,0.05064279394160204,0.020975381252277103,0.3809073724007561,7.52145256519602,0.018186640504334828,1.5334655328393663,0.9175749491045196
frozenset({'LUNCH BAG  BLACK SKULL.'}),frozenset({'LUNCH BAG RED SPOTTY'}),0.05064279394160204,0.05506688179878207,0.020975381252277103,0.4141829393627955,7.521452565196021,0.018186640504334828,1.6130174105434827,0.9132989693526621
frozenset({'LUNCH BAG SPACEBOY DESIGN '}),frozenset({'LUNCH BAG  BLACK SKULL.'}),0.04731171602560766,0.05064279394160204,0.019205746109405092,0.405940594059406,8.015762213425866,0.016809748623696653,1.5980846301983036,0.9187116237421116
frozenset({'LUNCH BAG  BLACK SKULL.'}),frozenset({'LUNCH BAG SPACEBOY DESIGN '}),0.05064279394160204,0.04731171602560766,0.019205746109405092,0.3792394655704009,8.015762213425866,0.016809748623696653,1.5347114243494766,0.9219351732991015
frozenset({'LUNCH BAG  BLACK SKULL.'}),frozenset({'LUNCH BAG SUKI  DESIGN '}),0.05064279394160204,0.04965388018529121,0.019986467495966272,0.39465570400822203,7.9481342149999685,0.017471856273341572,1.5699266121896633,0.9208170572916667
frozenset({'LUNCH BAG SUKI  DESIGN '}),frozenset({'LUNCH BAG  BLACK SKULL.'}),0.04965388018529121,0.05064279394160204,0.019986467495966272,0.4025157232704402,7.948134214999968,0.017471856273341572,1.5889241659293183,0.9198588709677419
frozenset({'LUNCH BAG WOODLAND'}),frozenset({'LUNCH BAG  BLACK SKULL.'}),0.0410659449331182,0.05064279394160204,0.017175870504346016,0.41825095057034223,8.25884430966905,0.015096176317080934,1.6319016025709716,0.9165569612758062
frozenset({'LUNCH BAG  BLACK SKULL.'}),frozenset({'LUNCH BAG WOODLAND'}),0.05064279394160204,0.0410659449331182,0.017175870504346016,0.3391572456320658,8.25884430966905,0.015096176317080934,1.4510775047901647,0.9258029306220096
frozenset({'LUNCH BAG  BLACK SKULL.'}),frozenset({'WHITE HANGING HEART T-LIGHT HOLDER'}),0.05064279394160204,0.15723728725342218,0.011971061260604798,0.23638232271325796,1.5033477544819016,0.004008125722293251,1.1036448445523825,0.3526785373760488
frozenset({'WHITE HANGING HEART T-LIGHT HOLDER'}),frozenset({'LUNCH BAG  BLACK SKULL.'}),0.15723728725342218,0.05064279394160204,0.011971061260604798,0.07613373055279707,1.5033477544819014,0.004008125722293251,1.027591587066435,0.3972860994157072
frozenset({'LUNCH BAG PINK RETROSPOT'}),frozenset({'LUNCH BAG CARS BLUE'}),0.03799510747931088,0.04434497475667517,0.015510331546348826,0.40821917808219177,9.205534117949707,0.013825439464301625,1.614880019508396,0.9265750097949612
frozenset({'LUNCH BAG CARS BLUE'}),frozenset({'LUNCH BAG PINK RETROSPOT'}),0.04434497475667517,0.03799510747931088,0.015510331546348826,0.34976525821596244,9.205534117949707,0.013825439464301625,1.4794732282087133,0.9327316543783165
frozenset({'LUNCH BAG RED SPOTTY'}),frozenset({'LUNCH BAG CARS BLUE'}),0.05506688179878207,0.04434497475667517,0.019361890386717328,0.3516068052930057,7.928898532974786,0.01691995090342152,1.473881948553116,0.9248052167269303
frozenset({'LUNCH BAG CARS BLUE'}),frozenset({'LUNCH BAG RED SPOTTY'}),0.04434497475667517,0.05506688179878207,0.019361890386717328,0.4366197183098592,7.928898532974787,0.01691995090342152,1.6772562848071622,0.9144294270288883
frozenset({'LUNCH BAG SPACEBOY DESIGN '}),frozenset({'LUNCH BAG CARS BLUE'}),0.04731171602560766,0.04434497475667517,0.01629105293291001,0.34433443344334436,7.764903133505839,0.014193016080059455,1.4575342582989634,0.9144810610715165
frozenset({'LUNCH BAG CARS BLUE'}),frozenset({'LUNCH BAG SPACEBOY DESIGN '}),0.04434497475667517,0.04731171602560766,0.01629105293291001,0.36737089201877937,7.76490313350584,0.014193016080059455,1.5059191427572955,0.9116421405072184
frozenset({'LUNCH BAG CARS BLUE'}),frozenset({'LUNCH BAG SUKI  DESIGN '}),0.04434497475667517,0.04965388018529121,0.01899755373965544,0.42840375586854457,8.62780016928967,0.01679565367626773,1.6626178523247057,0.925120024351794
frozenset({'LUNCH BAG SUKI  DESIGN '}),frozenset({'LUNCH BAG CARS BLUE'}),0.04965388018529121,0.04434497475667517,0.01899755373965544,0.38259958071278827,8.627800169289673,0.01679565367626773,1.5478690901224648,0.9302880095910669
frozenset({'LUNCH BAG WOODLAND'}),frozenset({'LUNCH BAG CARS BLUE'}),0.0410659449331182,0.04434497475667517,0.01769635142872014,0.4309252217997465,9.717566063894989,0.015875283137302,1.6793136189687825,0.9355112257669025
frozenset({'LUNCH BAG CARS BLUE'}),frozenset({'LUNCH BAG WOODLAND'}),0.04434497475667517,0.0410659449331182,0.01769635142872014,0.39906103286384975,9.717566063894989,0.015875283137302,1.5957262010097328,0.938721138474452
frozenset({'LUNCH BAG CARS BLUE'}),frozenset({'WHITE HANGING HEART T-LIGHT HOLDER'}),0.04434497475667517,0.15723728725342218,0.010461666579919846,0.23591549295774647,1.5003788037726522,0.003488983045858757,1.102970554931005,0.34897702544409903
frozenset({'WHITE HANGING HEART T-LIGHT HOLDER'}),frozenset({'LUNCH BAG CARS BLUE'}),0.15723728725342218,0.04434497475667517,0.010461666579919846,0.06653426017874875,1.5003788037726522,0.003488983045858757,1.023770862148966,0.3957242566810217
frozenset({'LUNCH BAG RED SPOTTY'}),frozenset({'LUNCH BAG PINK RETROSPOT'}),0.05506688179878207,0.03799510747931088,0.020506948420340395,0.3724007561436673,9.801281818888055,0.018414676327845162,1.532833096817604,0.950302737146428
frozenset({'LUNCH BAG PINK RETROSPOT'}),frozenset({'LUNCH BAG RED SPOTTY'}),0.03799510747931088,0.05506688179878207,0.020506948420340395,0.5397260273972603,9.801281818888055,0.018414676327845162,2.052979691330027,0.9334386297080237
frozenset({'LUNCH BAG PINK RETROSPOT'}),frozenset({'LUNCH BAG SPACEBOY DESIGN '}),0.03799510747931088,0.04731171602560766,0.016499245302659657,0.43424657534246575,9.178415238784153,0.014701631567236058,1.6839284438288291,0.9262413700645029
frozenset({'LUNCH BAG SPACEBOY DESIGN '}),frozenset({'LUNCH BAG PINK RETROSPOT'}),0.04731171602560766,0.03799510747931088,0.016499245302659657,0.3487348734873487,9.178415238784153,0.014701631567236058,1.477132512333288,0.9352993467494651
frozenset({'LUNCH BAG PINK RETROSPOT'}),frozenset({'LUNCH BAG SUKI  DESIGN '}),0.03799510747931088,0.04965388018529121,0.01707177431947119,0.44931506849315067,9.048941730564888,0.015185169805066226,1.7257529041411375,0.924620910711623
frozenset({'LUNCH BAG SUKI  DESIGN '}),frozenset({'LUNCH BAG PINK RETROSPOT'}),0.04965388018529121,0.03799510747931088,0.01707177431947119,0.3438155136268344,9.04894173056489,0.015185169805066226,1.4660585742248202,0.9359640885417015
frozenset({'LUNCH BAG PINK RETROSPOT'}),frozenset({'LUNCH BAG WOODLAND'}),0.03799510747931088,0.0410659449331182,0.01322021547910269,0.34794520547945207,8.472840599336772,0.011659910487629401,1.4706341600815624,0.9168101268626927
frozenset({'LUNCH BAG WOODLAND'}),frozenset({'LUNCH BAG PINK RETROSPOT'}),0.0410659449331182,0.03799510747931088,0.01322021547910269,0.32192648922686945,8.47284059933677,0.011659910487629401,1.4187324489697637,0.9197460689754205
frozenset({'LUNCH BAG RED SPOTTY'}),frozenset({'LUNCH BAG SPACEBOY DESIGN '}),0.05506688179878207,0.04731171602560766,0.017123822411908605,0.31096408317580343,6.572665489611344,0.014518513737828923,1.3826395122701056,0.8972642702697724
frozenset({'LUNCH BAG SPACEBOY DESIGN '}),frozenset({'LUNCH BAG RED SPOTTY'}),0.04731171602560766,0.05506688179878207,0.017123822411908605,0.36193619361936197,6.572665489611344,0.014518513737828923,1.480938283525702,0.8899602724403255
frozenset({'LUNCH BAG RED SPOTTY'}),frozenset({'LUNCH BAG SUKI  DESIGN '}),0.05506688179878207,0.04965388018529121,0.018372976630406497,0.333648393194707,6.719482786635122,0.01563869227939218,1.4261931840623572,0.9007822941104418
frozenset({'LUNCH BAG SUKI  DESIGN '}),frozenset({'LUNCH BAG RED SPOTTY'}),0.04965388018529121,0.05506688179878207,0.018372976630406497,0.370020964360587,6.719482786635122,0.01563869227939218,1.4999437516871246,0.8956515991880755
frozenset({'LUNCH BAG RED SPOTTY'}),frozenset({'LUNCH BAG WOODLAND'}),0.05506688179878207,0.0410659449331182,0.01800863998334461,0.3270321361058601,7.963584830167162,0.015747266447757296,1.424932907669608,0.9253865636785357
frozenset({'LUNCH BAG WOODLAND'}),frozenset({'LUNCH BAG RED SPOTTY'}),0.0410659449331182,0.05506688179878207,0.01800863998334461,0.4385297845373891,7.963584830167162,0.015747266447757296,1.6829621450581511,0.9118754376673803
frozenset({'LUNCH BAG RED SPOTTY'}),frozenset({'PACK OF 72 RETRO SPOT CAKE CASES'}),0.05506688179878207,0.060375787227398114,0.011554676521105502,0.20982986767485826,3.4753976272733205,0.008229970182345954,1.189141647264848,0.7537709563046936
frozenset({'PACK OF 72 RETRO SPOT CAKE CASES'}),frozenset({'LUNCH BAG RED SPOTTY'}),0.060375787227398114,0.05506688179878207,0.011554676521105502,0.1913793103448276,3.4753976272733205,0.008229970182345954,1.1685740054513996,0.7580297851720885
frozenset({'LUNCH BAG RED SPOTTY'}),frozenset({'RED SPOTTY CHARLOTTE BAG'}),0.05506688179878207,0.030552230260760944,0.010930099411856556,0.19848771266540643,6.496668523748643,0.009247683359398061,1.2095232787548524,0.895380781891385
frozenset({'RED SPOTTY CHARLOTTE BAG'}),frozenset({'LUNCH BAG RED SPOTTY'}),0.030552230260760944,0.05506688179878207,0.010930099411856556,0.3577512776831346,6.496668523748643,0.009247683359398061,1.4712884360321352,0.8727390795252924
frozenset({'LUNCH BAG RED SPOTTY'}),frozenset({'WHITE HANGING HEART T-LIGHT HOLDER'}),0.05506688179878207,0.15723728725342218,0.012595638369853744,0.22873345935727787,1.4547024014006553,0.003937071258308403,1.0926996937326952,0.3307897330380493
frozenset({'WHITE HANGING HEART T-LIGHT HOLDER'}),frozenset({'LUNCH BAG RED SPOTTY'}),0.15723728725342218,0.05506688179878207,0.012595638369853744,0.08010592519033431,1.454702401400655,0.003937071258308403,1.0272194854573153,0.3708922679907229
frozenset({'LUNCH BAG SPACEBOY DESIGN '}),frozenset({'LUNCH BAG SUKI  DESIGN '}),0.04731171602560766,0.04965388018529121,0.023629833966585124,0.49944994499449946,10.058628714024442,0.021280623687689078,1.8986035668386159,0.9453069645112597
frozenset({'LUNCH BAG SUKI  DESIGN '}),frozenset({'LUNCH BAG SPACEBOY DESIGN '}),0.04965388018529121,0.04731171602560766,0.023629833966585124,0.47589098532494756,10.058628714024442,0.021280623687689078,1.8177292458231404,0.9476367094810283
frozenset({'LUNCH BAG WOODLAND'}),frozenset({'LUNCH BAG SPACEBOY DESIGN '}),0.0410659449331182,0.04731171602560766,0.01727996668922084,0.4207858048162231,8.893902825010004,0.015337066364221911,1.6447944333824849,0.9255729496361478
frozenset({'LUNCH BAG SPACEBOY DESIGN '}),frozenset({'LUNCH BAG WOODLAND'}),0.04731171602560766,0.0410659449331182,0.01727996668922084,0.36523652365236525,8.893902825010004,0.015337066364221911,1.5106950711538918,0.9316409541136575
frozenset({'LUNCH BAG WOODLAND'}),frozenset({'LUNCH BAG SUKI  DESIGN '}),0.0410659449331182,0.04965388018529121,0.016863581949721543,0.41064638783269963,8.270177200660019,0.014824498440316726,1.612522771040441,0.9167299898682878
frozenset({'LUNCH BAG SUKI  DESIGN '}),frozenset({'LUNCH BAG WOODLAND'}),0.04965388018529121,0.0410659449331182,0.016863581949721543,0.33962264150943394,8.270177200660019,0.014824498440316726,1.4521001405298495,0.9250141482739107
frozenset({'LUNCH BAG SUKI  DESIGN '}),frozenset({'WHITE HANGING HEART T-LIGHT HOLDER'}),0.04965388018529121,0.15723728725342218,0.011086243689168792,0.22327044025157233,1.4199586125632104,0.003278802267227151,1.0850143427263634,0.31120674427197387
frozenset({'WHITE HANGING HEART T-LIGHT HOLDER'}),frozenset({'LUNCH BAG SUKI  DESIGN '}),0.15723728725342218,0.04965388018529121,0.011086243689168792,0.070506454816286,1.4199586125632104,0.003278802267227151,1.0224343404416791,0.35093403802260204
frozenset({'NATURAL SLATE HEART CHALKBOARD '}),frozenset({'WHITE HANGING HEART T-LIGHT HOLDER'}),0.036433664706188515,0.15723728725342218,0.011710820798417738,0.32142857142857145,2.0442261313661514,0.005982090195315906,1.2419661029949567,0.5301319793298404
frozenset({'WHITE HANGING HEART T-LIGHT HOLDER'}),frozenset({'NATURAL SLATE HEART CHALKBOARD '}),0.15723728725342218,0.036433664706188515,0.011710820798417738,0.07447864945382324,2.0442261313661514,0.005982090195315906,1.041106544679043,0.6061223649538867
frozenset({'NO SINGING METAL SIGN'}),frozenset({'PLEASE ONE PERSON METAL SIGN'}),0.031228855462447302,0.038411492218810184,0.010045281840420549,0.32166666666666666,8.374229900632338,0.008845734901822406,1.417575195746226,0.908972195877359
frozenset({'PLEASE ONE PERSON METAL SIGN'}),frozenset({'NO SINGING METAL SIGN'}),0.038411492218810184,0.031228855462447302,0.010045281840420549,0.26151761517615174,8.374229900632338,0.008845734901822406,1.3118405590251632,0.9157618122795823
frozenset({'PACK OF 60 PINK PAISLEY CAKE CASES'}),frozenset({'PACK OF 60 DINOSAUR CAKE CASES'}),0.04830062978191849,0.031801384479258836,0.015198042991724354,0.3146551724137931,9.894385969862858,0.013662016093439224,1.4127174767346664,0.9445551972010894
frozenset({'PACK OF 60 DINOSAUR CAKE CASES'}),frozenset({'PACK OF 60 PINK PAISLEY CAKE CASES'}),0.031801384479258836,0.04830062978191849,0.015198042991724354,0.4779050736497545,9.894385969862858,0.013662016093439224,1.8228473830822816,0.9284588636072422
frozenset({'PACK OF 60 DINOSAUR CAKE CASES'}),frozenset({'PACK OF 60 SPACEBOY CAKE CASES'}),0.031801384479258836,0.026700671420392442,0.011242387966481028,0.353518821603928,13.240072357653546,0.010393269648786771,1.5055338981320006,0.9548368455004839
frozenset({'PACK OF 60 SPACEBOY CAKE CASES'}),frozenset({'PACK OF 60 DINOSAUR CAKE CASES'}),0.026700671420392442,0.031801384479258836,0.011242387966481028,0.4210526315789474,13.240072357653546,0.010393269648786771,1.6723430631721892,0.9498328877005349
frozenset({'PACK OF 72 RETRO SPOT CAKE CASES'}),frozenset({'PACK OF 60 DINOSAUR CAKE CASES'}),0.060375787227398114,0.031801384479258836,0.014521417790037995,0.24051724137931035,7.563105987922569,0.012601384167181583,1.2748131600500112,0.9235385574176554
frozenset({'PACK OF 60 DINOSAUR CAKE CASES'}),frozenset({'PACK OF 72 RETRO SPOT CAKE CASES'}),0.031801384479258836,0.060375787227398114,0.014521417790037995,0.45662847790507366,7.56310598792257,0.012601384167181583,1.7292481747110233,0.896282204981235
frozenset({'PACK OF 72 SKULL CAKE CASES'}),frozenset({'PACK OF 60 DINOSAUR CAKE CASES'}),0.034924270025503565,0.031801384479258836,0.012335397907666685,0.35320417287630407,11.106565914030163,0.01122475776892819,1.4969153710009615,0.9428930192465321
frozenset({'PACK OF 60 DINOSAUR CAKE CASES'}),frozenset({'PACK OF 72 SKULL CAKE CASES'}),0.031801384479258836,0.034924270025503565,0.012335397907666685,0.3878887070376432,11.106565914030163,0.01122475776892819,1.5766344144770517,0.9398517558794321
frozenset({'PACK OF 60 MUSHROOM CAKE CASES'}),frozenset({'PACK OF 60 PINK PAISLEY CAKE CASES'}),0.023213449227085826,0.04830062978191849,0.011086243689168792,0.4775784753363229,9.887624188186177,0.009965019472089958,1.8217078073702333,0.9202250679258942
frozenset({'PACK OF 60 PINK PAISLEY CAKE CASES'}),frozenset({'PACK OF 60 MUSHROOM CAKE CASES'}),0.04830062978191849,0.023213449227085826,0.011086243689168792,0.22952586206896552,9.887624188186177,0.009965019472089958,1.2677733134507194,0.9444825731345508
frozenset({'PACK OF 60 PINK PAISLEY CAKE CASES'}),frozenset({'PACK OF 60 SPACEBOY CAKE CASES'}),0.04830062978191849,0.026700671420392442,0.010669858949669495,0.22090517241379312,8.273393913423407,0.009380199704464468,1.249269400998445,0.9237482409278563
frozenset({'PACK OF 60 SPACEBOY CAKE CASES'}),frozenset({'PACK OF 60 PINK PAISLEY CAKE CASES'}),0.026700671420392442,0.04830062978191849,0.010669858949669495,0.39961013645224175,8.273393913423407,0.009380199704464468,1.5851356393567397,0.9032479457414896
frozenset({'PACK OF 60 PINK PAISLEY CAKE CASES'}),frozenset({'PACK OF 72 RETRO SPOT CAKE CASES'}),0.04830062978191849,0.060375787227398114,0.021287669806901575,0.4407327586206896,7.299826285671819,0.018371481260239138,1.6800987850731686,0.9068099294450206
frozenset({'PACK OF 72 RETRO SPOT CAKE CASES'}),frozenset({'PACK OF 60 PINK PAISLEY CAKE CASES'}),0.060375787227398114,0.04830062978191849,0.021287669806901575,0.3525862068965517,7.299826285671818,0.018371481260239138,1.4700016903501658,0.9184633889050131
frozenset({'PACK OF 72 SKULL CAKE CASES'}),frozenset({'PACK OF 60 PINK PAISLEY CAKE CASES'}),0.034924270025503565,0.04830062978191849,0.01223130172279186,0.3502235469448584,7.250910568374531,0.010544437485886259,1.4646565995787448,0.8932835632503092
frozenset({'PACK OF 60 PINK PAISLEY CAKE CASES'}),frozenset({'PACK OF 72 SKULL CAKE CASES'}),0.04830062978191849,0.034924270025503565,0.01223130172279186,0.25323275862068967,7.250910568374532,0.010544437485886259,1.2923380626498309,0.905838875022545
frozenset({'PACK OF 72 SKULL CAKE CASES'}),frozenset({'PACK OF 72 RETRO SPOT CAKE CASES'}),0.034924270025503565,0.060375787227398114,0.014105033050538698,0.4038748137108793,6.689350686057866,0.011996452754406696,1.5762196169260396,0.881286963554567
frozenset({'PACK OF 72 RETRO SPOT CAKE CASES'}),frozenset({'PACK OF 72 SKULL CAKE CASES'}),0.060375787227398114,0.034924270025503565,0.014105033050538698,0.2336206896551724,6.689350686057865,0.011996452754406696,1.2592664193143037,0.9051583048927481
frozenset({'SET OF 72 RETRO SPOT PAPER  DOILIES'}),frozenset({'PACK OF 72 RETRO SPOT CAKE CASES'}),0.023369593504398063,0.060375787227398114,0.01223130172279186,0.5233853006681515,8.668794639428617,0.010820344117779537,1.9714545398827021,0.9058121708840378
frozenset({'PACK OF 72 RETRO SPOT CAKE CASES'}),frozenset({'SET OF 72 RETRO SPOT PAPER  DOILIES'}),0.060375787227398114,0.023369593504398063,0.01223130172279186,0.2025862068965517,8.668794639428615,0.010820344117779537,1.2247473205782684,0.9414867099356387
frozenset({'SET/20 RED SPOTTY PAPER NAPKINS '}),frozenset({'PACK OF 72 RETRO SPOT CAKE CASES'}),0.04064956019361891,0.060375787227398114,0.013064071201790454,0.32138284250960303,5.323041856152589,0.010609822004653206,1.3846160569347208,0.8465493494770915
frozenset({'PACK OF 72 RETRO SPOT CAKE CASES'}),frozenset({'SET/20 RED SPOTTY PAPER NAPKINS '}),0.060375787227398114,0.04064956019361891,0.013064071201790454,0.21637931034482757,5.323041856152589,0.010609822004653206,1.2242535865515976,0.8643215869695758
frozenset({'SET/5 RED SPOTTY LID GLASS BOWLS'}),frozenset({'PACK OF 72 RETRO SPOT CAKE CASES'}),0.04090980065580596,0.060375787227398114,0.010878051319419144,0.26590330788804073,4.404138150390454,0.008408089899508931,1.279973364366144,0.8059104554036192
frozenset({'PACK OF 72 RETRO SPOT CAKE CASES'}),frozenset({'SET/5 RED SPOTTY LID GLASS BOWLS'}),0.060375787227398114,0.04090980065580596,0.010878051319419144,0.18017241379310345,4.404138150390454,0.008408089899508931,1.169868171650121,0.8226063236981381
frozenset({'PACK OF 72 RETRO SPOT CAKE CASES'}),frozenset({'WHITE HANGING HEART T-LIGHT HOLDER'}),0.060375787227398114,0.15723728725342218,0.01202310935304221,0.19913793103448277,1.266480327363627,0.0025297843536163152,1.0523194260344781,0.22393011630257506
frozenset({'WHITE HANGING HEART T-LIGHT HOLDER'}),frozenset({'PACK OF 72 RETRO SPOT CAKE CASES'}),0.15723728725342218,0.060375787227398114,0.01202310935304221,0.07646474677259185,1.266480327363627,0.0025297843536163152,1.0174210561957098,0.24966714362712378
frozenset({'PAPER CHAIN KIT VINTAGE CHRISTMAS'}),"frozenset({""PAPER CHAIN KIT 50'S CHRISTMAS ""})",0.03143704783219695,0.041430281580180084,0.014000936865663874,0.445364238410596,10.749727528370329,0.012698491121926364,1.7282868953002126,0.936412428650565
"frozenset({""PAPER CHAIN KIT 50'S CHRISTMAS ""})",frozenset({'PAPER CHAIN KIT VINTAGE CHRISTMAS'}),0.041430281580180084,0.03143704783219695,0.014000936865663874,0.33793969849246236,10.749727528370329,0.012698491121926364,1.462952770257251,0.9461746693141319
frozenset({'RED SPOTTY CUP'}),frozenset({'PINK  SPOTTY CUP'}),0.01873731327746838,0.015406235361474003,0.010149378025295372,0.5416666666666666,35.158924549549546,0.009860706566901023,2.1482045773931473,0.9901097152462983
frozenset({'PINK  SPOTTY CUP'}),frozenset({'RED SPOTTY CUP'}),0.015406235361474003,0.01873731327746838,0.010149378025295372,0.6587837837837838,35.15892454954955,0.009860706566901023,2.8757797551472213,0.9867599757645749
frozenset({'PINK 3 PIECE MINI DOTS CUTLERY SET'}),frozenset({'RED 3 PIECE MINI DOTS CUTLERY SET'}),0.021652006453963462,0.023942122521209596,0.012387446000104095,0.5721153846153846,23.895767140468227,0.011869051008753281,2.281124028265038,0.9793566200220579
frozenset({'RED 3 PIECE MINI DOTS CUTLERY SET'}),frozenset({'PINK 3 PIECE MINI DOTS CUTLERY SET'}),0.023942122521209596,0.021652006453963462,0.012387446000104095,0.5173913043478261,23.895767140468227,0.011869051008753281,2.02720755419449,0.9816544759001026
frozenset({'PINK CREAM FELT CRAFT TRINKET BOX '}),frozenset({'PINK BLUE FELT CRAFT TRINKET BOX'}),0.03716233800031229,0.029667412689324935,0.01806068807578202,0.48599439775910364,16.381421691483613,0.016958177657826576,1.887786014549924,0.9751957929652091
frozenset({'PINK BLUE FELT CRAFT TRINKET BOX'}),frozenset({'PINK CREAM FELT CRAFT TRINKET BOX '}),0.029667412689324935,0.03716233800031229,0.01806068807578202,0.6087719298245614,16.381421691483613,0.016958177657826576,2.461064875963327,0.9676633038708042
frozenset({'PINK DOUGHNUT TRINKET POT '}),frozenset({'STRAWBERRY CERAMIC TRINKET BOX'}),0.016707437672409307,0.06948420340394525,0.01030552230260761,0.616822429906542,8.877160558647484,0.009144619305019185,2.428419274043362,0.9024286374222856
frozenset({'STRAWBERRY CERAMIC TRINKET BOX'}),frozenset({'PINK DOUGHNUT TRINKET POT '}),0.06948420340394525,0.016707437672409307,0.01030552230260761,0.14831460674157304,8.877160558647486,0.009144619305019185,1.154525567904427,0.9536123625786899
frozenset({'PLASTERS IN TIN SPACEBOY'}),frozenset({'PLASTERS IN TIN CIRCUS PARADE '}),0.031801384479258836,0.031332951647322124,0.014989850621974705,0.4713584288052373,15.043537363181105,0.013993419379768187,1.8323701750572325,0.9641888118362422
frozenset({'PLASTERS IN TIN CIRCUS PARADE '}),frozenset({'PLASTERS IN TIN SPACEBOY'}),0.031332951647322124,0.031801384479258836,0.014989850621974705,0.47840531561461797,15.043537363181104,0.013993419379768187,1.8562279189283,0.9637225446122065
frozenset({'PLASTERS IN TIN STRONGMAN'}),frozenset({'PLASTERS IN TIN CIRCUS PARADE '}),0.022224535470774995,0.031332951647322124,0.012179253630354447,0.5480093676814988,17.489873723030957,0.011482893335064458,2.143113106977168,0.9642541590800933
frozenset({'PLASTERS IN TIN CIRCUS PARADE '}),frozenset({'PLASTERS IN TIN STRONGMAN'}),0.031332951647322124,0.022224535470774995,0.012179253630354447,0.38870431893687707,17.489873723030957,0.011482893335064458,1.599513124039656,0.9733210806769454
frozenset({'PLASTERS IN TIN VINTAGE PAISLEY '}),frozenset({'PLASTERS IN TIN CIRCUS PARADE '}),0.028158018008639984,0.031332951647322124,0.010097329932857961,0.3585951940850277,11.444666883647239,0.00921505611610882,1.5102273001694488,0.9390652744282194
frozenset({'PLASTERS IN TIN CIRCUS PARADE '}),frozenset({'PLASTERS IN TIN VINTAGE PAISLEY '}),0.031332951647322124,0.028158018008639984,0.010097329932857961,0.32225913621262464,11.44466688364724,0.00921505611610882,1.4339433165656832,0.9421431843599866
frozenset({'PLASTERS IN TIN CIRCUS PARADE '}),frozenset({'PLASTERS IN TIN WOODLAND ANIMALS'}),0.031332951647322124,0.027741633269140687,0.012595638369853744,0.40199335548172754,14.490616020394805,0.011726411116014017,1.6258320465888259,0.9611040480369959
frozenset({'PLASTERS IN TIN WOODLAND ANIMALS'}),frozenset({'PLASTERS IN TIN CIRCUS PARADE '}),0.027741633269140687,0.031332951647322124,0.012595638369853744,0.4540337711069418,14.490616020394807,0.011726411116014017,1.7742252122748359,0.9575539313713346
frozenset({'PLASTERS IN TIN SPACEBOY'}),frozenset({'PLASTERS IN TIN SKULLS'}),0.031801384479258836,0.0256597095716442,0.011190339874043616,0.3518821603927987,13.713411658472294,0.01037432558432964,1.5033381753831447,0.9575294479463324
frozenset({'PLASTERS IN TIN SKULLS'}),frozenset({'PLASTERS IN TIN SPACEBOY'}),0.0256597095716442,0.031801384479258836,0.011190339874043616,0.43610547667342797,13.713411658472294,0.01037432558432964,1.716985314574552,0.9514937388193202
frozenset({'PLASTERS IN TIN VINTAGE PAISLEY '}),frozenset({'PLASTERS IN TIN SKULLS'}),0.028158018008639984,0.0256597095716442,0.010253474210170197,0.36414048059149723,14.19113803976559,0.009530947645955369,1.5323200497725014,0.9564656653573961
frozenset({'PLASTERS IN TIN SKULLS'}),frozenset({'PLASTERS IN TIN VINTAGE PAISLEY '}),0.0256597095716442,0.028158018008639984,0.010253474210170197,0.3995943204868154,14.19113803976559,0.009530947645955369,1.6186422200058799,0.9540131892923772
frozenset({'PLASTERS IN TIN SKULLS'}),frozenset({'PLASTERS IN TIN WOODLAND ANIMALS'}),0.0256597095716442,0.027741633269140687,0.010930099411856556,0.4259634888438134,15.354665124120425,0.010218257159127345,1.6937221724322038,0.9594935388685389
frozenset({'PLASTERS IN TIN WOODLAND ANIMALS'}),frozenset({'PLASTERS IN TIN SKULLS'}),0.027741633269140687,0.0256597095716442,0.010930099411856556,0.39399624765478425,15.354665124120425,0.010218257159127345,1.607812305877132,0.9615481288875294
frozenset({'PLASTERS IN TIN STRONGMAN'}),frozenset({'PLASTERS IN TIN SPACEBOY'}),0.022224535470774995,0.031801384479258836,0.010201426117732785,0.45901639344262296,14.433849373507552,0.009494655120353744,1.7897004711140976,0.9518733555383188
frozenset({'PLASTERS IN TIN SPACEBOY'}),frozenset({'PLASTERS IN TIN STRONGMAN'}),0.031801384479258836,0.022224535470774995,0.010201426117732785,0.32078559738134205,14.433849373507552,0.009494655120353744,1.439568214041823,0.9612887247147005
frozenset({'PLASTERS IN TIN SPACEBOY'}),frozenset({'PLASTERS IN TIN VINTAGE PAISLEY '}),0.031801384479258836,0.028158018008639984,0.012335397907666685,0.3878887070376432,13.775426484869204,0.01143993395080003,1.5876883716489865,0.9578685110307543
frozenset({'PLASTERS IN TIN VINTAGE PAISLEY '}),frozenset({'PLASTERS IN TIN SPACEBOY'}),0.028158018008639984,0.031801384479258836,0.012335397907666685,0.43807763401109057,13.775426484869202,0.01143993395080003,1.7230113519628978,0.9542775301089382
frozenset({'PLASTERS IN TIN SPACEBOY'}),frozenset({'PLASTERS IN TIN WOODLAND ANIMALS'}),0.031801384479258836,0.027741633269140687,0.014313225420288346,0.45008183306055644,16.224056770342347,0.013431003074613805,1.7680055418826044,0.9691845451613218
frozenset({'PLASTERS IN TIN WOODLAND ANIMALS'}),frozenset({'PLASTERS IN TIN SPACEBOY'}),0.027741633269140687,0.031801384479258836,0.014313225420288346,0.5159474671669794,16.224056770342347,0.013431003074613805,2.0001932638471125,0.9651376289663228
frozenset({'PLEASE ONE PERSON METAL SIGN'}),frozenset({'WHITE HANGING HEART T-LIGHT HOLDER'}),0.038411492218810184,0.15723728725342218,0.01223130172279186,0.3184281842818428,2.025144225291971,0.006191582886950211,1.236498771385635,0.5264289292603573
frozenset({'WHITE HANGING HEART T-LIGHT HOLDER'}),frozenset({'PLEASE ONE PERSON METAL SIGN'}),0.15723728725342218,0.038411492218810184,0.01223130172279186,0.07778881165177093,2.0251442252919714,0.006191582886950211,1.0426988090477296,0.6006530674459675
"frozenset({""POPPY'S PLAYHOUSE KITCHEN""})","frozenset({""POPPY'S PLAYHOUSE BEDROOM ""})",0.015562379638786239,0.014052984958101285,0.012647686462291157,0.8127090301003345,57.83177257525084,0.012428988575315032,5.264252812455853,0.9982435115669758
"frozenset({""POPPY'S PLAYHOUSE BEDROOM ""})","frozenset({""POPPY'S PLAYHOUSE KITCHEN""})",0.014052984958101285,0.015562379638786239,0.012647686462291157,0.9,57.83177257525084,0.012428988575315032,9.84437620361214,0.9967152920750556
"frozenset({""POPPY'S PLAYHOUSE LIVINGROOM ""})","frozenset({""POPPY'S PLAYHOUSE BEDROOM ""})",0.011919013168167387,0.014052984958101285,0.010201426117732785,0.8558951965065502,60.90486818696426,0.010033928404965118,6.841874740745297,0.9954456814331296
"frozenset({""POPPY'S PLAYHOUSE BEDROOM ""})","frozenset({""POPPY'S PLAYHOUSE LIVINGROOM ""})",0.014052984958101285,0.011919013168167387,0.010201426117732785,0.725925925925926,60.90486818696426,0.010033928404965118,3.60516035735939,0.9976002120216719
"frozenset({""POPPY'S PLAYHOUSE KITCHEN""})","frozenset({""POPPY'S PLAYHOUSE LIVINGROOM ""})",0.015562379638786239,0.011919013168167387,0.01103419559673138,0.7090301003344481,59.48731579792904,0.010848707388888667,3.3958185639392866,0.9987323456120155
"frozenset({""POPPY'S PLAYHOUSE LIVINGROOM ""})","frozenset({""POPPY'S PLAYHOUSE KITCHEN""})",0.011919013168167387,0.015562379638786239,0.01103419559673138,0.9257641921397379,59.48731579792904,0.010848707388888667,13.260953827218692,0.9950497042196408
frozenset({'RECYCLING BAG RETROSPOT '}),frozenset({'TOY TIDY PINK RETROSPOT  '}),0.03221776921875813,0.02133971789933899,0.01150262842866809,0.35702746365105015,16.73065526616494,0.010815110322193785,1.5220872226640938,0.9715300074903743
frozenset({'TOY TIDY PINK RETROSPOT  '}),frozenset({'RECYCLING BAG RETROSPOT '}),0.02133971789933899,0.03221776921875813,0.01150262842866809,0.5390243902439025,16.73065526616494,0.010815110322193785,2.0994217704778264,0.9607312109384682
frozenset({'RED HANGING HEART T-LIGHT HOLDER'}),frozenset({'WHITE HANGING HEART T-LIGHT HOLDER'}),0.051735803882787694,0.15723728725342218,0.03757872273981159,0.7263581488933603,4.619503182617719,0.029443925283406988,3.079801972316539,0.8262744792163184
frozenset({'WHITE HANGING HEART T-LIGHT HOLDER'}),frozenset({'RED HANGING HEART T-LIGHT HOLDER'}),0.15723728725342218,0.051735803882787694,0.03757872273981159,0.2389937106918239,4.619503182617719,0.029443925283406988,1.2460661750631137,0.9297118785105056
frozenset({'REGENCY CAKESTAND 3 TIER'}),frozenset({'RED RETROSPOT CAKE STAND'}),0.08780513194191433,0.031228855462447302,0.011866965075729975,0.13515115589804386,4.327765263781861,0.009124911301454817,1.1201623857675471,0.842949122206406
frozenset({'RED RETROSPOT CAKE STAND'}),frozenset({'REGENCY CAKESTAND 3 TIER'}),0.031228855462447302,0.08780513194191433,0.011866965075729975,0.38,4.3277652637818615,0.009124911301454817,1.4712820452549769,0.7937208572389982
frozenset({'RED SPOTTY CHARLOTTE BAG'}),frozenset({'STRAWBERRY CHARLOTTE BAG'}),0.030552230260760944,0.026284286680893144,0.01269973455472857,0.41567291311754684,15.814502336093916,0.01189669097581407,1.666388115796839,0.9662891903262318
frozenset({'STRAWBERRY CHARLOTTE BAG'}),frozenset({'RED SPOTTY CHARLOTTE BAG'}),0.026284286680893144,0.030552230260760944,0.01269973455472857,0.4831683168316832,15.814502336093916,0.01189669097581407,1.8757514318709414,0.96205379832245
frozenset({'WOODLAND CHARLOTTE BAG'}),frozenset({'RED SPOTTY CHARLOTTE BAG'}),0.028262114193514806,0.030552230260760944,0.011658772705980326,0.4125230202578269,13.502222807859672,0.010795302085484142,1.6501885234119338,0.9528681899915832
frozenset({'RED SPOTTY CHARLOTTE BAG'}),frozenset({'WOODLAND CHARLOTTE BAG'}),0.030552230260760944,0.028262114193514806,0.011658772705980326,0.38160136286201024,13.502222807859674,0.010795302085484142,1.5713777933013964,0.9551191402954397
frozenset({'SCOTTIE DOG HOT WATER BOTTLE'}),frozenset({'RED WOOLLY HOTTIE WHITE HEART.'}),0.045021599958361525,0.037006193723000055,0.010461666579919846,0.23236994219653181,6.279217580059023,0.00879558853014131,1.2545024735385617,0.8803806344341082
frozenset({'RED WOOLLY HOTTIE WHITE HEART.'}),frozenset({'SCOTTIE DOG HOT WATER BOTTLE'}),0.037006193723000055,0.045021599958361525,0.010461666579919846,0.28270042194092826,6.279217580059023,0.00879558853014131,1.3313522400580489,0.8730528526968444
frozenset({'RED WOOLLY HOTTIE WHITE HEART.'}),frozenset({'WHITE HANGING HEART T-LIGHT HOLDER'}),0.037006193723000055,0.15723728725342218,0.010513714672357259,0.2841068917018284,1.8068671665896157,0.00469496115977811,1.1772186419701705,0.46371625866510546
frozenset({'WHITE HANGING HEART T-LIGHT HOLDER'}),frozenset({'RED WOOLLY HOTTIE WHITE HEART.'}),0.15723728725342218,0.037006193723000055,0.010513714672357259,0.06686527639854353,1.8068671665896157,0.00469496115977811,1.0319986834915988,0.5298714314366219
frozenset({'REGENCY CAKESTAND 3 TIER'}),frozenset({'WHITE HANGING HEART T-LIGHT HOLDER'}),0.08780513194191433,0.15723728725342218,0.014417321605163172,0.16419679905157084,1.0442612049579048,0.0006110808516877533,1.0083267350379268,0.046465055939581834
frozenset({'WHITE HANGING HEART T-LIGHT HOLDER'}),frozenset({'REGENCY CAKESTAND 3 TIER'}),0.15723728725342218,0.08780513194191433,0.014417321605163172,0.09169149288315127,1.0442612049579048,0.0006110808516877533,1.0042786794473313,0.050293142934604206
frozenset({'REX CASH+CARRY JUMBO SHOPPER'}),frozenset({'WHITE HANGING HEART T-LIGHT HOLDER'}),0.05418206422734607,0.15723728725342218,0.014209129235413523,0.2622478386167147,1.66784764096092,0.00568968843851494,1.1423385207932126,0.4233635613780892
frozenset({'WHITE HANGING HEART T-LIGHT HOLDER'}),frozenset({'REX CASH+CARRY JUMBO SHOPPER'}),0.15723728725342218,0.05418206422734607,0.014209129235413523,0.0903674280039722,1.6678476409609202,0.00568968843851494,1.0397801979509416,0.47513356209008384
frozenset({'ROUND SNACK BOXES SET OF 4 FRUITS '}),frozenset({'ROUND SNACK BOXES SET OF4 WOODLAND '}),0.02836621037838963,0.029563316504450113,0.012543590277416333,0.44220183486238535,14.957788473963046,0.011704991021968182,1.7397631332403771,0.9603877583136474
frozenset({'ROUND SNACK BOXES SET OF4 WOODLAND '}),frozenset({'ROUND SNACK BOXES SET OF 4 FRUITS '}),0.029563316504450113,0.02836621037838963,0.012543590277416333,0.4242957746478873,14.957788473963044,0.011704991021968182,1.6877308639298918,0.9615724683399929
frozenset({'SCOTTIE DOG HOT WATER BOTTLE'}),frozenset({'WHITE HANGING HEART T-LIGHT HOLDER'}),0.045021599958361525,0.15723728725342218,0.01176286889085515,0.261271676300578,1.661639429580604,0.004683794645593598,1.1408290242970105,0.41695678051283824
frozenset({'WHITE HANGING HEART T-LIGHT HOLDER'}),frozenset({'SCOTTIE DOG HOT WATER BOTTLE'}),0.15723728725342218,0.045021599958361525,0.01176286889085515,0.07480966567361799,1.661639429580604,0.004683794645593598,1.0321966892757746,0.47247548226590635
frozenset({'SET/10 BLUE SPOTTY PARTY CANDLES'}),frozenset({'SET/10 PINK SPOTTY PARTY CANDLES'}),0.015926716285848123,0.018893457554780616,0.013012023109353042,0.8169934640522876,43.24213615657466,0.012711112371219337,5.361046464075662,0.9926846141640662
frozenset({'SET/10 PINK SPOTTY PARTY CANDLES'}),frozenset({'SET/10 BLUE SPOTTY PARTY CANDLES'}),0.018893457554780616,0.015926716285848123,0.013012023109353042,0.6887052341597796,43.24213615657466,0.012711112371219337,3.161226566267585,0.9956863660477454
frozenset({'SET/10 RED SPOTTY PARTY CANDLES'}),frozenset({'SET/10 PINK SPOTTY PARTY CANDLES'}),0.018216832353094257,0.018893457554780616,0.010201426117732785,0.56,29.63988980716254,0.009857247168887045,2.229787596466408,0.9841905165819707
frozenset({'SET/10 PINK SPOTTY PARTY CANDLES'}),frozenset({'SET/10 RED SPOTTY PARTY CANDLES'}),0.018893457554780616,0.018216832353094257,0.010201426117732785,0.5399449035812672,29.63988980716254,0.009857247168887045,2.1340556278792024,0.9848692686623722
frozenset({'SET/6 RED SPOTTY PAPER PLATES'}),frozenset({'SET/20 RED SPOTTY PAPER NAPKINS '}),0.019882371311091447,0.04064956019361891,0.01030552230260761,0.518324607329843,12.751050807462576,0.009497312653205517,1.9916949348154218,0.9402698859445714
frozenset({'SET/20 RED SPOTTY PAPER NAPKINS '}),frozenset({'SET/6 RED SPOTTY PAPER PLATES'}),0.04064956019361891,0.019882371311091447,0.01030552230260761,0.2535211267605634,12.751050807462578,0.009497312653205517,1.3129877667341983,0.9606240354938271
frozenset({'SET/6 RED SPOTTY PAPER PLATES'}),frozenset({'SET/6 RED SPOTTY PAPER CUPS'}),0.019882371311091447,0.018112736168219436,0.013740696403476813,0.6910994764397906,38.15544322079798,0.013380572257520438,3.178651989692714,0.993545459373084
frozenset({'SET/6 RED SPOTTY PAPER CUPS'}),frozenset({'SET/6 RED SPOTTY PAPER PLATES'}),0.018112736168219436,0.019882371311091447,0.013740696403476813,0.7586206896551724,38.15544322079798,0.013380572257520438,4.060487318854049,0.9917548129050912
frozenset({'SWEETHEART CERAMIC TRINKET BOX'}),frozenset({'STRAWBERRY CERAMIC TRINKET BOX'}),0.042054858689429035,0.06948420340394525,0.03237391349607037,0.7698019801980197,11.07880557718693,0.029451765140769907,4.04224066478286,0.9496760544064374
frozenset({'STRAWBERRY CERAMIC TRINKET BOX'}),frozenset({'SWEETHEART CERAMIC TRINKET BOX'}),0.06948420340394525,0.042054858689429035,0.03237391349607037,0.4659176029962547,11.078805577186932,0.029451765140769907,1.7936279995085724,0.9776701969655712
frozenset({'STRAWBERRY CERAMIC TRINKET BOX'}),frozenset({'WHITE HANGING HEART T-LIGHT HOLDER'}),0.06948420340394525,0.15723728725342218,0.01774839952115755,0.25543071161048686,1.6244919768858932,0.006822891870956195,1.1318794985077276,0.41312886724259135
frozenset({'WHITE HANGING HEART T-LIGHT HOLDER'}),frozenset({'STRAWBERRY CERAMIC TRINKET BOX'}),0.15723728725342218,0.06948420340394525,0.01774839952115755,0.11287653095001654,1.6244919768858934,0.006822891870956195,1.0489135154912992,0.45614611465927923
frozenset({'SWEETHEART CERAMIC TRINKET BOX'}),frozenset({'WHITE HANGING HEART T-LIGHT HOLDER'}),0.042054858689429035,0.15723728725342218,0.010878051319419144,0.25866336633663367,1.6450510617099445,0.004265459423267313,1.1368151450738477,0.4093304684991726
frozenset({'WHITE HANGING HEART T-LIGHT HOLDER'}),frozenset({'SWEETHEART CERAMIC TRINKET BOX'}),0.15723728725342218,0.042054858689429035,0.010878051319419144,0.06918238993710692,1.6450510617099445,0.004265459423267313,1.0291437666782486,0.46527465864175344
frozenset({'VICTORIAN GLASS HANGING T-LIGHT'}),frozenset({'WHITE HANGING HEART T-LIGHT HOLDER'}),0.033258731067506375,0.15723728725342218,0.010513714672357259,0.3161189358372457,2.0104578332476004,0.005284202021811442,1.2323235090276046,0.5198918002061862
frozenset({'WHITE HANGING HEART T-LIGHT HOLDER'}),frozenset({'VICTORIAN GLASS HANGING T-LIGHT'}),0.15723728725342218,0.033258731067506375,0.010513714672357259,0.06686527639854353,2.010457833247601,0.005284202021811442,1.0360146766389016,0.5963729185418543
frozenset({'VINTAGE HEADS AND TAILS CARD GAME '}),frozenset({'VINTAGE SNAP CARDS'}),0.03076042263051059,0.04090980065580596,0.017384062874095666,0.5651438240270729,13.81438713871775,0.016125660116193135,2.205534271643653,0.9570509930627416
frozenset({'VINTAGE SNAP CARDS'}),frozenset({'VINTAGE HEADS AND TAILS CARD GAME '}),0.04090980065580596,0.03076042263051059,0.017384062874095666,0.4249363867684479,13.81438713871775,0.016125660116193135,1.6854475836557938,0.9671787916000635
frozenset({'VINTAGE UNION JACK BUNTING'}),frozenset({'WHITE HANGING HEART T-LIGHT HOLDER'}),0.03861968458855983,0.15723728725342218,0.011138291781606205,0.28840970350404316,1.8342322520434229,0.005065837342318262,1.1843369940491681,0.47308309008766963
frozenset({'WHITE HANGING HEART T-LIGHT HOLDER'}),frozenset({'VINTAGE UNION JACK BUNTING'}),0.15723728725342218,0.03861968458855983,0.011138291781606205,0.07083747103608076,1.8342322520434229,0.005065837342318262,1.0346740052931815,0.5396688338073955
frozenset({'WHITE HANGING HEART T-LIGHT HOLDER'}),frozenset({'WOOD 2 DRAWER CABINET WHITE FINISH'}),0.15723728725342218,0.03023994170613647,0.01415708114297611,0.09003641178417741,2.977400309138383,0.009402234742401589,1.0657130360515685,0.7880468840821903
frozenset({'WOOD 2 DRAWER CABINET WHITE FINISH'}),frozenset({'WHITE HANGING HEART T-LIGHT HOLDER'}),0.03023994170613647,0.15723728725342218,0.01415708114297611,0.46815834767641995,2.977400309138383,0.009402234742401589,1.5846120909571575,0.6848462401813451
frozenset({'WOOD S/3 CABINET ANT WHITE FINISH'}),frozenset({'WHITE HANGING HEART T-LIGHT HOLDER'}),0.03455993337844168,0.15723728725342218,0.014833706344662467,0.42921686746987947,2.7297397135712655,0.0093995961725773,1.4765024835454554,0.6563480511078763
frozenset({'WHITE HANGING HEART T-LIGHT HOLDER'}),frozenset({'WOOD S/3 CABINET ANT WHITE FINISH'}),0.15723728725342218,0.03455993337844168,0.014833706344662467,0.09433962264150943,2.729739713571266,0.0093995961725773,1.0660067402279707,0.7518898221343874
frozenset({'WOODEN FRAME ANTIQUE WHITE '}),frozenset({'WHITE HANGING HEART T-LIGHT HOLDER'}),0.05251652526934888,0.15723728725342218,0.02300525685733618,0.4380574826560952,2.7859643873788666,0.014747700888007965,1.4997311766513177,0.6765900239716596
frozenset({'WHITE HANGING HEART T-LIGHT HOLDER'}),frozenset({'WOODEN FRAME ANTIQUE WHITE '}),0.15723728725342218,0.05251652526934888,0.02300525685733618,0.14630916914928832,2.7859643873788666,0.014747700888007965,1.1098672265069007,0.7606623515550944
frozenset({'WOODEN PICTURE FRAME WHITE FINISH'}),frozenset({'WHITE HANGING HEART T-LIGHT HOLDER'}),0.04257533961380315,0.15723728725342218,0.01993441940352886,0.46821515892420545,2.97776161814325,0.01323998849876129,1.5847813770728751,0.6937123196577569
frozenset({'WHITE HANGING HEART T-LIGHT HOLDER'}),frozenset({'WOODEN PICTURE FRAME WHITE FINISH'}),0.15723728725342218,0.04257533961380315,0.01993441940352886,0.12677921218139687,2.9777616181432496,0.01323998849876129,1.0964290746879077,0.788095239630956
frozenset({'WHITE HANGING HEART T-LIGHT HOLDER'}),frozenset({'ZINC METAL HEART DECORATION'}),0.15723728725342218,0.04111799302555561,0.01681153385728413,0.10691823899371067,2.6002786402356497,0.010346252176640633,1.0736777402037792,0.7302480527784238
frozenset({'ZINC METAL HEART DECORATION'}),frozenset({'WHITE HANGING HEART T-LIGHT HOLDER'}),0.04111799302555561,0.15723728725342218,0.01681153385728413,0.40886075949367084,2.6002786402356497,0.010346252176640633,1.425658550470656,0.6418160164244822
frozenset({'WOOD S/3 CABINET ANT WHITE FINISH'}),frozenset({'WOOD 2 DRAWER CABINET WHITE FINISH'}),0.03455993337844168,0.03023994170613647,0.018372976630406497,0.5316265060240964,17.580275490948303,0.01732788625967446,2.0704844974505643,0.9768789411156149
frozenset({'WOOD 2 DRAWER CABINET WHITE FINISH'}),frozenset({'WOOD S/3 CABINET ANT WHITE FINISH'}),0.03023994170613647,0.03455993337844168,0.018372976630406497,0.6075731497418244,17.580275490948303,0.01732788625967446,2.4601784153821287,0.9725272369446941
frozenset({'WOODEN FRAME ANTIQUE WHITE '}),frozenset({'WOOD 2 DRAWER CABINET WHITE FINISH'}),0.05251652526934888,0.03023994170613647,0.015458283453911413,0.2943508424182359,9.73384291804056,0.01387018679115746,1.3742807567675681,0.9469987356166217
frozenset({'WOOD 2 DRAWER CABINET WHITE FINISH'}),frozenset({'WOODEN FRAME ANTIQUE WHITE '}),0.03023994170613647,0.05251652526934888,0.015458283453911413,0.5111876075731497,9.73384291804056,0.01387018679115746,1.9383376718961558,0.9252450076838226
frozenset({'WOODEN PICTURE FRAME WHITE FINISH'}),frozenset({'WOOD 2 DRAWER CABINET WHITE FINISH'}),0.04257533961380315,0.03023994170613647,0.014469369697600582,0.33985330073349634,11.238556741811816,0.013181893909560212,1.4690069031192228,0.95153241907697
frozenset({'WOOD 2 DRAWER CABINET WHITE FINISH'}),frozenset({'WOODEN PICTURE FRAME WHITE FINISH'}),0.03023994170613647,0.04257533961380315,0.014469369697600582,0.47848537005163505,11.238556741811815,0.013181893909560212,1.83585388674713,0.9394288776793077
frozenset({'WOODEN FRAME ANTIQUE WHITE '}),frozenset({'WOOD S/3 CABINET ANT WHITE FINISH'}),0.05251652526934888,0.03455993337844168,0.01634310102534742,0.311199207135778,9.004624046234492,0.014528133410771474,1.4016244995987803,0.9382178900976478
frozenset({'WOOD S/3 CABINET ANT WHITE FINISH'}),frozenset({'WOODEN FRAME ANTIQUE WHITE '}),0.03455993337844168,0.05251652526934888,0.01634310102534742,0.47289156626506024,9.004624046234492,0.014528133410771474,1.7975115063461495,0.9207676139596517
frozenset({'WOODEN PICTURE FRAME WHITE FINISH'}),frozenset({'WOOD S/3 CABINET ANT WHITE FINISH'}),0.04257533961380315,0.03455993337844168,0.013584552126164577,0.3190709046454768,9.232393510472209,0.01211315122554701,1.4178276023275311,0.9313377469098195
frozenset({'WOOD S/3 CABINET ANT WHITE FINISH'}),frozenset({'WOODEN PICTURE FRAME WHITE FINISH'}),0.03455993337844168,0.04257533961380315,0.013584552126164577,0.3930722891566265,9.232393510472207,0.01211315122554701,1.5774937332417736,0.9236054695350764
frozenset({'WOODEN PICTURE FRAME WHITE FINISH'}),frozenset({'WOODEN FRAME ANTIQUE WHITE '}),0.04257533961380315,0.05251652526934888,0.028834643210326343,0.6772616136919316,12.896161926524362,0.02659873431164694,2.9357631906427,0.963477950274904
frozenset({'WOODEN FRAME ANTIQUE WHITE '}),frozenset({'WOODEN PICTURE FRAME WHITE FINISH'}),0.05251652526934888,0.04257533961380315,0.028834643210326343,0.5490584737363727,12.896161926524364,0.02659873431164694,2.123168093032248,0.9735869531590233
"frozenset({'PACK OF 60 PINK PAISLEY CAKE CASES', '60 TEATIME FAIRY CAKE CASES'})",frozenset({'72 SWEETHEART FAIRY CAKE CASES'}),0.024358507260708893,0.03612137615156404,0.010773955134544318,0.4423076923076923,12.245039902460652,0.009894092331289649,1.728334084142023,0.941262017697473
"frozenset({'PACK OF 60 PINK PAISLEY CAKE CASES', '72 SWEETHEART FAIRY CAKE CASES'})",frozenset({'60 TEATIME FAIRY CAKE CASES'}),0.015406235361474003,0.059126633008900226,0.010773955134544318,0.6993243243243242,11.827568876094402,0.009863036310277703,3.129196816060286,0.9297761209085507
"frozenset({'60 TEATIME FAIRY CAKE CASES', '72 SWEETHEART FAIRY CAKE CASES'})",frozenset({'PACK OF 60 PINK PAISLEY CAKE CASES'}),0.018789361369905794,0.04830062978191849,0.010773955134544318,0.5734072022160664,11.871629931225522,0.009866417147177817,2.2309316405761517,0.9333017114754031
frozenset({'PACK OF 60 PINK PAISLEY CAKE CASES'}),"frozenset({'60 TEATIME FAIRY CAKE CASES', '72 SWEETHEART FAIRY CAKE CASES'})",0.04830062978191849,0.018789361369905794,0.010773955134544318,0.2230603448275862,11.87162993122552,0.009866417147177817,1.2629174377929644,0.9622424864497838
frozenset({'60 TEATIME FAIRY CAKE CASES'}),"frozenset({'PACK OF 60 PINK PAISLEY CAKE CASES', '72 SWEETHEART FAIRY CAKE CASES'})",0.059126633008900226,0.015406235361474003,0.010773955134544318,0.1822183098591549,11.827568876094402,0.009863036310277703,1.2039811804406517,0.9729808529748881
frozenset({'72 SWEETHEART FAIRY CAKE CASES'}),"frozenset({'PACK OF 60 PINK PAISLEY CAKE CASES', '60 TEATIME FAIRY CAKE CASES'})",0.03612137615156404,0.024358507260708893,0.010773955134544318,0.29827089337175794,12.245039902460654,0.009894092331289649,1.390339211419031,0.9527488807030149
"frozenset({'PACK OF 60 PINK PAISLEY CAKE CASES', 'PACK OF 60 DINOSAUR CAKE CASES'})",frozenset({'60 TEATIME FAIRY CAKE CASES'}),0.015198042991724354,0.059126633008900226,0.010201426117732785,0.6712328767123287,11.352462377001734,0.00930281700730761,2.861823157931261,0.9259865671335918
"frozenset({'60 TEATIME FAIRY CAKE CASES', 'PACK OF 60 DINOSAUR CAKE CASES'})",frozenset({'PACK OF 60 PINK PAISLEY CAKE CASES'}),0.018581169000156144,0.04830062978191849,0.010201426117732785,0.5490196078431373,11.366717376605816,0.009303943952940982,2.1102899078748765,0.9292911691617673
"frozenset({'PACK OF 60 PINK PAISLEY CAKE CASES', '60 TEATIME FAIRY CAKE CASES'})",frozenset({'PACK OF 60 DINOSAUR CAKE CASES'}),0.024358507260708893,0.031801384479258836,0.010201426117732785,0.4188034188034188,13.169345475401123,0.009426791862994163,1.66587114729304,0.9471369235877867
frozenset({'PACK OF 60 DINOSAUR CAKE CASES'}),"frozenset({'PACK OF 60 PINK PAISLEY CAKE CASES', '60 TEATIME FAIRY CAKE CASES'})",0.031801384479258836,0.024358507260708893,0.010201426117732785,0.32078559738134205,13.169345475401123,0.009426791862994163,1.4364263905149564,0.9544178923047555
frozenset({'PACK OF 60 PINK PAISLEY CAKE CASES'}),"frozenset({'60 TEATIME FAIRY CAKE CASES', 'PACK OF 60 DINOSAUR CAKE CASES'})",0.04830062978191849,0.018581169000156144,0.010201426117732785,0.21120689655172414,11.366717376605814,0.009303943952940982,1.2442031081528075,0.9583108715184186
frozenset({'60 TEATIME FAIRY CAKE CASES'}),"frozenset({'PACK OF 60 PINK PAISLEY CAKE CASES', 'PACK OF 60 DINOSAUR CAKE CASES'})",0.059126633008900226,0.015198042991724354,0.010201426117732785,0.17253521126760563,11.352462377001736,0.00930281700730761,1.1901436416610651,0.9692201049253025
"frozenset({'PACK OF 60 PINK PAISLEY CAKE CASES', 'PACK OF 72 RETRO SPOT CAKE CASES'})",frozenset({'60 TEATIME FAIRY CAKE CASES'}),0.021287669806901575,0.059126633008900226,0.012387446000104095,0.5819070904645477,9.841708564344502,0.01112877775981678,2.2503930239728644,0.9179322654396794
"frozenset({'PACK OF 60 PINK PAISLEY CAKE CASES', '60 TEATIME FAIRY CAKE CASES'})",frozenset({'PACK OF 72 RETRO SPOT CAKE CASES'}),0.024358507260708893,0.060375787227398114,0.012387446000104095,0.5085470085470085,8.423029030356616,0.010916781948554503,1.9119310068590334,0.9032804266011552
"frozenset({'PACK OF 72 RETRO SPOT CAKE CASES', '60 TEATIME FAIRY CAKE CASES'})",frozenset({'PACK OF 60 PINK PAISLEY CAKE CASES'}),0.024878988185083016,0.04830062978191849,0.012387446000104095,0.49790794979079495,10.308518792382051,0.011185775202427677,1.8954679123510123,0.9260315815677753
frozenset({'PACK OF 60 PINK PAISLEY CAKE CASES'}),"frozenset({'PACK OF 72 RETRO SPOT CAKE CASES', '60 TEATIME FAIRY CAKE CASES'})",0.04830062978191849,0.024878988185083016,0.012387446000104095,0.2564655172413793,10.308518792382051,0.011185775202427677,1.3114670999481781,0.9488215302527904
frozenset({'PACK OF 72 RETRO SPOT CAKE CASES'}),"frozenset({'PACK OF 60 PINK PAISLEY CAKE CASES', '60 TEATIME FAIRY CAKE CASES'})",0.060375787227398114,0.024358507260708893,0.012387446000104095,0.20517241379310344,8.423029030356616,0.010916781948554503,1.2274882121231863,0.9379045918483718
frozenset({'60 TEATIME FAIRY CAKE CASES'}),"frozenset({'PACK OF 60 PINK PAISLEY CAKE CASES', 'PACK OF 72 RETRO SPOT CAKE CASES'})",0.059126633008900226,0.021287669806901575,0.012387446000104095,0.2095070422535211,9.841708564344502,0.01112877775981678,1.2381037940972828,0.9548486097985136
"frozenset({'HEART OF WICKER LARGE', 'HEART OF WICKER SMALL'})",frozenset({'WHITE HANGING HEART T-LIGHT HOLDER'}),0.025555613386769375,0.15723728725342218,0.010253474210170197,0.40122199592668023,2.5516975199401877,0.00623517888713734,1.4074710610835706,0.6240520530964141
"frozenset({'HEART OF WICKER LARGE', 'WHITE HANGING HEART T-LIGHT HOLDER'})",frozenset({'HEART OF WICKER SMALL'}),0.019778275126216625,0.045490032790298236,0.010253474210170197,0.5184210526315789,11.396365771407924,0.009353759826143063,1.9820425548616756,0.9306595696451391
"frozenset({'HEART OF WICKER SMALL', 'WHITE HANGING HEART T-LIGHT HOLDER'})",frozenset({'HEART OF WICKER LARGE'}),0.016499245302659657,0.051891948160099934,0.010253474210170197,0.6214511041009464,11.975867666089751,0.00939729622824381,2.5045854369437364,0.9318739603794427
frozenset({'HEART OF WICKER LARGE'}),"frozenset({'HEART OF WICKER SMALL', 'WHITE HANGING HEART T-LIGHT HOLDER'})",0.051891948160099934,0.016499245302659657,0.010253474210170197,0.19759277833500502,11.975867666089753,0.00939729622824381,1.2256878155415603,0.9666606475257987
frozenset({'HEART OF WICKER SMALL'}),"frozenset({'HEART OF WICKER LARGE', 'WHITE HANGING HEART T-LIGHT HOLDER'})",0.045490032790298236,0.019778275126216625,0.010253474210170197,0.22540045766590389,11.396365771407924,0.009353759826143063,1.2654561115800393,0.9557288660846778
frozenset({'WHITE HANGING HEART T-LIGHT HOLDER'}),"frozenset({'HEART OF WICKER LARGE', 'HEART OF WICKER SMALL'})",0.15723728725342218,0.025555613386769375,0.010253474210170197,0.06521019529956967,2.5516975199401877,0.00623517888713734,1.0424208540929778,0.721560186392729
"frozenset({'KEY FOB , GARAGE DESIGN', 'KEY FOB , BACK DOOR '})","frozenset({'KEY FOB , SHED'})",0.011346484151355854,0.020767188882527456,0.010045281840420549,0.8853211009174311,42.63076268653284,0.009809647260896738,8.538910112944354,0.987750253339098
"frozenset({'KEY FOB , GARAGE DESIGN', 'KEY FOB , SHED'})","frozenset({'KEY FOB , BACK DOOR '})",0.013116119294227867,0.018216832353094257,0.010045281840420549,0.7658730158730159,42.04205215419502,0.009806347694114415,4.1933789533393275,0.9891886072120222
"frozenset({'KEY FOB , BACK DOOR ', 'KEY FOB , SHED'})","frozenset({'KEY FOB , GARAGE DESIGN'})",0.013480455941289752,0.01634310102534742,0.010045281840420549,0.7451737451737452,45.59561517841773,0.009824969387104306,3.860108133855077,0.9914330358582902
"frozenset({'KEY FOB , GARAGE DESIGN'})","frozenset({'KEY FOB , BACK DOOR ', 'KEY FOB , SHED'})",0.01634310102534742,0.013480455941289752,0.010045281840420549,0.6146496815286624,45.595615178417724,0.009824969387104306,2.5600589821027686,0.9943183111094783
"frozenset({'KEY FOB , BACK DOOR '})","frozenset({'KEY FOB , GARAGE DESIGN', 'KEY FOB , SHED'})",0.018216832353094257,0.013116119294227867,0.010045281840420549,0.5514285714285715,42.04205215419501,0.009806347694114415,2.200059606668919,0.9943277941656763
"frozenset({'KEY FOB , SHED'})","frozenset({'KEY FOB , GARAGE DESIGN', 'KEY FOB , BACK DOOR '})",0.020767188882527456,0.011346484151355854,0.010045281840420549,0.48370927318295737,42.63076268653284,0.009809647260896738,1.9149162758427618,0.9972529000837763
"frozenset({'LUNCH BAG SPACEBOY DESIGN ', 'LUNCH BAG  BLACK SKULL.'})",frozenset({'LUNCH BAG SUKI  DESIGN '}),0.019205746109405092,0.04965388018529121,0.010930099411856556,0.5691056910569106,11.461454551652434,0.009976459595671033,2.2055202403247014,0.9306243745640902
"frozenset({'LUNCH BAG SPACEBOY DESIGN ', 'LUNCH BAG SUKI  DESIGN '})",frozenset({'LUNCH BAG  BLACK SKULL.'}),0.023629833966585124,0.05064279394160204,0.010930099411856556,0.4625550660792952,9.133679840268755,0.009733418599412517,1.7664269325840685,0.9120670966824813
"frozenset({'LUNCH BAG  BLACK SKULL.', 'LUNCH BAG SUKI  DESIGN '})",frozenset({'LUNCH BAG SPACEBOY DESIGN '}),0.019986467495966272,0.04731171602560766,0.010930099411856556,0.546875,11.558976210121013,0.009984505337332363,2.1024844887710725,0.9321168713913949
frozenset({'LUNCH BAG SPACEBOY DESIGN '}),"frozenset({'LUNCH BAG  BLACK SKULL.', 'LUNCH BAG SUKI  DESIGN '})",0.04731171602560766,0.019986467495966272,0.010930099411856556,0.23102310231023104,11.558976210121013,0.009984505337332363,1.2744381989215547,0.9588520854145856
frozenset({'LUNCH BAG  BLACK SKULL.'}),"frozenset({'LUNCH BAG SPACEBOY DESIGN ', 'LUNCH BAG SUKI  DESIGN '})",0.05064279394160204,0.023629833966585124,0.010930099411856556,0.21582733812949642,9.133679840268755,0.009733418599412517,1.2450958998040795,0.9380190058479534
frozenset({'LUNCH BAG SUKI  DESIGN '}),"frozenset({'LUNCH BAG SPACEBOY DESIGN ', 'LUNCH BAG  BLACK SKULL.'})",0.04965388018529121,0.019205746109405092,0.010930099411856556,0.22012578616352202,11.461454551652434,0.009976459595671033,1.257631341682295,0.960440643752983
"frozenset({'LUNCH BAG SPACEBOY DESIGN ', 'LUNCH BAG CARS BLUE'})",frozenset({'LUNCH BAG SUKI  DESIGN '}),0.01629105293291001,0.04965388018529121,0.011294436058918441,0.6932907348242812,13.96246843624624,0.010485522068495491,3.0985243281458734,0.9437541755053277
"frozenset({'LUNCH BAG SPACEBOY DESIGN ', 'LUNCH BAG SUKI  DESIGN '})",frozenset({'LUNCH BAG CARS BLUE'}),0.023629833966585124,0.04434497475667517,0.011294436058918441,0.4779735682819384,10.778528365493992,0.010246571668165798,1.83066405679523,0.9291793088319144
"frozenset({'LUNCH BAG CARS BLUE', 'LUNCH BAG SUKI  DESIGN '})",frozenset({'LUNCH BAG SPACEBOY DESIGN '}),0.01899755373965544,0.04731171602560766,0.011294436058918441,0.5945205479452055,12.566032219660324,0.010395629191206643,2.349535294936846,0.938244740362874
frozenset({'LUNCH BAG SPACEBOY DESIGN '}),"frozenset({'LUNCH BAG CARS BLUE', 'LUNCH BAG SUKI  DESIGN '})",0.04731171602560766,0.01899755373965544,0.011294436058918441,0.23872387238723874,12.566032219660324,0.010395629191206643,1.2886289359113485,0.9661296364925398
frozenset({'LUNCH BAG CARS BLUE'}),"frozenset({'LUNCH BAG SPACEBOY DESIGN ', 'LUNCH BAG SUKI  DESIGN '})",0.04434497475667517,0.023629833966585124,0.011294436058918441,0.2546948356807512,10.778528365493992,0.010246571668165798,1.3100273723786922,0.9493205519513034
frozenset({'LUNCH BAG SUKI  DESIGN '}),"frozenset({'LUNCH BAG SPACEBOY DESIGN ', 'LUNCH BAG CARS BLUE'})",0.04965388018529121,0.01629105293291001,0.011294436058918441,0.22746331236897274,13.96246843624624,0.010485522068495491,1.2733491662171017,0.9768855861246888
"frozenset({'LUNCH BAG RED SPOTTY', 'LUNCH BAG PINK RETROSPOT'})",frozenset({'LUNCH BAG SUKI  DESIGN '}),0.020506948420340395,0.04965388018529121,0.010617810857232082,0.5177664974619289,10.427513328863775,0.009599561297402553,1.9707177431947118,0.9230283536976085
"frozenset({'LUNCH BAG RED SPOTTY', 'LUNCH BAG SUKI  DESIGN '})",frozenset({'LUNCH BAG PINK RETROSPOT'}),0.018372976630406497,0.03799510747931088,0.010617810857232082,0.5779036827195467,15.209949939850208,0.00991972763544492,2.2791122621463304,0.9517398581914208
"frozenset({'LUNCH BAG PINK RETROSPOT', 'LUNCH BAG SUKI  DESIGN '})",frozenset({'LUNCH BAG RED SPOTTY'}),0.01707177431947119,0.05506688179878207,0.010617810857232082,0.6219512195121951,11.294469546774863,0.009677721478686278,2.499500506209673,0.9272916050190264
frozenset({'LUNCH BAG RED SPOTTY'}),"frozenset({'LUNCH BAG PINK RETROSPOT', 'LUNCH BAG SUKI  DESIGN '})",0.05506688179878207,0.01707177431947119,0.010617810857232082,0.19281663516068054,11.294469546774865,0.009677721478686278,1.2177260688173297,0.9645773594483233
frozenset({'LUNCH BAG PINK RETROSPOT'}),"frozenset({'LUNCH BAG RED SPOTTY', 'LUNCH BAG SUKI  DESIGN '})",0.03799510747931088,0.018372976630406497,0.010617810857232082,0.27945205479452057,15.209949939850208,0.00991972763544492,1.3623340818627439,0.9711526118860682
frozenset({'LUNCH BAG SUKI  DESIGN '}),"frozenset({'LUNCH BAG RED SPOTTY', 'LUNCH BAG PINK RETROSPOT'})",0.04965388018529121,0.020506948420340395,0.010617810857232082,0.21383647798742136,10.427513328863773,0.009599561297402553,1.245915161609327,0.951337454857073
"frozenset({'LUNCH BAG WOODLAND', 'LUNCH BAG SUKI  DESIGN '})",frozenset({'LUNCH BAG SPACEBOY DESIGN '}),0.016863581949721543,0.04731171602560766,0.01056576276479467,0.6265432098765431,13.24287644813864,0.009767917764414881,2.551000033121513,0.9403452944046723
"frozenset({'LUNCH BAG WOODLAND', 'LUNCH BAG SPACEBOY DESIGN '})",frozenset({'LUNCH BAG SUKI  DESIGN '}),0.01727996668922084,0.04965388018529121,0.01056576276479467,0.6114457831325301,12.3141591523326,0.009707745369202275,2.4458520292905677,0.9349485486360908
"frozenset({'LUNCH BAG SPACEBOY DESIGN ', 'LUNCH BAG SUKI  DESIGN '})",frozenset({'LUNCH BAG WOODLAND'}),0.023629833966585124,0.0410659449331182,0.01056576276479467,0.44713656387665196,10.888257036453883,0.00959538130434416,1.7344862988062324,0.9301369168743174
frozenset({'LUNCH BAG WOODLAND'}),"frozenset({'LUNCH BAG SPACEBOY DESIGN ', 'LUNCH BAG SUKI  DESIGN '})",0.0410659449331182,0.023629833966585124,0.01056576276479467,0.2572877059569075,10.888257036453885,0.00959538130434416,1.3146007866900413,0.9470494150914743
frozenset({'LUNCH BAG SUKI  DESIGN '}),"frozenset({'LUNCH BAG WOODLAND', 'LUNCH BAG SPACEBOY DESIGN '})",0.04965388018529121,0.01727996668922084,0.01056576276479467,0.21278825995807127,12.3141591523326,0.009707745369202275,1.24835540849332,0.9667979378278125
frozenset({'LUNCH BAG SPACEBOY DESIGN '}),"frozenset({'LUNCH BAG WOODLAND', 'LUNCH BAG SUKI  DESIGN '})",0.04731171602560766,0.016863581949721543,0.01056576276479467,0.22332233223322331,13.24287644813864,0.009767917764414881,1.2658229518522706,0.9703989437286851
"frozenset({'WOODEN PICTURE FRAME WHITE FINISH', 'WOODEN FRAME ANTIQUE WHITE '})",frozenset({'WHITE HANGING HEART T-LIGHT HOLDER'}),0.028834643210326343,0.15723728725342218,0.014313225420288346,0.49638989169675085,3.1569476958522587,0.009779344342976323,1.67344280595557,0.7035242071824953
"frozenset({'WOODEN PICTURE FRAME WHITE FINISH', 'WHITE HANGING HEART T-LIGHT HOLDER'})",frozenset({'WOODEN FRAME ANTIQUE WHITE '}),0.01993441940352886,0.05251652526934888,0.014313225420288346,0.7180156657963446,13.672185319073506,0.013266338979953125,3.3600571372392527,0.945711002751895
"frozenset({'WOODEN FRAME ANTIQUE WHITE ', 'WHITE HANGING HEART T-LIGHT HOLDER'})",frozenset({'WOODEN PICTURE FRAME WHITE FINISH'}),0.02300525685733618,0.04257533961380315,0.014313225420288346,0.6221719457013575,14.613434709975772,0.013333768796684485,2.5340221550341258,0.9535054557077892
frozenset({'WOODEN PICTURE FRAME WHITE FINISH'}),"frozenset({'WOODEN FRAME ANTIQUE WHITE ', 'WHITE HANGING HEART T-LIGHT HOLDER'})",0.04257533961380315,0.02300525685733618,0.014313225420288346,0.33618581907090467,14.613434709975772,0.013333768796684485,1.4717895025611398,0.9729954285996688
frozenset({'WOODEN FRAME ANTIQUE WHITE '}),"frozenset({'WOODEN PICTURE FRAME WHITE FINISH', 'WHITE HANGING HEART T-LIGHT HOLDER'})",0.05251652526934888,0.01993441940352886,0.014313225420288346,0.27254707631318137,13.672185319073508,0.013266338979953125,1.3472563635174923,0.9782321567687422
frozenset({'WHITE HANGING HEART T-LIGHT HOLDER'}),"frozenset({'WOODEN PICTURE FRAME WHITE FINISH', 'WOODEN FRAME ANTIQUE WHITE '})",0.15723728725342218,0.028834643210326343,0.014313225420288346,0.09102946044356172,3.1569476958522587,0.009779344342976323,1.0684233586531697,0.8107125853395617
"frozenset({'WOODEN FRAME ANTIQUE WHITE ', 'WOOD S/3 CABINET ANT WHITE FINISH'})",frozenset({'WOOD 2 DRAWER CABINET WHITE FINISH'}),0.01634310102534742,0.03023994170613647,0.011658772705980326,0.7133757961783439,23.59051492594582,0.01116455828367632,3.3833850922697013,0.9735204243610773
"frozenset({'WOODEN FRAME ANTIQUE WHITE ', 'WOOD 2 DRAWER CABINET WHITE FINISH'})",frozenset({'WOOD S/3 CABINET ANT WHITE FINISH'}),0.015458283453911413,0.03455993337844168,0.011658772705980326,0.7542087542087542,21.823212040079508,0.01112453545966808,3.927886298446614,0.9691587620457359
"frozenset({'WOOD S/3 CABINET ANT WHITE FINISH', 'WOOD 2 DRAWER CABINET WHITE FINISH'})",frozenset({'WOODEN FRAME ANTIQUE WHITE '}),0.018372976630406497,0.05251652526934888,0.011658772705980326,0.6345609065155807,12.083071057367544,0.010693887814496426,2.5927260975187583,0.9344074287986668
frozenset({'WOODEN FRAME ANTIQUE WHITE '}),"frozenset({'WOOD S/3 CABINET ANT WHITE FINISH', 'WOOD 2 DRAWER CABINET WHITE FINISH'})",0.05251652526934888,0.018372976630406497,0.011658772705980326,0.222001982160555,12.083071057367544,0.010693887814496426,1.261734607108178,0.9680797685751954
frozenset({'WOOD S/3 CABINET ANT WHITE FINISH'}),"frozenset({'WOODEN FRAME ANTIQUE WHITE ', 'WOOD 2 DRAWER CABINET WHITE FINISH'})",0.03455993337844168,0.015458283453911413,0.011658772705980326,0.3373493975903614,21.82321204007951,0.01112453545966808,1.4857629540604609,0.9883339879700869
frozenset({'WOOD 2 DRAWER CABINET WHITE FINISH'}),"frozenset({'WOODEN FRAME ANTIQUE WHITE ', 'WOOD S/3 CABINET ANT WHITE FINISH'})",0.03023994170613647,0.01634310102534742,0.011658772705980326,0.38554216867469876,23.59051492594582,0.01116455828367632,1.6008533846058068,0.9874711517818805
"frozenset({'WOODEN PICTURE FRAME WHITE FINISH', 'WOOD S/3 CABINET ANT WHITE FINISH'})",frozenset({'WOOD 2 DRAWER CABINET WHITE FINISH'}),0.013584552126164577,0.03023994170613647,0.010826003226981731,0.7969348659003831,26.35371700265759,0.010415207162582542,4.775610853107516,0.9753037532064812
"frozenset({'WOODEN PICTURE FRAME WHITE FINISH', 'WOOD 2 DRAWER CABINET WHITE FINISH'})",frozenset({'WOOD S/3 CABINET ANT WHITE FINISH'}),0.014469369697600582,0.03455993337844168,0.010826003226981731,0.7482014388489209,21.649388922596863,0.010325942774204611,3.8341762645827604,0.9678129633767342
"frozenset({'WOOD S/3 CABINET ANT WHITE FINISH', 'WOOD 2 DRAWER CABINET WHITE FINISH'})",frozenset({'WOODEN PICTURE FRAME WHITE FINISH'}),0.018372976630406497,0.04257533961380315,0.010826003226981731,0.5892351274787535,13.839822132334097,0.010043767507225706,2.3308338283884655,0.9451092054816871
frozenset({'WOODEN PICTURE FRAME WHITE FINISH'}),"frozenset({'WOOD S/3 CABINET ANT WHITE FINISH', 'WOOD 2 DRAWER CABINET WHITE FINISH'})",0.04257533961380315,0.018372976630406497,0.010826003226981731,0.254278728606357,13.839822132334097,0.010043767507225706,1.3163457460923402,0.969000250904301
frozenset({'WOOD S/3 CABINET ANT WHITE FINISH'}),"frozenset({'WOODEN PICTURE FRAME WHITE FINISH', 'WOOD 2 DRAWER CABINET WHITE FINISH'})",0.03455993337844168,0.014469369697600582,0.010826003226981731,0.3132530120481927,21.64938892259686,0.010325942774204611,1.4350709178087568,0.9879529064390782
frozenset({'WOOD 2 DRAWER CABINET WHITE FINISH'}),"frozenset({'WOODEN PICTURE FRAME WHITE FINISH', 'WOOD S/3 CABINET ANT WHITE FINISH'})",0.03023994170613647,0.013584552126164577,0.010826003226981731,0.35800344234079173,26.35371700265759,0.010415207162582542,1.5364808986989231,0.9920543543779106
"frozenset({'WOODEN PICTURE FRAME WHITE FINISH', 'WOODEN FRAME ANTIQUE WHITE '})",frozenset({'WOOD 2 DRAWER CABINET WHITE FINISH'}),0.028834643210326343,0.03023994170613647,0.012075157445479623,0.41877256317689526,13.848325742371236,0.01120319951568211,1.6684691686173925,0.9553358737856004
"frozenset({'WOODEN PICTURE FRAME WHITE FINISH', 'WOOD 2 DRAWER CABINET WHITE FINISH'})",frozenset({'WOODEN FRAME ANTIQUE WHITE '}),0.014469369697600582,0.05251652526934888,0.012075157445479623,0.8345323741007195,15.890852828143828,0.011315276426124031,5.726095782067849,0.9508286060297024
"frozenset({'WOODEN FRAME ANTIQUE WHITE ', 'WOOD 2 DRAWER CABINET WHITE FINISH'})",frozenset({'WOODEN PICTURE FRAME WHITE FINISH'}),0.015458283453911413,0.04257533961380315,0.012075157445479623,0.7811447811447811,18.3473529097001,0.01141701577758291,4.3746942174569305,0.960341455144705
frozenset({'WOODEN PICTURE FRAME WHITE FINISH'}),"frozenset({'WOODEN FRAME ANTIQUE WHITE ', 'WOOD 2 DRAWER CABINET WHITE FINISH'})",0.04257533961380315,0.015458283453911413,0.012075157445479623,0.2836185819070905,18.3473529097001,0.01141701577758291,1.3743261504005126,0.9875411234312172
frozenset({'WOODEN FRAME ANTIQUE WHITE '}),"frozenset({'WOODEN PICTURE FRAME WHITE FINISH', 'WOOD 2 DRAWER CABINET WHITE FINISH'})",0.05251652526934888,0.014469369697600582,0.012075157445479623,0.22993062438057482,15.890852828143828,0.011315276426124031,1.279794602284583,0.9890100887262367
frozenset({'WOOD 2 DRAWER CABINET WHITE FINISH'}),"frozenset({'WOODEN PICTURE FRAME WHITE FINISH', 'WOODEN FRAME ANTIQUE WHITE '})",0.03023994170613647,0.028834643210326343,0.012075157445479623,0.3993115318416523,13.848325742371237,0.01120319951568211,1.616753788810316,0.9567202699101285
"frozenset({'WOODEN PICTURE FRAME WHITE FINISH', 'WOODEN FRAME ANTIQUE WHITE '})",frozenset({'WOOD S/3 CABINET ANT WHITE FINISH'}),0.028834643210326343,0.03455993337844168,0.011658772705980326,0.4043321299638989,11.699447609934321,0.010662249357640312,1.6207690815404343,0.9416788527941323
"frozenset({'WOODEN PICTURE FRAME WHITE FINISH', 'WOOD S/3 CABINET ANT WHITE FINISH'})",frozenset({'WOODEN FRAME ANTIQUE WHITE '}),0.013584552126164577,0.05251652526934888,0.011658772705980326,0.8582375478927202,16.342237866861083,0.010945359230973816,6.683599646072967,0.9517378018904902
"frozenset({'WOODEN FRAME ANTIQUE WHITE ', 'WOOD S/3 CABINET ANT WHITE FINISH'})",frozenset({'WOODEN PICTURE FRAME WHITE FINISH'}),0.01634310102534742,0.04257533961380315,0.011658772705980326,0.7133757961783439,16.75561023468768,0.010962959629483465,3.3403482595696197,0.9559415464159101
frozenset({'WOODEN PICTURE FRAME WHITE FINISH'}),"frozenset({'WOODEN FRAME ANTIQUE WHITE ', 'WOOD S/3 CABINET ANT WHITE FINISH'})",0.04257533961380315,0.01634310102534742,0.011658772705980326,0.273838630806846,16.755610234687683,0.010962959629483465,1.3545982211469123,0.9821331495359764
frozenset({'WOODEN FRAME ANTIQUE WHITE '}),"frozenset({'WOODEN PICTURE FRAME WHITE FINISH', 'WOOD S/3 CABINET ANT WHITE FINISH'})",0.05251652526934888,0.013584552126164577,0.011658772705980326,0.222001982160555,16.342237866861083,0.010945359230973816,1.2678894100696814,0.9908445847851336
frozenset({'WOOD S/3 CABINET ANT WHITE FINISH'}),"frozenset({'WOODEN PICTURE FRAME WHITE FINISH', 'WOODEN FRAME ANTIQUE WHITE '})",0.03455993337844168,0.028834643210326343,0.011658772705980326,0.3373493975903614,11.699447609934321,0.010662249357640312,1.4655768111553256,0.9472632332894342
