Description,Frequency
WHITE HANGING HEART T-LIGHT HOLDER,3107
REGENCY CAKESTAND 3 TIER,1695
STRAWBERRY CERAMIC TRINKET BOX,1372
ASSORTED COLOUR BIRD ORNAMENT,1355
HOME BUILDING BLOCK WORD,1192
PACK OF 72 RETRO SPOT CAKE CASES,1183
60 TEATIME FAIRY CAKE CASES,1169
REX CASH+CARRY JUMBO SHOPPER,1099
JUMBO BAG RED RETROSPOT,1075
LUNCH BAG RED SPOTTY,1069
HEART OF WICKER LARGE,1027
WOODEN FRAME ANTIQUE WHITE ,1021
RED HANGING HEART T-LIGHT HOLDER,1013
LUNCH BAG  BLACK SKULL.,996
JUMBO STORAGE BAG SUKI,974
LUNCH BAG SUKI  DESIGN ,970
LOVE BUILDING BLOCK WORD,965
PACK OF 60 PINK PAISLEY CAKE CASES,946
JUMBO SHOPPER VINTAGE RED PAISLEY,930
LUNCH BAG SPACEBOY DESIGN ,920
HEART OF WICKER SMALL,900
BAKING SET 9 PIECE RETROSPOT ,895
JUMBO BAG STRAWBERRY,885
SCOTTIE DOG HOT WATER BOTTLE,876
LUNCH BAG CARS BLUE,864
HOT WATER BOTTLE TEA AND SYMPATHY,852
SWEETHEART CERAMIC TRINKET BOX,833
WOODEN PICTURE FRAME WHITE FINISH,827
JUMBO  BAG BAROQUE BLACK WHITE,826
PAPER CHAIN KIT 50'S CHRISTMAS ,819
CHOCOLATE HOT WATER BOTTLE,811
ZINC METAL HEART DECORATION,806
LUNCH BAG WOODLAND,801
VINTAGE SNAP CARDS,801
SET/5 RED SPOTTY LID GLASS BOWLS,798
SET/20 RED SPOTTY PAPER NAPKINS ,790
FELTCRAFT 6 FLOWER FRIENDS,771
GIN + TONIC DIET METAL SIGN,757
HANGING HEART ZINC T-LIGHT HOLDER,750
VINTAGE UNION JACK BUNTING,747
LUNCH BAG PINK RETROSPOT,744
PLEASE ONE PERSON METAL SIGN,743
HAND OVER THE CHOCOLATE   SIGN ,740
POSTAGE,738
PINK CREAM FELT CRAFT TRINKET BOX ,723
PARTY BUNTING,721
RED WOOLLY HOTTIE WHITE HEART.,720
JUMBO BAG PINK WITH WHITE SPOTS,719
72 SWEETHEART FAIRY CAKE CASES,719
NATURAL SLATE HEART CHALKBOARD ,707
PACK OF 6 BIRDY GIFT TAGS,698
RETRO SPOT TEA SET CERAMIC 11 PC ,697
SMALL POPCORN HOLDER,696
CREAM HEART CARD HOLDER,696
PACK OF 72 SKULL CAKE CASES,687
ANTIQUE SILVER TEA GLASS ETCHED,683
6 RIBBONS RUSTIC CHARM,679
WOOD S/3 CABINET ANT WHITE FINISH,674
VICTORIAN GLASS HANGING T-LIGHT,660
JUMBO BAG SCANDINAVIAN PAISLEY,650
COOK WITH WINE METAL SIGN ,648
FELTCRAFT BUTTERFLY HEARTS,646
JUMBO BAG PINK VINTAGE PAISLEY,645
DOOR MAT UNION FLAG,638
RECYCLING BAG RETROSPOT ,626
PACK OF 60 DINOSAUR CAKE CASES,623
PLASTERS IN TIN CIRCUS PARADE ,618
PLASTERS IN TIN SPACEBOY,618
PAPER BUNTING RETRO SPOTS,615
PAPER CHAIN KIT VINTAGE CHRISTMAS,611
VINTAGE HEADS AND TAILS CARD GAME ,604
NO SINGING METAL SIGN,603
RED RETROSPOT CAKE STAND,600
GRAND CHOCOLATECANDLE,596
COLOUR GLASS T-LIGHT HOLDER HANGING,593
RED SPOTTY CHARLOTTE BAG,588
WOOD 2 DRAWER CABINET WHITE FINISH,587
HAND WARMER OWL DESIGN,584
PINK BLUE FELT CRAFT TRINKET BOX,581
ROUND SNACK BOXES SET OF4 WOODLAND ,580
RED GINGHAM ROSE JEWELLERY BOX,577
HAND WARMER SCOTTY DOG DESIGN,571
BATHROOM METAL SIGN,567
PLASTERS IN TIN VINTAGE PAISLEY ,560
JUMBO STORAGE BAG SKULLS,558
RED TOADSTOOL LED NIGHT LIGHT,554
ROUND SNACK BOXES SET OF 4 FRUITS ,550
HAND WARMER BIRD DESIGN,546
LADIES & GENTLEMEN METAL SIGN,546
WOODLAND CHARLOTTE BAG,544
PLASTERS IN TIN WOODLAND ANIMALS,541
JUMBO BAG OWLS,532
HANGING HEART JAR T-LIGHT HOLDER,532
PACK OF 60 SPACEBOY CAKE CASES,527
EDWARDIAN PARASOL BLACK,523
CREAM CUPID HEARTS COAT HANGER,519
RIBBON REEL STRIPES DESIGN ,518
JUMBO BAG SPACEBOY DESIGN,511
HANGING JAM JAR T-LIGHT HOLDER,510
STRAWBERRY CHARLOTTE BAG,509
SINGLE HEART ZINC T-LIGHT HOLDER,503
POTTING SHED TEA MUG,503
KNITTED UNION FLAG HOT WATER BOTTLE,502
HEART FILIGREE DOVE  SMALL,501
PLASTERS IN TIN SKULLS,500
FAWN BLUE HOT WATER BOTTLE,500
POTTERING IN THE SHED METAL SIGN,498
EDWARDIAN PARASOL NATURAL,497
HEART IVORY TRELLIS LARGE,495
PAPER CHAIN KIT RETRO SPOT,494
PACK 20 ENGLISH ROSE PAPER NAPKINS,492
RECIPE BOX PANTRY YELLOW DESIGN,487
BAKING SET SPACEBOY DESIGN,477
JUMBO BAG RED WHITE SPOTTY ,471
WOOD BLACK BOARD ANT WHITE FINISH,469
VINTAGE UNION JACK CUSHION COVER,469
IVORY KITCHEN SCALES,468
TEA TIME CAKE STAND IN GIFT BOX,466
WOODEN SCHOOL COLOURING SET,466
RED 3 PIECE MINI DOTS CUTLERY SET,466
WORLD WAR 2 GLIDERS ASSTD DESIGNS,462
PINK HAPPY BIRTHDAY BUNTING,461
HAND WARMER UNION JACK,458
RETRO SPOT LARGE MILK JUG,458
COLOUR GLASS. STAR T-LIGHT HOLDER,458
HOT BATHS METAL SIGN,457
SET OF 20 VINTAGE CHRISTMAS NAPKINS,456
HEART IVORY TRELLIS SMALL,456
PACK OF 60 MUSHROOM CAKE CASES,454
WICKER STAR ,454
GARDENERS KNEELING PAD,453
GREY HEART HOT WATER BOTTLE,453
BLUE 3 PIECE MINI DOTS CUTLERY SET,450
SET OF 72 RETRO SPOT PAPER  DOILIES,450
FELTCRAFT DOLL ROSIE,450
WOODEN BOX OF DOMINOES,449
PARTY METAL SIGN ,448
SET OF 3 HEART COOKIE CUTTERS,447
CERAMIC STRAWBERRY CAKE MONEY BANK,445
BEWARE OF THE CAT METAL SIGN ,444
CHOCOLATE THIS WAY METAL SIGN,443
TOILET METAL SIGN,441
JUMBO BAG WOODLAND ANIMALS,440
LOVEBIRD HANGING DECORATION WHITE ,438
HEART FILIGREE DOVE LARGE,437
WHITE WOOD GARDEN PLANT LADDER,435
12 PENCILS SMALL TUBE SKULL,434
CHILLI LIGHTS,434
PLASTERS IN TIN STRONGMAN,433
JUMBO BAG TOYS ,432
SPACEBOY LUNCH BOX ,432
3 HEARTS HANGING DECORATION RUSTIC,428
SPACEBOY BIRTHDAY CARD,428
CHICK GREY HOT WATER BOTTLE,428
METAL SIGN TAKE IT OR LEAVE IT ,427
PAPER BUNTING WHITE LACE,427
FELTCRAFT DOLL MOLLY,427
WHITE SKULL HOT WATER BOTTLE ,427
PINK 3 PIECE MINI DOTS CUTLERY SET,424
FELTCRAFT CUSHION BUTTERFLY,423
DOOR MAT NEW ENGLAND,423
I CAN ONLY PLEASE ONE PERSON MUG,421
Manual,420
RED SPOTTY ROUND CAKE TINS,418
RED SPOT HEART HOT WATER BOTTLE,416
RED RETROSPOT SMALL MILK JUG,414
TOY TIDY PINK RETROSPOT  ,413
"KEY FOB , SHED",412
MEMO BOARD COTTAGE DESIGN,412
CLOTHES PEGS RETROSPOT PACK 24 ,411
SET OF 36 TEATIME PAPER DOILIES,410
DOLLY GIRL LUNCH BOX,410
TEA TIME TEA TOWELS ,409
HAND WARMER RED RETROSPOT,408
PACK OF 12 HEARTS DESIGN TISSUES ,402
MEMO BOARD RETROSPOT  DESIGN,399
RED SPOTTY SHOPPER BAG,399
RED RETROSPOT TRADITIONAL TEAPOT ,399
METAL 4 HOOK HANGER FRENCH CHATEAU,398
HOME SWEET HOME METAL SIGN ,393
DOORMAT HEARTS,392
RED SPOTTY BISCUIT TIN,391
STRAWBERRY LUNCH BOX WITH CUTLERY,390
TEA TIME OVEN GLOVE,390
FELTCRAFT CUSHION OWL,390
LARGE POPCORN HOLDER ,389
FELTCRAFT CUSHION RABBIT,388
CHARLOTTE BAG SUKI DESIGN,388
BOX OF 24 COCKTAIL PARASOLS,387
60 CAKE CASES VINTAGE CHRISTMAS,386
ASSORTED COLOUR MINI CASES,386
GUMBALL COAT RACK,386
ASSTD DESIGN BUBBLE GUM RING,385
SILVER HANGING T-LIGHT HOLDER,385
SMALL GLASS HEART TRINKET POT,384
HANGING METAL HEART LANTERN,383
WHITE METAL LANTERN,383
SET/6 RED SPOTTY PAPER PLATES,383
SCANDINAVIAN REDS RIBBONS,382
I'M ON HOLIDAY METAL SIGN,381
PLACE SETTING WHITE HEART,381
TEA PARTY BIRTHDAY CARD,381
DOORMAT UNION FLAG,380
PAINTED METAL PEARS ASSORTED,378
CREAM SWEETHEART MINI CHEST,377
PINK HEART SHAPE EGG FRYING PAN,375
WASHROOM METAL SIGN,375
SWALLOWS GREETING CARD,373
RED/WHITE DOTS RUFFLED UMBRELLA,373
PACK OF 6 PANNETONE GIFT BOXES,371
HOME SWEET HOME MUG,371
FOUR HOOK  WHITE LOVEBIRDS,370
PACK OF 72 RETROSPOT CAKE CASES,370
DOOR MAT RED SPOT,369
SET/10 PINK SPOTTY PARTY CANDLES,368
EDWARDIAN PARASOL RED,368
RED SPOTTY CUP,365
BINGO SET,364
FELTCRAFT DOLL EMILY,364
"KEY FOB , BACK DOOR ",363
TOY TIDY SPACEBOY  ,361
RED SPOTS  WRAP ,361
VINTAGE SNAKES & LADDERS,360
DOORSTOP RETROSPOT HEART,359
TRADITIONAL WOODEN SKIPPING ROPE,356
SAVE THE PLANET MUG,355
TRAVEL SEWING KIT,355
SET/10 RED SPOTTY PARTY CANDLES,354
RED KITCHEN SCALES,354
MINI CAKE STAND  HANGING STRAWBERY,353
PINK FAIRY CAKE CHILD'S APRON,353
TEA TIME PARTY BUNTING,353
NATURAL SLATE RECTANGLE CHALKBOARD,352
SWEETHEART KEY CABINET,352
SET/6 RED SPOTTY PAPER CUPS,351
PICNIC BASKET WICKER SMALL,351
LAVENDER SCENTED FABRIC HEART,350
3 STRIPEY MICE FELTCRAFT,349
WOODEN ROUNDERS GARDEN SET ,348
RED  HARMONICA IN BOX ,348
SET/20 STRAWBERRY PAPER NAPKINS ,347
TRADITIONAL MODELLING CLAY,347
RED SPOTTY BOWL,346
SMALL HEART MEASURING SPOONS,344
HOT WATER BOTTLE I AM SO POORLY,344
TEA BAG PLATE RED SPOTTY ,342
WOODEN UNION JACK BUNTING,342
AREA PATROLLED METAL SIGN,342
GLITTER BUTTERFLY CLIPS,341
PAPER CHAIN KIT EMPIRE,340
FOOD CONTAINER SET 3 LOVE HEART ,339
RETRO RED SPOTTY WASHING UP GLOVES,339
SET OF 3 NOTEBOOKS IN PARCEL,339
BLACK HEART CARD HOLDER,337
KITCHEN METAL SIGN,337
TRADITIONAL WOODEN CATCH CUP GAME ,336
RETROSPOT HEART HOT WATER BOTTLE,335
VICTORIAN SEWING BOX SMALL ,335
LUNCH BOX WITH CUTLERY RETROSPOT ,334
CERAMIC HEART FAIRY CAKE MONEY BANK,334
GINGHAM HEART  DOORSTOP RED,332
SET OF 36 PAISLEY FLOWER DOILIES,331
TRADITIONAL CHRISTMAS RIBBONS,331
SET/2 RED SPOTTY TEA TOWELS ,330
RETROSPOT TEA SET CERAMIC 11 PC ,330
WOODEN BOX ADVENT CALENDAR ,330
WHITE SPOT RED CERAMIC DRAWER KNOB,330
SET OF 3 BUTTERFLY COOKIE CUTTERS,328
PINK DOUGHNUT TRINKET POT ,328
SET 7 BABUSHKA NESTING BOXES,327
RIBBON REEL HEARTS DESIGN ,324
BLUE HARMONICA IN BOX ,324
RED RETROSPOT PICNIC BAG,323
ROUND SNACK BOXES SET OF 4 SKULLS,323
SET OF 72 PINK HEART PAPER DOILIES,322
ENGLISH ROSE DESIGN PEG BAG,321
"KEY FOB , GARAGE DESIGN",321
LARGE CAKE STAND  HANGING STRAWBERY,320
12 PENCILS SMALL TUBE RED SPOTTY,320
FILIGRIS HEART WITH BUTTERFLY,320
WOODEN HAPPY BIRTHDAY GARLAND,319
SET 12 KIDS COLOUR  CHALK STICKS,319
PAPER BUNTING COLOURED LACE,319
DOOR MAT FAIRY CAKE,319
VINTAGE CREAM 3 BASKET CAKE STAND,317
PICTURE DOMINOES,316
ASSORTED COLOURS SILK FAN,316
ALARM CLOCK BAKELIKE RED ,315
LARGE HEART MEASURING SPOONS,315
SET/10 BLUE SPOTTY PARTY CANDLES,314
RECIPE BOX WITH METAL HEART,313
IVORY HANGING DECORATION  HEART,313
WOODEN CROQUET GARDEN SET,312
4 TRADITIONAL SPINNING TOPS,312
"FANCY FONT BIRTHDAY CARD, ",311
VINTAGE UNION JACK MEMOBOARD,310
FIRST AID TIN,308
LUSH GREENS RIBBONS,308
SET 12 RETRO WHITE CHALK STICKS,307
PINK FAIRY CAKE CHILDRENS APRON,307
POPPY'S PLAYHOUSE KITCHEN,306
RED WHITE SCARF  HOT WATER BOTTLE,306
PACK OF 12 TRADITIONAL CRAYONS,306
LAUNDRY 15C METAL SIGN,306
MINI PAINT SET VINTAGE ,306
ANTIQUE SILVER TEA GLASS ENGRAVED,305
CAKE STAND 3 TIER MAGIC GARDEN,305
SET/3 RUSSIAN DOLL STACKING TINS,304
GROW YOUR OWN PLANT IN A CAN ,303
BLUE STRIPE CERAMIC DRAWER KNOB,302
BLUE SPOT CERAMIC DRAWER KNOB,302
YOU'RE CONFUSING ME METAL SIGN ,301
CHRISTMAS GINGHAM HEART,301
BOX OF VINTAGE ALPHABET BLOCKS,301
COWBOYS AND INDIANS BIRTHDAY CARD ,301
ALARM CLOCK BAKELIKE GREEN,300
STRAWBERRY   PICNIC BAG,300
MULTI COLOUR SILVER T-LIGHT HOLDER,300
COFFEE MUG CAT + BIRD DESIGN,300
BLUE  SPOTTY CUP,299
PINK  SPOTTY CUP,299
WHITE SPOT BLUE CERAMIC DRAWER KNOB,298
ROSES REGENCY TEACUP AND SAUCER ,298
LUNCH BOX I LOVE LONDON,298
NATURAL SLATE CHALKBOARD LARGE ,298
GLASS HONEYPOT WASP CATCHER,298
CERAMIC CAKE DESIGN SPOTTED MUG,298
RED SPOT CERAMIC DRAWER KNOB,297
CERAMIC CHERRY CAKE MONEY BANK,295
BOX OF VINTAGE JIGSAW BLOCKS ,295
RETRO SPOT CAKE STAND,295
CHILDS BREAKFAST SET CIRCUS PARADE,294
RED SPOTTY PEG BAG,294
NOEL WOODEN BLOCK LETTERS ,293
FAMILY ALBUM WHITE PICTURE FRAME,293
BATH BUILDING BLOCK WORD,292
PARTY CONE CHRISTMAS DECORATION ,291
RECIPE BOX BLUE SKETCHBOOK DESIGN,291
DOOR MAT ENGLISH ROSE ,291
PICTURE FRAME WOOD TRIPLE PORTRAIT,291
PINK FLORAL FELTCRAFT SHOULDER BAG,291
WOODEN HEART CHRISTMAS SCANDINAVIAN,291
CHILDS APRON SPACEBOY DESIGN,291
LUNCH BAG DOLLY GIRL DESIGN,290
12 PENCILS TALL TUBE SKULLS,289
KINGS CHOICE CIGAR BOX MATCHES ,289
RED STRIPE CERAMIC DRAWER KNOB,289
CHILDS BREAKFAST SET DOLLY GIRL ,288
CACTI T-LIGHT CANDLES,286
BLUE HAPPY BIRTHDAY BUNTING,286
BLACK/BLUE DOTS RUFFLED UMBRELLA,285
WEEKEND BAG VINTAGE ROSE PAISLEY,285
ANTIQUE LILY FAIRY LIGHTS,285
CHARLIE + LOLA RED HOT WATER BOTTLE,284
KINGS CHOICE TEA CADDY ,284
PACK OF 12 SUKI TISSUES ,283
COFFEE MUG DOG + BALL DESIGN,283
FELTCRAFT CHRISTMAS FAIRY,283
MAGIC DRAWING SLATE SPACEBOY ,282
DOOR MAT HEARTS,282
CHILDRENS APRON SPACEBOY DESIGN,281
HOT WATER BOTTLE BABUSHKA ,281
WHITE DOVE HONEYCOMB PAPER GARLAND,280
SET/6 PINK  BUTTERFLY T-LIGHTS,280
BRIGHT BLUES RIBBONS ,280
FANNY'S REST STOPMETAL SIGN,280
AGED GLASS SILVER T-LIGHT HOLDER,279
CHRISTMAS TOILET ROLL,279
RED RETROSPOT SUGAR JAM BOWL,279
PACK OF 12 LONDON TISSUES ,278
STRAWBERRY SHOPPER BAG,278
HEART DECORATION WITH PEARLS ,278
SET OF 6 RIBBONS VINTAGE CHRISTMAS,278
BAG 250g SWIRLY MARBLES,277
RED FLORAL FELTCRAFT SHOULDER BAG,277
CHILDS BREAKFAST SET SPACEBOY ,276
POPPY'S PLAYHOUSE BEDROOM ,275
CARD HOLDER GINGHAM HEART,275
COLOURING PENCILS BROWN TUBE,275
"ELEPHANT, BIRTHDAY CARD, ",275
SET/3 RED GINGHAM ROSE STORAGE BOX,275
SET/5 RED RETROSPOT LID GLASS BOWLS,274
ENAMEL FLOWER JUG CREAM,274
VINTAGE UNION JACK DOORSTOP,273
RED SPOTTY CHILDS APRON,273
AIRLINE BAG VINTAGE TOKYO 78,271
GIN AND TONIC MUG,271
ROUND CONTAINER SET OF 5 RETROSPOT,270
PINK SPOTTY BOWL,270
PACK OF 20 SKULL PAPER NAPKINS,270
CERAMIC CAKE STAND + HANGING CAKES,270
ZINC WILLIE WINKIE  CANDLE STICK,269
WHITE WIRE EGG HOLDER,268
VINTAGE KID DOLLY CARD ,268
GREEN REGENCY TEACUP AND SAUCER,266
FUNKY WASHING UP GLOVES ASSORTED,266
CORONA MEXICAN TRAY,266
LUNCH BAG RED RETROSPOT,266
"KEY FOB , FRONT  DOOR ",266
ROMANTIC PINKS RIBBONS ,265
MINT KITCHEN SCALES,265
GAOLERS KEYS DECORATIVE GARDEN ,264
INFLATABLE POLITICAL GLOBE ,263
SKULLS  WATER TRANSFER TATTOOS ,263
12 PENCIL SMALL TUBE WOODLAND,262
RETRO COFFEE MUGS ASSORTED,262
"CHARLOTTE BAG , PINK/WHITE SPOTS",262
20 DOLLY PEGS RETROSPOT,262
STRAWBERRY FAIRY CAKE TEAPOT,259
BLUE SPOTTY BOWL,259
WOODEN STAR CHRISTMAS SCANDINAVIAN,257
DOOR MAT SPOTTY HOME SWEET HOME,257
ENCHANTED BIRD COATHANGER 5 HOOK,256
VICTORIAN SEWING BOX LARGE,256
SLATE TILE NATURAL HANGING,256
FANCY FONTS BIRTHDAY WRAP,256
RED SPOTTY OVEN GLOVE ,255
SUKI  SHOULDER BAG,255
FOLKART ZINC HEART CHRISTMAS DEC,255
S/6 WOODEN SKITTLES IN COTTON BAG,255
RETROSPOT CHILDRENS APRON,255
ROTATING SILVER ANGELS T-LIGHT HLDR,255
WRAP PINK FAIRY CAKES ,254
PACK 3 BOXES CHRISTMAS PANNETONE,254
SET OF 6 SOLDIER SKITTLES,254
PIGGY BANK RETROSPOT ,254
COSY HOUR GIANT TUBE MATCHES,253
GLITTER HANGING BUTTERFLY STRING,253
HOME SMALL WOOD LETTERS,252
CHARLIE+LOLA PINK HOT WATER BOTTLE,252
RETRO SPOT SMALL MILK JUG,252
MINI WOODEN HAPPY BIRTHDAY GARLAND,251
COFFEE MUG APPLES DESIGN,251
GIN & TONIC DIET GREETING CARD ,251
RED/WHITE DOT MINI CASES,251
10 COLOUR SPACEBOY PEN,250
RIBBON REEL LACE DESIGN ,250
PAPER BUNTING VINTAGE PAISLEY,250
HAND WARMER BABUSHKA DESIGN,249
3 HOOK PHOTO SHELF ANTIQUE WHITE,249
SET OF 9 HEART SHAPED BALLOONS,249
BIG DOUGHNUT FRIDGE MAGNETS,248
HAPPY STENCIL CRAFT,248
RED SPOTTY PLATE ,247
CHRISTMAS RETROSPOT HEART WOOD,247
FELTCRAFT PRINCESS CHARLOTTE DOLL,246
DOOR MAT 3 SMILEY CATS,246
HANGING METAL STAR LANTERN,246
RIBBON REEL SPOTS DESIGN ,246
CHARLOTTE BAG PINK WITH WHITE SPOTS,246
PICNIC BASKET WICKER LARGE,246
WASH BAG VINTAGE ROSE PAISLEY,246
FELTCRAFT PRINCESS LOLA DOLL,245
RED RETROSPOT BUTTER DISH,245
CHOCOLATE BOX RIBBONS ,244
ENAMEL BREAD BIN CREAM,244
BROWN CHECK CAT DOORSTOP ,244
FELTCRAFT DOLL MARIA,243
MOROCCAN TEA GLASS,243
FULL ENGLISH BREAKFAST PLATE,242
MA CAMPAGNE CUTLERY BOX,242
DOORMAT SPOTTY HOME SWEET HOME,242
METAL MERRY CHRISTMAS WREATH,241
"SET 3 RED SPOT TIN TEA,COFFEE,SUGAR",241
GARDEN METAL SIGN ,240
SPACEBOY GIFT WRAP,240
GROW YOUR OWN BASIL IN ENAMEL MUG,239
OPEN CLOSED METAL SIGN,239
BLACK RECORD COVER FRAME,238
SET OF 20 KIDS COOKIE CUTTERS,236
RECIPE BOX RETROSPOT ,236
CHILDS GARDEN TROWEL PINK,236
15CM CHRISTMAS GLASS BALL 20 LIGHTS,236
DELUXE SEWING KIT ,235
ORGANISER WOOD ANTIQUE WHITE ,235
KINGS CHOICE BISCUIT TIN,235
SKULL LUNCH BOX WITH CUTLERY ,235
POPPY'S PLAYHOUSE LIVINGROOM ,234
"CHARLOTTE BAG , SUKI DESIGN",234
CAKE STAND WHITE TWO TIER LACE,234
BABUSHKA LIGHTS STRING OF 10,234
SET 10 LIGHTS NIGHT OWL,234
COSY HOUR CIGAR BOX MATCHES ,233
CREAM SWEETHEART TRAYS,232
ROSE CARAVAN DOORSTOP,232
36 PENCILS TUBE SKULLS,231
VINTAGE BILLBOARD DRINK ME MUG,231
GLASS  BEURRE DISH,231
WHITE JEWELLED HEART DECORATION,231
EMPIRE BIRTHDAY CARD,230
SET OF 3 CASES WOODLAND DESIGN,229
PINK CHERRY LIGHTS,229
DOOR MAT WELCOME PUPPIES,229
ADVENT CALENDAR GINGHAM SACK,229
PINK SPOTS  WRAP ,229
VICTORIAN  METAL POSTCARD SPRING,229
12 PENCILS TALL TUBE WOODLAND,229
GREEN 3 PIECE MINI DOTS CUTLERY SET,228
CREAM SWEETHEART LETTER RACK,227
HEART DECORATION PAINTED ZINC ,227
CHILDS GARDEN TROWEL BLUE ,227
WATERING CAN BLUE ELEPHANT,227
GREEN GINGHAM FLOWER JEWELLERY BOX,226
PACK OF 12 RED SPOTTY TISSUES ,226
CAMOUFLAGE LED TORCH,225
ENAMEL MEASURING JUG CREAM,225
FAIRY CAKE FLANNEL ASSORTED COLOUR,225
"HOOK, 1 HANGER ,MAGIC GARDEN",225
36 PENCILS TUBE WOODLAND,224
SET OF THREE VINTAGE GIFT WRAPS,224
ROBOT BIRTHDAY CARD,224
SET/6 TURQUOISE BUTTERFLY T-LIGHTS,224
SAVE THE PLANET COTTON TOTE BAG,223
ROCKING HORSE RED CHRISTMAS ,223
PACK OF 6 HANDBAG GIFT BOXES,223
BAG 125g SWIRLY MARBLES,223
PHARMACIE FIRST AID TIN,223
RETRO SPOT TRADITIONAL TEAPOT ,223
CERAMIC CAKE BOWL + HANGING CAKES,223
SMALL HEART FLOWERS HOOK ,222
GREY FLORAL FELTCRAFT SHOULDER BAG,222
CIRCUS PARADE LUNCH BOX ,222
KINGS CHOICE MUG,221
TRADITIONAL KNITTING NANCY,220
RETRO SPORT PARTY BAG + STICKER SET,219
SMALL PURPLE BABUSHKA NOTEBOOK ,218
HEADS AND TAILS SPORTING FUN,218
BABY BOOM RIBBONS ,217
DINOSAURS  WRITING SET ,216
 WHITE CHERRY LIGHTS,216
JUMBO BAG DOLLY GIRL DESIGN,216
VICTORIAN SEWING BOX MEDIUM,216
FRYING PAN UNION FLAG,215
TOADSTOOL MONEY BOX,215
RED SPOTTY CHILDS UMBRELLA,214
RIBBON REEL CHRISTMAS PRESENT ,214
PACK OF 12 SKULL TISSUES,214
PACK OF 12 WOODLAND TISSUES ,214
ZINC FOLKART SLEIGH BELLS,214
DOORMAT RED RETROSPOT,214
POTTERING MUG,213
POLYESTER FILLER PAD 45x45cm,213
WOODLAND PARTY BAG + STICKER SET,213
TEA TIME KITCHEN APRON,213
CHRISTMAS RETROSPOT STAR WOOD,213
COOKING SET RETROSPOT,212
SKULLS PARTY BAG + STICKER SET,212
DOORMAT NEW ENGLAND,212
PACK OF 6 SKULL PAPER PLATES,211
"HOOK, 5 HANGER , MAGIC TOADSTOOL",211
SANDWICH BATH SPONGE,210
FAIRY CAKE BIRTHDAY CANDLE SET,210
12 PENCILS TALL TUBE RED SPOTTY,210
WOODEN SKITTLES GARDEN SET,209
LADYBIRD + BEE RAFFIA FOOD COVER,208
FIVE HEART HANGING DECORATION,208
RED RETROSPOT STORAGE JAR,208
ANT WHITE WIRE HEART SPIRAL,207
GREEN SPOTTY CUP,206
MOUSE TOY WITH PINK T-SHIRT,206
ENGLISH ROSE NOTEBOOK A7 SIZE,206
SKULL SHOULDER BAG,206
JUMBO BAG PINK POLKADOT,205
BALLOONS  WRITING SET ,205
PACK OF 6 SKULL PAPER CUPS,205
PINK  SPOTTY PLATE ,205
CITRONELLA CANDLE FLOWERPOT,205
36 PENCILS TUBE RED SPOTTY,204
MAGIC DRAWING SLATE DOLLY GIRL ,204
PACK OF 12 PINK PAISLEY TISSUES ,204
CHARLOTTE BAG DOLLY GIRL DESIGN,204
SET 12 KIDS  WHITE CHALK STICKS,204
WOODEN TREE CHRISTMAS SCANDINAVIAN,204
WOODLAND DESIGN  COTTON TOTE BAG,203
LOVE LARGE WOOD LETTERS ,203
WHITE BEADED GARLAND STRING 20LIGHT,203
SET/4 BLUE FLOWER CANDLES IN BOWL,203
PINK PADDED MOBILE,202
RIBBON REEL CHRISTMAS SOCK BAUBLE,202
CHILDS GARDEN FORK PINK,202
STRAWBERRY BATH SPONGE ,201
WOODEN REGATTA BUNTING,201
SET OF 3 COLOURED  FLYING DUCKS,201
UNION JACK FLAG LUGGAGE TAG,200
SKULLS WRITING SET ,200
CANDLEHOLDER PINK HANGING HEART,200
METAL SIGN NEIGHBOURHOOD WITCH ,200
NO JUNK MAIL METAL SIGN,200
CITRONELLA CANDLE GARDEN POT,199
S/4 PINK FLOWER CANDLES IN BOWL,199
WATERING CAN PINK BUNNY,199
FROSTED BOX 9 WHITE T-LIGHT CANDLES,198
MAN FLU METAL SIGN,198
WHITE TISSUE REAM,197
WHITE LOVEBIRD LANTERN,197
TEA TIME DES TEA COSY,197
SET OF 9 BLACK SKULL BALLOONS,196
BLUE SPOTS  WRAP,196
PEACE WOODEN BLOCK LETTERS,196
SMALL RED BABUSHKA NOTEBOOK ,196
LUNCH BOX WITH CUTLERY FAIRY CAKES ,195
SET/20 RED RETROSPOT PAPER NAPKINS ,195
RIBBON REEL SNOWY VILLAGE,195
CHRISTMAS RETROSPOT ANGEL WOOD,195
LUNCHBOX WITH CUTLERY RETROSPOT ,194
RED TEA TOWEL CLASSIC DESIGN,194
DOOR MAT FANCY FONT HOME SWEET HOME,193
WRAP ENGLISH ROSE ,193
DOORMAT FANCY FONT HOME SWEET HOME,193
SET3 BOOK BOX GREEN GINGHAM FLOWER ,193
SKULLS GREETING CARD,193
PINK REGENCY TEACUP AND SAUCER,193
CERAMIC CAKE DESIGN SPOTTED PLATE,193
CHILDRENS GARDEN GLOVES PINK,193
PINK VINTAGE PAISLEY PICNIC BAG,192
BROCADE RING PURSE ,192
AIRLINE BAG VINTAGE JET SET RED,192
DOOR MAT MULTICOLOUR STRIPE,192
CINAMMON SET OF 9 T-LIGHTS,191
JUMBO BAG CHARLIE AND LOLA TOYS,191
DOOR MAT TOPIARY,190
EDWARDIAN PARASOL PINK,190
SLEEPING CAT ERASERS,190
POLYESTER FILLER PAD 40x40cm,190
LUNCH BAG PINK POLKADOT,190
DOORMAT FAIRY CAKE,190
CHILDS GARDEN FORK BLUE ,190
CHRISTMAS RETROSPOT TREE WOOD,189
APPLE BATH SPONGE,189
RETRO SPOT  CIGAR BOX MATCHES ,189
ALARM CLOCK BAKELIKE PINK,189
6 CHOCOLATE LOVE HEART T-LIGHTS,189
RED RETROSPOT CHARLOTTE BAG,188
MAGIC DRAWING SLATE PURDEY,188
WALL TIDY RETROSPOT ,188
CLASSIC WHITE FRAME,187
EMERGENCY FIRST AID TIN ,187
200 RED + WHITE BENDY STRAWS,187
DOORMAT RED SPOT,187
PINK PARTY BAGS,187
BIRD HOUSE HOT WATER BOTTLE,186
SKULLS  STICKERS,186
PACK OF 6 SWEETIE GIFT BOXES,186
FAIRY CAKE DESIGN UMBRELLA,186
MAGIC DRAWING SLATE CIRCUS PARADE  ,185
RED RETROSPOT JUMBO BAG ,184
12 PENCILS SMALL TUBE RED RETROSPOT,184
KINGS CHOICE GIANT TUBE MATCHES,184
CREAM FELT EASTER EGG BASKET,184
CERAMIC BOWL WITH STRAWBERRY DESIGN,184
MONSTERS STENCIL CRAFT,184
BOTTLE BAG RETROSPOT ,184
CHRISTMAS GINGHAM STAR,184
BLUE DINER WALL CLOCK,184
GIRLS VINTAGE TIN SEASIDE BUCKET,184
MILK PAN RED RETROSPOT,183
PENNY FARTHING BIRTHDAY CARD,183
6 EGG HOUSE PAINTED WOOD,183
CAKE STAND LACE WHITE,182
CHRISTMAS PUDDING TRINKET POT ,182
FINE WICKER HEART ,182
CHRISTMAS LIGHTS 10 REINDEER,182
12 MESSAGE CARDS WITH ENVELOPES,181
BLUE  SPOTTY PLATE ,181
 SET 2 TEA TOWELS I LOVE LONDON ,180
EIGHT PIECE DINOSAUR SET,180
SET OF 2 WOODEN MARKET CRATES,180
WOOD STOCKING CHRISTMAS SCANDISPOT,180
FELTCRAFT PRINCESS OLIVIA DOLL,180
SCANDINAVIAN PAISLEY PICNIC BAG,179
TOAST ITS - I LOVE YOU ,179
DINOSAUR LUNCH BOX WITH CUTLERY,179
RED RETROSPOT TEA CUP AND SAUCER ,178
RETRO SPOT LAMP,177
SMALL YELLOW BABUSHKA NOTEBOOK ,177
JOY WOODEN BLOCK LETTERS,177
SET 20 NAPKINS FAIRY CAKES DESIGN ,177
PINK BABY BUNTING,177
HOLIDAY FUN LUDO,177
RED BABY BUNTING ,177
RED SPOTTY APRON ,177
MAGNETS PACK OF 4 SWALLOWS,177
PINK 3 PIECE POLKADOT CUTLERY SET,176
RECIPE BOX RETRO SPOT DESIGN,176
PINK SPOTTY CHILDS UMBRELLA,176
PACK 20 DOLLY PEGS,176
GREEN SPOTTY BOWL,176
SALLE DE BAIN HOOK,176
CREAM SWEETHEART SHELF + HOOKS,175
CHOCOLATE CALCULATOR,175
CREAM SLICE FLANNEL PINK SPOT ,175
JAPANESE CROCHETED ANIMAL,175
ALARM CLOCK BAKELIKE IVORY,175
FAIRY SOAP SOAP HOLDER,175
CERAMIC STRWBERRY DESIGN MUG,175
RED HEART SHAPE LOVE BUCKET ,175
SET OF 12 ROSE BOTANICAL T-LIGHTS,174
BOYS VINTAGE TIN SEASIDE BUCKET,174
RED STAR CARD HOLDER,174
DAIRY MAID LARGE MILK JUG,174
RED GINGHAM TEDDY BEAR ,174
POPPY'S PLAYHOUSE BATHROOM,174
UNION JACK FLAG PASSPORT COVER ,174
CHRISTMAS GINGHAM TREE,174
MAGNETS PACK OF 4 CHILDHOOD MEMORY,173
PAINT YOUR OWN CANVAS SET,173
CHRISTMAS CRAFT HEART STOCKING ,173
CALENDAR PAPER CUT DESIGN,173
CHRISTMAS STAR WISH LIST CHALKBOARD,172
CHILDRENS GARDEN GLOVES BLUE,172
METAL SIGN EMPIRE TEA,172
DINOSAUR KEYRINGS ASSORTED,172
BOX OF 9 PEBBLE CANDLES,172
CAKE STAND LOVEBIRD 2 TIER WHITE,171
RED RETROSPOT MUG,171
GLAMOROUS  MUG,171
"DECORATION, HANGING HEART+MIRROR ",171
GLASS STAR FROSTED T-LIGHT HOLDER,171
MINI CAKE STAND WITH HANGING CAKES,171
SET/20 WOODLAND PAPER NAPKINS ,170
VICTORIAN SEWING KIT,170
SET OF 6 T-LIGHTS SANTA,170
DOOR MAT BLACK FLOCK ,170
PINK HEART DOTS HOT WATER BOTTLE,170
HEART SHAPED MIRROR,169
WATERING CAN GREEN DINOSAUR,169
DOORMAT AIRMAIL ,169
CARDHOLDER HOLLY WREATH METAL,169
PAPER CHAIN KIT RETROSPOT,168
BATHROOM METAL SIGN ,168
PACK OF 12 COLOURED PENCILS,168
RED METAL BEACH SPADE ,168
RAINY LADIES BIRTHDAY CARD,168
FAIRY TALE COTTAGE NIGHTLIGHT,168
HEART WOODEN CHRISTMAS DECORATION,167
SET OF 4 ENGLISH ROSE COASTERS,167
BLUE TEA TOWEL CLASSIC DESIGN,167
S/4 CACTI CANDLES,167
GROW YOUR OWN HERBS SET OF 3,167
RED 3 PIECE RETROSPOT CUTLERY SET,166
OVERNIGHT BAG VINTAGE ROSE PAISLEY,166
TEA TIME TABLE CLOTH,166
SET OF 6 T-LIGHTS SNOWMEN,166
DOOR MAT UNION JACK GUNS AND ROSES,165
60 GOLD AND SILVER FAIRY CAKE CASES,165
BOMBS AWAY METAL SIGN,165
UNION STRIPE WITH FRINGE  HAMMOCK,165
ALARM CLOCK BAKELIKE ORANGE,164
GARLAND WOODEN HAPPY EASTER,164
BLUE PADDED SOFT MOBILE,164
GLASS JAR ENGLISH CONFECTIONERY,164
PINK OWL SOFT TOY,164
RED SPOTTY COIR DOORMAT,164
WOOLLY HAT SOCK GLOVE ADVENT STRING,164
SET 3 WICKER LOG BASKETS,163
COFFEE MUG PEARS  DESIGN,163
BANQUET BIRTHDAY  CARD  ,163
UNION JACK HOT WATER BOTTLE ,162
DOORMAT 3 SMILEY CATS,162
BLUE PARTY BAGS ,162
MINATURE COLOURED GARDENING SET,162
SET OF 2 FANCY FONT TEA TOWELS,161
BALLOON PUMP WITH 10 BALLOONS,161
6 ROCKET BALLOONS ,160
TOAST ITS - DINOSAUR,160
CHRISTMAS METAL TAGS ASSORTED ,160
FLOWER VINE RAFFIA FOOD COVER,160
MAGIC DRAWING SLATE DINOSAUR,160
DINOSAUR PARTY BAG + STICKER SET,160
RIBBON REEL MAKING SNOWMEN ,160
PINK FELT EASTER EGG BASKET,159
ROCKING HORSE GREEN CHRISTMAS ,159
LARGE CAKE TOWEL PINK SPOTS,159
LIGHT PINK CHERRY LIGHTS,159
VANILLA SCENT CANDLE JEWELLED BOX,158
VINTAGE CARAVAN GREETING CARD ,158
"ASSORTED FLOWER COLOUR ""LEIS""",157
PACK OF 12 PINK SPOT TISSUES ,157
ALPHABET STENCIL CRAFT,157
METAL SHELF WITH RAIL ,157
RED LOVE HEART SHAPE CUP,157
STRAWBERRY LUNCHBOX WITH CUTLERY,156
PINK  HEART SHAPE LOVE BUCKET ,156
GREEN CHRISTMAS TREE CARD HOLDER,156
LUNCHBOX WITH CUTLERY FAIRY CAKES ,156
EMPIRE GIFT WRAP,155
PHOTO CUBE,155
SWEETHEART CAKESTAND 3 TIER,155
MIRRORED DISCO BALL ,155
RED FLOWER CROCHET FOOD COVER,154
ENGLISH ROSE HOT WATER BOTTLE,154
60 CAKE CASES DOLLY GIRL DESIGN,154
CHARLIE AND LOLA CHARLOTTE BAG,154
CHRISTMAS LIGHTS 10 VINTAGE BAUBLES,154
CREAM SWEETHEART WALL CABINET,154
PACK 3 BOXES BIRD PANNETONE ,154
STAR WOODEN CHRISTMAS DECORATION,153
PEARL CRYSTAL PUMPKIN T-LIGHT HLDR,153
ORANGE SCENTED SET/9 T-LIGHTS,153
STAR DECORATION RUSTIC,153
CAKE PLATE LOVEBIRD WHITE,153
SET/6 PURPLE BUTTERFLY T-LIGHTS,152
6 RIBBONS ELEGANT CHRISTMAS ,152
WELCOME  WOODEN BLOCK LETTERS,152
VINTAGE BILLBOARD LOVE/HATE MUG,151
SET OF 2 TINS VINTAGE BATHROOM ,151
SMALL DOLLY MIX DESIGN ORANGE BOWL,151
"METAL SIGN,CUPCAKE SINGLE HOOK",151
PORCELAIN BUTTERFLY OIL BURNER,151
RED DINER WALL CLOCK,151
PLEASE ONE PERSON  METAL SIGN,151
TEA TIME MUG IN GIFT BOX,150
PACK OF 20 NAPKINS PANTRY DESIGN,150
CREAM SWEETHEART MAGAZINE RACK,150
RETRO SPOTS BUTTER DISH,150
SMALL RED RETROSPOT WINDMILL,149
VINTAGE UNION JACK SHOPPING BAG,149
DOOR MAT FRIENDSHIP ,149
DINOSAURS WATER TRANSFER TATTOOS ,149
FAIRY CAKES NOTEBOOK A6 SIZE,149
ASSORTED CREEPY CRAWLIES,149
CHILDS GARDEN BRUSH BLUE,148
BLUE 3 PIECE POLKADOT CUTLERY SET,148
ENAMEL WATERING CAN CREAM,148
BLUE FELT EASTER EGG BASKET,148
FRENCH BATHROOM SIGN BLUE METAL,147
CARDHOLDER GINGHAM STAR,147
PACK OF 12 BLUE PAISLEY TISSUES ,147
SET OF 6 GIRLS CELEBRATION CANDLES,147
CHRISTMAS CRAFT LITTLE FRIENDS,147
LOVE HEART NAPKIN BOX ,147
MAGIC DRAWING SLATE BUNNIES ,147
WOODLAND WATER TRANSFER TATTOOS ,146
12 IVORY ROSE PEG PLACE SETTINGS,145
DOORMAT HOME SWEET HOME BLUE ,145
MONEY BOX POCKET MONEY DESIGN,145
LOVE HEART SOCK HANGER,145
WATERMELON BATH SPONGE,144
MINI JIGSAW SPACEBOY,144
PINK UNION JACK  PASSPORT COVER ,144
"AIRLINE LOUNGE,METAL SIGN",144
SMALL HANGING IVORY/RED WOOD BIRD,144
ANTIQUE GLASS HEART DECORATION ,143
JAZZ HEARTS PURSE NOTEBOOK,143
SWALLOW WOODEN CHRISTMAS DECORATION,143
DISCO BALL CHRISTMAS DECORATION,143
36 DOILIES VINTAGE CHRISTMAS,143
ASSORTED CAKES FRIDGE MAGNETS,143
4 IVORY DINNER CANDLES SILVER FLOCK,143
"HOOK, 5 HANGER ,MAGIC TOADSTOOL RED",142
SET 6 FOOTBALL CELEBRATION CANDLES,142
RETRO SPOT SUGAR JAM BOWL,142
BLUE FAIRY CAKE CHILD'S APRON,142
GLASS JAR DAISY FRESH COTTON WOOL,142
CARD MOTORBIKE SANTA,142
FRYING PAN RED POLKADOT ,142
CHILDS GARDEN BRUSH PINK,142
BIRDHOUSE GARDEN MARKER ,141
VINTAGE UNION JACK APRON,141
URBAN BLACK RIBBONS ,141
WRAP CHRISTMAS VILLAGE,141
"HOOK, 3 HANGER ,MAGIC GARDEN",141
PACK OF 6 SANDCASTLE FLAGS ASSORTED,141
CARD CHRISTMAS VILLAGE,141
S/15 SILVER GLASS BAUBLES IN BAG,140
POTTING SHED TWINE,140
 RED/WHITE DOT MINI CASES,140
CAST IRON HOOK GARDEN FORK,140
PHOTO FRAME CORNICE,140
CHERRY CROCHET FOOD COVER,140
STRAWBERRY RAFFIA FOOD COVER,140
GLASS CAKE COVER AND PLATE,140
NURSE'S BAG SOFT TOY,139
VINTAGE RED TEATIME MUG,139
HEN HOUSE DECORATION,139
LIPSTICK PEN RED,139
PARTY FOOD SHOPPER BAG,139
TEA TIME TEAPOT IN GIFT BOX,139
SET 12 LAVENDER  BOTANICAL T-LIGHTS,139
CAST IRON HOOK GARDEN TROWEL,138
MUSHROOM BLUE HOT WATER BOTTLE,137
"RECORD FRAME 7"" SINGLE SIZE ",137
SET OF 3 BABUSHKA STACKING TINS,137
ASSORTED ICE CREAM FRIDGE MAGNETS,137
WICKER WREATH LARGE,137
PINK UNION JACK  LUGGAGE TAG,137
SET OF 12 LILY BOTANICAL T-LIGHTS,137
CARD DOLLY GIRL ,137
SET/3 VANILLA SCENTED CANDLE IN BOX,136
FELTCRAFT HAIRBAND PINK AND PURPLE,136
6 RIBBONS EMPIRE  ,136
ASSORTED COLOUR T-LIGHT HOLDER,136
BLACK KITCHEN SCALES,135
RED RETROSPOT MINI CASES,135
CHOC TRUFFLE GOLD TRINKET POT ,135
ANGEL DECORATION 3 BUTTONS ,135
CARD CIRCUS PARADE,135
PACK OF 12 SPACEBOY TISSUES,135
HEART CALCULATOR,135
GLASS HEART T-LIGHT HOLDER ,135
OWL DOORSTOP,135
FELTCRAFT HAIRBAND RED AND BLUE,135
VINTAGE BILLBOARD TEA MUG,134
ENAMEL WASH BOWL CREAM,134
WHITE SWEETHEARTS CABINET 4 DRAWERS,134
PLACE SETTING WHITE STAR,134
CERAMIC STRAWBERRY MONEY BOX,134
CHRISTMAS HANGING HEART WITH BELL,134
KEEP OUT BOYS DOOR HANGER ,133
GLITTER CHRISTMAS HEART ,133
GREEN  SPOTTY PLATE ,133
RED SPOTTY OVEN GLOVE DOUBLE,133
SWEETHEART RECIPE BOOK STAND,133
GLASS JAR DIGESTIVE BISCUITS,133
SET/4 SKULL BADGES,133
RETRO SPOT SMALL TUBE MATCHES,132
DAIRY MAID TRADITIONAL TEAPOT ,132
TOAST ITS - FAIRY FLOWER,132
PICNIC BOXES SET OF 3 RETROSPOT ,132
SET OF 36 MUSHROOM PAPER DOILIES,132
DOORMAT UNION JACK GUNS AND ROSES,132
TEA PARTY  WRAPPING PAPER ,132
AIRLINE BAG VINTAGE WORLD CHAMPION ,132
SET OF 72 RETROSPOT PAPER  DOILIES,132
FAIRY CAKES NOTEBOOK A7 SIZE,132
BALLOON WATER BOMB PACK OF 35,131
PARTY CONES CARNIVAL ASSORTED,131
CHERRY BLOSSOM DECORATIVE FLASK,131
LARGE HANGING IVORY & RED WOOD BIRD,131
EMBOSSED GLASS TEALIGHT HOLDER,131
MAGIC DRAWING SLATE BAKE A CAKE ,131
CLASSIC METAL BIRDCAGE PLANT HOLDER,130
LIPSTICK PEN FUSCHIA,130
SET OF 4 NAPKIN CHARMS HEARTS,130
SKULL AND CROSSBONES  GARLAND ,130
CHRISTMAS CRAFT WHITE FAIRY ,129
WOODLAND ANIMAL  WRITING SET ,129
FANCY FONT HOME SWEET HOME DOORMAT,128
SET OF 2 ROUND TINS CAMEMBERT ,128
MAKE YOUR OWN FLOWERPOWER CARD KIT,128
"DECORATION HEN ON NEST, HANGING",128
RED RETROSPOT UMBRELLA,128
SET/4 WHITE RETRO STORAGE CUBES ,128
HOT BATHS SOAP HOLDER,128
COSMETIC BAG VINTAGE ROSE PAISLEY,128
FELTCRAFT HAIRBAND PINK AND BLUE,128
SET OF 6 3D KIT CARDS FOR KIDS,128
METAL SIGN HER DINNER IS SERVED ,127
STRAWBERRY DREAM CHILDS UMBRELLA,127
SET OF 72 IVORY PAPER DOILIES,127
DOORMAT RESPECTABLE HOUSE,127
EIGHT PIECE CREEPY CRAWLIE SET,127
CHINESE DRAGON PAPER LANTERNS,127
PEACE SMALL WOOD LETTERS,126
RED SPOTTY LUGGAGE TAG,126
ROTATING LEAVES T-LIGHT HOLDER,126
TWO DOOR CURIO CABINET,126
PENCIL CASE LIFE IS BEAUTIFUL,126
DOORMAT BLACK FLOCK ,126
RIBBON REEL FLORA + FAUNA ,126
FAIRY CAKE CANDLES,125
CHARLOTTE BAG PINK POLKADOT,125
ROUND CAKE TIN VINTAGE RED,125
RETRO SPOT MUG,125
BLUE OWL SOFT TOY,125
LOVE HEART TRINKET POT,125
WRAP RED APPLES ,125
TV DINNER TRAY DOLLY GIRL,125
SET/3 DECOUPAGE STACKING TINS,124
SET OF 2 TEA TOWELS APPLE AND PEARS,124
CERAMIC PIRATE CHEST MONEY BANK,124
SMALL MARSHMALLOWS PINK BOWL,124
PIZZA PLATE IN BOX,124
PARTY INVITES WOODLAND,124
WALL MOUNTED VINTAGE ORGANISER,124
RETROSPOT PADDED SEAT CUSHION,124
MOODY GIRL DOOR HANGER ,124
12 COLOURED PARTY BALLOONS,123
JUNGLE POPSICLES ICE LOLLY HOLDERS,123
S/4 VALENTINE DECOUPAGE HEART BOX,123
SWEETHEART CARRY-ALL BASKET,123
PARTY INVITES DINOSAURS,123
ASSTD DESIGN RACING CAR PEN,123
RED SPOTTY TABLECLOTH ,123
RED SPOTTY PURSE ,123
HEARTS  STICKERS,123
RETRO SPOT STORAGE JAR,123
IVY HEART WREATH,123
DOORMAT TOPIARY,123
BUTTON BOX ,122
WOODEN ADVENT CALENDAR CREAM,122
MAKE YOUR OWN MONSOON CARD KIT,122
OCEAN SCENT CANDLE IN JEWELLED BOX,122
MONEY BOX HOUSEKEEPING DESIGN,122
CHERRY BLOSSOM  DECORATIVE FLASK,122
DOORMAT WELCOME TO OUR HOME,122
HANGING METAL BIRD BATH,121
STAR PORTABLE TABLE LIGHT ,121
"SPRING DEC , HANGING CHICK CREAM",121
WHEELBARROW FOR CHILDREN ,121
3D DOG PICTURE PLAYING CARDS,121
CHILDS GARDEN SPADE BLUE,121
WHITE/BLUE PULL BACK RACING CAR,121
VINTAGE SEASIDE JIGSAW PUZZLES,121
SET OF 72 SKULL PAPER  DOILIES,121
PAPER CHAIN KIT SKULLS ,121
DOOR MAT BIRD ON THE WIRE,121
JIGSAW TREE WITH BIRDHOUSE,120
FRYING PAN PINK POLKADOT ,120
PARTY INVITES JAZZ HEARTS,120
PARTY CONES CANDY ASSORTED,120
DOORMAT WELCOME PUPPIES,120
CARRIAGE,120
ROSE SCENT CANDLE IN JEWELLED BOX,120
PACK OF 12 STICKY BUNNIES,119
SET/20 FRUIT SALAD PAPER NAPKINS ,119
CERAMIC PLATE STRAWBERRY DESIGN,119
FRENCH WC SIGN BLUE METAL,119
RAIN PONCHO WITH RED SPOTS,119
PACK OF 20 SPACEBOY NAPKINS,119
WHITE CHRISTMAS STAR DECORATION,118
FLORAL ELEPHANT SOFT TOY,118
SMALL RED RETROSPOT MUG IN BOX ,118
"DOG BOWL , CHASING BALL DESIGN",118
WOOD STAMP SET THANK YOU,118
12 DAISY PEGS IN WOOD BOX,118
TEA TIME TEA SET IN GIFT BOX,118
LARGE RED BABUSHKA NOTEBOOK ,117
RETROSPOT RED WASHING UP GLOVES,117
MILK PAN PINK RETROSPOT,117
GLITTER CHRISTMAS STAR ,117
PINK JUMPER LARRY THE LAMB,117
RED PAPER PARASOL,117
RING OF ROSES BIRTHDAY CARD,117
STRAWBERRY HONEYCOMB  GARLAND ,117
FELTCRAFT HAIRBANDS PINK AND WHITE ,116
ASSORTED TUTTI FRUTTI ROUND BOX,116
PINK PAPER PARASOL ,116
DOORMAT ENGLISH ROSE ,116
EMPIRE UNION JACK TV DINNER TRAY,116
DOCTOR'S BAG SOFT TOY,116
LARGE CIRCULAR MIRROR MOBILE,116
BLACK/BLUE POLKADOT UMBRELLA,116
DISCO BALL ROTATOR BATTERY OPERATED,116
TROPICAL  HONEYCOMB PAPER GARLAND ,116
EAU DE NIL DINER WALL CLOCK,116
WATERING CAN GARDEN MARKER,116
EMPIRE TISSUE BOX,115
 3 STRIPEY MICE FELTCRAFT,115
ANGEL DECORATION STARS ON DRESS,115
KIDS RAIN MAC BLUE,115
PINK LOVE HEART SHAPE CUP,115
SET OF 4 NAPKIN CHARMS CUTLERY,115
12 PENCILS TALL TUBE RED RETROSPOT,115
ROSE COTTAGE KEEPSAKE BOX ,115
AIRLINE BAG VINTAGE JET SET WHITE,115
IVORY HANGING DECORATION  BUTTERFLY,115
DOOR MAT AIRMAIL ,114
SANDALWOOD FAN,114
BIRDHOUSE DECORATION MAGIC GARDEN,114
WHITE TALL PORCELAIN T-LIGHT HOLDER,114
VINTAGE PAISLEY STATIONERY SET,114
SET/10 RED POLKADOT PARTY CANDLES,114
RED RETROSPOT ROUND CAKE TINS,114
RETRO BLUE SPOTTY WASHING UP GLOVES,114
KIDS RAIN MAC PINK,114
SPACEBOY TV DINNER TRAY,114
CARDHOLDER GINGHAM CHRISTMAS TREE,113
BUTTERFLIES STICKERS,113
CHRISTMAS CRAFT TREE TOP ANGEL,113
3D SHEET OF DOG STICKERS,113
BLUE/CREAM STRIPE FRINGE HAMMOCK,113
MONEY BOX KINGS CHOICE DESIGN,112
3D SHEET OF CAT STICKERS,112
RED RETROSPOT PUDDING BOWL,112
LARGE CAKE STAND HANGING HEARTS,112
12 RED ROSE PEG PLACE SETTINGS,112
DO NOT TOUCH MY STUFF DOOR HANGER ,112
HEART GARLAND RUSTIC PADDED,112
BLACK DINER WALL CLOCK,112
WOODLAND  HEIGHT CHART STICKERS ,111
T-LIGHT HOLDER HANGING LACE,111
DOG TOY WITH PINK CROCHET SKIRT,111
PINK SPOTS CHOCOLATE NESTING BOXES ,111
RED RETROSPOT WRAP ,111
HANGING MEDINA LANTERN SMALL,110
CINAMMON & ORANGE WREATH,110
ALARM CLOCK BAKELIKE CHOCOLATE,110
DINOSAUR BIRTHDAY CARD,110
IVORY ENCHANTED FOREST PLACEMAT,110
HOUSE WRECKING METAL SIGN ,110
"WRAP,SUKI AND FRIENDS",109
SPOTTY  HOME SWEET HOME DOORMAT,109
TOAST ITS - BEST MUM,109
HAND OPEN SHAPE DECO.WHITE,109
COSY SLIPPER SHOES LARGE GREEN,109
DOVE DECORATION PAINTED ZINC ,109
GLITTER SNOW PEAR TREE DECORATION,109
BUTTERFLIES  HONEYCOMB GARLAND,109
POLKA DOT RAFFIA FOOD COVER,108
RED/CREAM STRIPE FRINGE HAMMOCK,108
MOODY BOY  DOOR HANGER ,108
WHITE CHRISTMAS HEART DECORATION,108
SILVER LATTICE VANILLA CANDLE POT,108
SKULLS WRAP,108
SET OF 4 ENGLISH ROSE PLACEMATS,108
TEA BAG PLATE RED RETROSPOT,108
SET OF 72 GREEN PAPER DOILIES,107
SET OF 2 ROUND TINS DUTCH CHEESE,107
75 GREEN FAIRY CAKE CASES,107
PAINTED METAL HEART WITH HOLLY BELL,107
ANGEL DECORATION WITH LACE PADDED,107
GARDENIA 1 WICK MORRIS BOXED CANDLE,107
FAIRY CAKE NOTEBOOK A5 SIZE,106
BLUE TEATIME PRINT BOWL ,106
CHILDS GARDEN SPADE PINK,106
PACK OF 12 RED RETROSPOT TISSUES ,106
FELT EGG COSY CHICKEN,105
TEA CUP AND SAUCER RETRO SPOT,105
OCEAN STRIPE HAMMOCK ,105
EASTER TIN BUCKET,105
ENAMEL COLANDER CREAM,105
TEA COSY RED  STRIPE,105
BABY MOUSE RED GINGHAM DRESS,104
LARGE PURPLE BABUSHKA NOTEBOOK  ,104
GLASS ETCHED T-LIGHT HOLDER LARGE,104
SKULLS AND CROSSBONES WRAP,104
POTTING SHED COFFEE MUG,104
FRENCH KITCHEN SIGN BLUE METAL,104
VINTAGE CARAVAN GIFT WRAP,104
DOOR MAT RESPECTABLE HOUSE,104
AIRLINE BAG VINTAGE JET SET BROWN,104
ASSORTED TUTTI FRUTTI PEN,104
RETRO SPOT GIANT  TUBE MATCHES,104
LAVENDER SCENTED SET/9 T-LIGHTS,103
24 HANGING EASTER EGGS FLORAL TUB,103
HAIRCLIPS FORTIES FABRIC ASSORTED,103
TOXIC AREA  DOOR HANGER ,103
PACK OF 20 NAPKINS RED APPLES,103
ZINC FINISH 15CM PLANTER POTS,103
SHOE SHINE BOX ,103
BREAD BIN DINER STYLE IVORY,103
RED SPOTTY SHOPPING BAG,103
PURPLE PAPER PARASOL,102
TOAST ITS - HAPPY BIRTHDAY,102
5 HOOK BLACKBOARD ORGANISER ,102
FRENCH TOILET SIGN BLUE METAL,102
COFFEE MUG BLUE PAISLEY DESIGN,102
TOY TIDY PINK POLKADOT,102
HANGING GLASS ETCHED TEALIGHT,102
HYACINTH BULB T-LIGHT CANDLES,102
BLUE PAPER PARASOL ,102
DAISY GARDEN MARKER,102
SILVER CHRISTMAS TREE BAUBLE STAND ,102
GREEN 3 PIECE POLKADOT CUTLERY SET,102
CHRISTMAS LIGHTS 10 SANTAS ,101
IVORY HANGING DECORATION  BIRD,101
LETS GO SHOPPING COTTON TOTE BAG,101
OFFICE MUG WARMER BLACK+SILVER ,101
FAMILY PHOTO FRAME CORNICE,101
BIRDS MOBILE VINTAGE DESIGN,101
COUNTRY COTTAGE  DOORSTOP GREEN,101
LOVE GARLAND PAINTED ZINC ,101
CARD BIRTHDAY COWBOY,101
WOODLAND  STICKERS,101
S/12 VANILLA  BOTANICAL T-LIGHTS,101
LOVE HEART POCKET WARMER,101
SET OF 4 FAIRY CAKES COASTERS ,101
LARGE ROUND WICKER PLATTER ,101
OFFICE MUG WARMER POLKADOT,100
SEWING SUSAN 21 NEEDLE SET,100
RED RETROSPOT OVEN GLOVE ,100
CARAVAN SQUARE TISSUE BOX,100
"WALL MIRROR , DIAMANTE OVAL SHAPE",100
TOOL BOX SOFT TOY ,100
PAPER BUNTING RETROSPOT,100
LADS ONLY TISSUE BOX,100
EASTER CRAFT IVY WREATH WITH CHICK,100
DOORMAT MERRY CHRISTMAS RED ,100
POTTING SHED CANDLE CITRONELLA,100
JAM MAKING SET PRINTED,99
DINOSAUR LUNCHBOX WITH CUTLERY,99
72 CAKE CASES VINTAGE CHRISTMAS,99
IVORY PAPER CUP CAKE CASES ,99
CERAMIC LOVE HEARTS DESIGN MUG,99
TUB 24 PINK FLOWER PEGS,99
WHITE HANGING BEADS CANDLE HOLDER,99
MOTORING TISSUE BOX,99
MAGNETS PACK OF 4 VINTAGE COLLAGE,99
WICKER WREATH SMALL,99
MULTI HEARTS  STICKERS,98
SET 12 WILDFLOWER BOTANICAL T-LIGHT,98
MOBILE VINTAGE HEARTS ,98
CHERRY DESIGN PAPERLANTERNS,98
CHARLIE + LOLA BISCUITS TINS,98
TEA COSY VINTAGE UNION JACK,98
CARD I LOVE LONDON ,98
WHITE CHERRY LIGHTS,98
CAT BOWL ,98
GLASS JAR PEACOCK BATH SALTS,98
TOMATO CHARLIE+LOLA COASTER SET,98
BATH DUCK WATERING CAN,98
DOLLY MIXTURE CHILDREN'S UMBRELLA,98
HEART SHAPE WIRELESS DOORBELL,97
BOUDOIR SQUARE TISSUE BOX,97
SET OF 2 TINS JARDIN DE PROVENCE,97
SKULL DESIGN TV DINNER TRAY,97
"LARGE CAKE TOWEL, CHOCOLATE SPOTS",97
GROW YOUR OWN FLOWERS SET OF 3,97
PAINTED METAL STAR WITH HOLLY BELLS,96
NOVELTY BISCUITS CAKE STAND 3 TIER,96
PINK FLOWER CROCHET FOOD COVER,96
MAGIC DRAWING SLATE LEAP FROG ,96
IVORY DINER WALL CLOCK,96
75 GREEN PETIT FOUR CASES,96
12 PINK ROSE PEG PLACE SETTINGS,96
OFFICE MUG WARMER CHOC+BLUE,96
COSY SLIPPER SHOES SMALL  RED ,95
DAISIES  HONEYCOMB GARLAND ,95
SMALL LICORICE DES PINK BOWL,95
SILK PURSE BABUSHKA RED,95
SEWING BOX RETROSPOT DESIGN ,95
SKULLS  DESIGN  COTTON TOTE BAG,95
RETROSPOT LARGE MILK JUG,95
SWALLOW CIGAR BOX MATCHES ,95
CAKE STAND LOVEBIRD 2 TIER PINK,95
"NURSERY A,B,C PAINTED LETTERS",94
ENGLISH ROSE GARDEN SECATEURS,94
HOMEMADE JAM SCENTED CANDLES,94
SET OF 36 DINOSAUR PAPER DOILIES,94
DOORSTOP FOOTBALL DESIGN,94
WAY OUT METAL SIGN ,94
VINYL RECORD FRAME SILVER,94
LARGE MEDINA STAMPED METAL BOWL ,94
STRAWBERRY SCENTED SET/9 T-LIGHTS,94
RED HEART LUGGAGE TAG,94
RED SPOTTY WASHBAG,93
"SPRING DEC , HANGING CHICK  YELLOW",93
TV DINNER TRAY VINTAGE PAISLEY,93
SMALL WHITE RETROSPOT MUG IN BOX ,93
36 PENCILS TUBE RED RETROSPOT,93
RETROSPOT PARTY BAG + STICKER SET,93
CHRISTMAS MUSICAL ZINC HEART ,93
ASSORTED TUTTI FRUTTI  FOB NOTEBOOK,93
CUPCAKE LACE PAPER SET 6,92
RED RETROSPOT SHOPPER BAG,92
"FEATHER PEN,HOT PINK",92
BLUE PAISLEY JOURNAL ,92
PINK HORSE SOCK PUPPET,92
FRENCH LAUNDRY SIGN BLUE METAL,92
SWEETHEART CREAM STEEL FOLDIN BENCH,92
ASSORTED TUTTI FRUTTI SMALL PURSE,92
SET OF 4 NAPKIN CHARMS STARS   ,92
CHILDREN'S APRON DOLLY GIRL ,92
SET/3 OCEAN SCENT CANDLE JEWEL BOX,92
CHARLIE+LOLA RED HOT WATER BOTTLE ,91
ASSORTED TUTTI FRUTTI LARGE PURSE,91
3D TRADITIONAL CHRISTMAS STICKERS,91
3D VINTAGE CHRISTMAS STICKERS ,91
ASSORTED TUTTI FRUTTI NOTEBOOK,91
STRIPEY CHOCOLATE NESTING BOXES,91
UNION STRIPE CUSHION COVER ,91
RAIN HAT WITH RED SPOTS,91
MINI JIGSAW CIRCUS PARADE ,91
SPRING FLOWER CHOPSTICKS SET/5,90
EMBOSSED HEART 3 DRAWER SHELF,90
HAPPY EASTER HANGING DECORATION,90
IVORY PILLAR CANDLE SILVER FLOCK,90
"FOLDING UMBRELLA , RED/WHITE SPOT",90
EASTER DECORATION NATURAL CHICK,90
RETRO PLASTIC POLKA TRAY,90
"DIAMANTE HEART SHAPED WALL MIRROR, ",90
WOOD STAMP SET BEST WISHES,90
RED RETROSPOT CHILDRENS UMBRELLA,90
SET OF 6 HEART CHOPSTICKS,90
ROUND CAKE TIN VINTAGE GREEN,90
CREAM SLICE FLANNEL CHOCOLATE SPOT ,90
12 MINI TOADSTOOL PEGS,89
BASKET OF TOADSTOOLS,89
FELT EGG COSY WHITE RABBIT ,89
DOG BOWL CHASING BALL DESIGN,89
VINTAGE BILLBOARD MUG ,89
GARDENIA 3 WICK MORRIS BOXED CANDLE,89
ABSTRACT CIRCLE JOURNAL ,89
ABSTRACT CIRCLES SKETCHBOOK ,89
ASSORTED TUTTI FRUTTI HEART BOX,89
MORE BUTTER METAL SIGN ,88
3 TIER CAKE TIN RED AND CREAM,88
BLACK TEA TOWEL CLASSIC DESIGN,88
JAZZ HEARTS ADDRESS BOOK,88
DOORMAT WELCOME SUNRISE,88
GLASS JAR KINGS CHOICE,88
KENSINGTON COFFEE SET,88
PORCELAIN T-LIGHT HOLDERS ASSORTED,88
MINI JIGSAW DOLLY GIRL,88
SET 12 PEAR BOTANICAL T-LIGHTS,88
RETROSPOT SMALL TUBE MATCHES,88
GLASS BONBON JAR PARFUME AUX FLEURE,88
PIG KEYRING WITH LIGHT & SOUND ,88
RED RETROSPOT BOWL,88
BLACK PIRATE TREASURE CHEST,88
MEDIUM MEDINA STAMPED METAL BOWL ,88
EASTER CRAFT 4 CHICKS ,87
SWALLOW GIANT TUBE MATCHES,87
GARDEN PATH JOURNAL,87
RED RETROSPOT PEG BAG,87
SAVOY ART DECO CLOCK,87
RED SPOTTY BIG BOWL,87
VINTAGE UNION JACK PENNANT,87
CHRYSANTHEMUM  JOURNAL,87
UNION JACK GUNS & ROSES  DOORMAT,87
LAVENDER INCENSE IN TIN,87
SMALL SKULL WINDMILL,87
"SWISS ROLL TOWEL, PINK  SPOTS",86
CHILDS GARDEN RAKE BLUE,86
PINK/BROWN DOTS RUFFLED UMBRELLA,86
WHITE BELL HONEYCOMB PAPER GARLAND ,86
ASS COL LARGE SAND FROG P'WEIGHT,86
SET/2 RED RETROSPOT TEA TOWELS ,86
BOTANICAL ROSE GREETING CARD,86
SET OF 6 FUNKY BEAKERS,86
RECYCLED PENCIL WITH RABBIT ERASER,86
T-LIGHT GLASS FLUTED ANTIQUE,86
SET/3 POLKA DOT STACKING TINS,86
GARLAND WITH HEARTS AND BELLS,86
SET OF 6 KASHMIR FOLKART BAUBLES,86
WHITE BELL HONEYCOMB PAPER ,85
PAPER POCKET TRAVELING FAN ,85
POTTING SHED SEED ENVELOPES,85
PHOTO FRAME 3 CLASSIC HANGING,85
BUNNY WOODEN PAINTED WITH BIRD ,85
POTTING SHED ROSE CANDLE,85
BLUE FLYING SINGING CANARY,85
ANTIQUE GLASS DRESSING TABLE POT,85
COFFEE MUG PINK PAISLEY DESIGN,85
RETROSPOT CIGAR BOX MATCHES ,85
GLITTER HEART GARLAND WITH BELLS ,84
CAKE PLATE LOVEBIRD PINK,84
6 RIBBONS SHIMMERING PINKS ,84
5 HOOK HANGER RED MAGIC TOADSTOOL,84
SET/10 PINK POLKADOT PARTY CANDLES,84
RED/WHITE SPOT PICNIC BAG,84
SET OF 6 T-LIGHTS TOADSTOOLS,84
SET OF 3 CONEY ISLAND OVAL BOXES,84
WHITE CHRISTMAS TREE DECORATION ,84
BIRD DECORATION RED SPOT,84
CHILDRENS APRON APPLES DESIGN,84
LARGE YELLOW BABUSHKA NOTEBOOK ,84
WRAP CHRISTMAS SCREEN PRINT,84
DOORMAT I LOVE LONDON,84
"SWISS ROLL TOWEL, CHOCOLATE  SPOTS",83
PINK HEARTS PAPER GARLAND,83
SILK PURSE RUSSIAN DOLL RED,83
ROBIN CHRISTMAS CARD,83
GREEN FERN JOURNAL ,83
KASHMIR FOLKART TUMBLERS,83
SILVER PLATE CANDLE BOWL LARGE,83
RIBBON REEL SOCKS AND MITTENS,83
SWALLOW SQUARE TISSUE BOX,83
MAGNETS PACK OF 4 HOME SWEET HOME,83
"POPCORN HOLDER , SMALL ",82
ETCHED GLASS STAR TREE DECORATION,82
SILK PURSE BABUSHKA PINK,82
SET/4 PINK ORCHID CANDLES IN BOWL,82
TOOTHPASTE TUBE PEN,82
EIGHT PIECE SNAKE  SET,82
COLUMBIAN CANDLE ROUND,82
OLD DOC RUSSEL METAL SIGN,81
MAGIC DRAWING SLATE GO TO THE FAIR ,81
GARDEN PATH SKETCHBOOK,81
MILK BOTTLE WITH GLASS STOPPER ,81
CAKE SHOP  STICKER SHEET,81
SNOWFLAKE PORTABLE TABLE LIGHT ,81
GINGERBREAD MAN COOKIE CUTTER,81
3D CHRISTMAS STAMPS STICKERS ,81
RETRO SPOT CERAMIC TOASTRACK,80
SET OF 6 STRAWBERRY CHOPSTICKS,80
BLUE PAISLEY NOTEBOOK,80
TRIPLE PHOTO FRAME CORNICE ,80
WOOD STAMP SET FLOWERS,80
YELLOW METAL CHICKEN HEART ,80
SMALL RETRO SPOT MUG IN BOX  RED,80
SWEETIES  STICKERS,80
JOY LARGE WOOD LETTERS,80
DOOR HANGER  MUM + DADS ROOM,80
GINGHAM OVEN GLOVE RED HEART ,80
PORCELAIN ROSE LARGE ,80
MUMMY MOUSE RED GINGHAM RIBBON,80
VANILLA INCENSE IN TIN,80
ELEPHANT TOY WITH BLUE T-SHIRT,80
FLORAL FOLK STATIONERY SET,80
SILK PURSE RUSSIAN DOLL PINK,79
SEASIDE FLYING DISC,79
CALENDAR IN SEASON DESIGN,79
SMALL RETRO SPOT MUG IN BOX  WHITE,79
TOY TIDY DOLLY GIRL DESIGN,79
12 EGG HOUSE PAINTED WOOD,79
MEASURING TAPE BABUSHKA RED,79
36 FOIL HEART CAKE CASES,79
CHRISTMAS HANGING STAR WITH BELL,79
BLUE CALCULATOR RULER,79
ANTIQUE GLASS PEDESTAL BOWL,78
SILVER  CANDLEPOT JARDIN ,78
WRAP CIRCUS PARADE,78
MINI JIGSAW BUNNIES,78
POLKADOT PEN,78
WRAP GREEN PEARS ,78
CERAMIC BIRDHOUSE FINCH BLUE ROOF,78
DOORMAT CHRISTMAS VILLAGE,78
BLUE SCANDINAVIAN PAISLEY WRAP,78
OPULENT VELVET SET/3 CANDLES,78
DAIRY MAID SUGAR JAM BOWL,78
MAGNETS PACK OF 4 VINTAGE LABELS ,78
MAKE YOUR OWN PLAYTIME CARD KIT,78
BAG 500g SWIRLY MARBLES,77
RAIN PONCHO ,77
STARS GIFT TAPE ,77
LARGE WHITE HONEYCOMB PAPER BELL  ,77
POCKET BAG BLUE PAISLEY RED SPOT,77
MONEY BOX BISCUITS DESIGN,77
SET OF 3 BLACK FLYING DUCKS,77
PINK FAIRY CAKE CUSHION COVER,77
PARTY INVITES FOOTBALL,77
CHARLIE LOLA BLUE HOT WATER BOTTLE ,77
SET/3 ROSE CANDLE IN JEWELLED BOX,77
LOCAL CAFE MUG,77
SILVER SKULL HOT WATER BOTTLE ,77
CERAMIC BIRDHOUSE CRESTED TIT SMALL,77
S/16 VINTAGE IVORY CUTLERY,76
SET OF 3 BLUE STRIPE BASKET,76
CHRISTMAS CARD SINGING ANGEL,76
ROSE FOLKART HEART DECORATIONS,76
GLITTER CHRISTMAS TREE,76
VINTAGE GLASS TEA CADDY,76
PINK MARSHMALLOW SCARF KNITTING KIT,76
RED RETROSPOT CUP,76
PINK PAISLEY ROSE GIFT WRAP,76
GREEN CHERRY LIGHTS,76
RED/CREAM STRIPE CUSHION COVER ,76
RED ENCHANTED FOREST PLACEMAT,76
FRENCH ENAMEL POT W LID,76
WRAP SUKI AND FRIENDS,76
METAL SIGN CUPCAKE SINGLE HOOK,76
STRIPES DESIGN MONKEY DOLL,76
FLAMINGO LIGHTS,76
FAWN AND MUSHROOM GREETING CARD,75
LANTERN CREAM GAZEBO ,75
SET/10 IVORY SPOTTY PARTY CANDLES,75
5 HOOK HANGER MAGIC TOADSTOOL,75
SET/20 COLLAGE PAPER NAPKIN ,75
CHRYSANTHEMUM SKETCHBOOK ,75
RIBBON REEL POLKADOTS ,75
SILVER PLATE CANDLE BOWL SMALL,75
BEADED LOVE HEART JEWELLERY SET,75
ENAMEL FIRE BUCKET CREAM,75
GARDEN PATH NOTEBOOK ,75
GUMBALL MONOCHROME COAT RACK,75
"CARD, BILLBOARD FONT",75
GINGHAM HEART DECORATION,75
WHITE CHRISTMAS GARLAND STARS TREES,75
SPOTTY PINK DUCK DOORSTOP,75
FRENCH ENAMEL UTENSIL HOLDER,75
PANDA AND BUNNIES STICKER SHEET,75
FELT TOADSTOOL LARGE,74
KITTY PENCIL ERASERS,74
LARGE RED RETROSPOT WINDMILL,74
RETRO PLASTIC DAISY TRAY,74
GUMBALL MAGAZINE RACK,74
PIZZA SLICE DISH,74
SET/10 BLUE POLKADOT PARTY CANDLES,74
WOOD FAN WITH FLOWER DESIGN,74
BLUE/CREAM STRIPE CUSHION COVER ,74
BISCUIT TIN VINTAGE RED,74
CLEAR DRAWER KNOB ACRYLIC EDWARDIAN,74
WOOD STAMP SET HAPPY BIRTHDAY,74
SET OF 4 FAIRY CAKE PLACEMATS,73
"SPRING DEC , HANGING CHICK  GREEN",73
GIANT MEDINA STAMPED METAL BOWL ,73
ASS COL SMALL SAND GECKO P'WEIGHT,73
DOOR MAT GREEN PAISLEY ,73
SILVER VANILLA FLOWER CANDLE POT,73
ASSORTED TUTTI FRUTTI MIRROR,73
RIBBONS PURSE ,73
CREAM SWEETHEART EGG HOLDER,73
GLASS ETCHED T-LIGHT HOLDER MEDIUM,73
SEASIDE STRIPE HAMMOCK,73
BUTTERFLY CROCHET FOOD COVER,73
BALLOON ART MAKE YOUR OWN FLOWERS,73
RED RETROSPOT OVEN GLOVE DOUBLE,72
VINTAGE CREAM DOG FOOD CONTAINER,72
CANDY SHOP  STICKER SHEET,72
WHITE BAMBOO RIBS LAMPSHADE,72
PINK POLKADOT KIDS BAG,72
PAINTED METAL TREE WITH HOLLY BELLS,72
6 CROCHET STRAWBERRIES,72
HANGING FAIRY CAKE DECORATION,72
PARTY CONES CANDY TREE DECORATION,72
LADLE LOVE HEART RED ,72
PACK OF 12 CIRCUS PARADE TISSUES ,72
GLASS JAR MARMALADE ,72
SET OF 3 BIRD LIGHT PINK FEATHER ,71
SCOTTIES CHILDRENS APRON,71
CHILDS GARDEN RAKE PINK,71
PACK OF 12 PINK POLKADOT TISSUES,71
BIRTHDAY BANQUET GIFT WRAP,71
PINK POLKADOT CHILDRENS UMBRELLA,71
MAGIC TREE -PAPER FLOWERS,71
GREEN JUICY FRUIT PHOTO FRAME,71
ILLUSTRATED CAT BOWL ,71
BLUE PATCH PURSE PINK HEART,71
PARTY INVITES BALLOON GIRL,71
BASKET OF FLOWERS SEWING KIT,71
4 LILY  BOTANICAL DINNER CANDLES,70
POTTING SHED SOW 'N' GROW SET,70
PINK JUICY FRUIT PHOTO FRAME,70
CARD WEDDING DAY,70
GLITTER STAR GARLAND WITH BELLS ,70
CROSS STITCH ALPHABET CUSHION COVER,70
ENAMEL PINK TEA CONTAINER,70
BREAD BIN DINER STYLE RED ,70
LIGHT BIRD HOUSE TREE DECORATION,70
PICCADILLY TEA SET,70
SMALL PINK MAGIC CHRISTMAS TREE,70
FOLKART ZINC STAR CHRISTMAS DEC,70
RETRO MOD TRAY,69
HEART DECORATION RUSTIC HANGING ,69
RETRO PLASTIC ELEPHANT TRAY,69
SMALL SILVER TRELLIS CANDLEPOT,69
CARD CAT AND TREE ,69
"GARLAND, MAGIC GARDEN 1.8M",69
CERAMIC STRAWBERRY DESIGN MUG,69
VINTAGE RED MUG,69
SET/9 CHRISTMAS T-LIGHTS SCENTED ,69
LIPSTICK PEN BABY PINK,69
WRAP I LOVE LONDON ,69
BEADED PEARL HEART WHITE LARGE,69
"FEATHER PEN,COAL BLACK",69
SMALL CHOCOLATES PINK BOWL,69
DECORATION WHITE CHICK MAGIC GARDEN,69
BLUE ROSE PATCH PURSE PINK BUTTERFL,69
PAPER CHAIN KIT LONDON,69
STANDING METAL RABBIT WITH EGG,69
NATURAL BARK CANDLE SMALL,69
STAR DECORATION PAINTED ZINC ,69
ENCHANTED BIRD PLANT CAGE,69
RETRO PLASTIC 70'S TRAY,69
ETCHED GLASS BIRD TREE DECORATION,68
TABLECLOTH RED APPLES DESIGN ,68
HANGING RIDGE GLASS T-LIGHT HOLDER,68
BUNNY EGG BOX,68
"BROCADE PURSE,SMALL ARCH BUTTON",68
SILVER MINI TAPE MEASURE ,68
RABBIT  DESIGN  COTTON TOTE BAG,68
CONGRATULATIONS BUNTING,68
ZINC HEART LATTICE T-LIGHT HOLDER,68
"FRENCH BLUE METAL DOOR SIGN, 1",68
SET OF 36 SILVER PAPER DOILIES,68
PINK HEART SHAPE PHOTO FRAME,68
FLOWERS  STICKERS,68
SWEETHEART CREAM STEEL TABLE RECT,68
BLUE PAISLEY SKETCHBOOK,68
DINOSAUR HEIGHT CHART STICKER SET,67
CHARLIE AND LOLA FIGURES TINS,67
PACK 6 HEART/ICE-CREAM PATCHES,67
SOMBRERO ,67
"DECOUPAGE,GREETING CARD,",67
ROSE 3 WICK MORRIS BOX CANDLE,67
CAKE STAND VICTORIAN FILIGREE LARGE,67
RETRO SPOTS PUDDING BOWL,67
CARD DOG AND BALL ,67
MINI FUNKY DESIGN TAPES,67
ENGLISH ROSE TABLE CLOTH,67
RED SPOTTY CANDY BAG,67
BLUE PULL BACK RACING CAR,67
SILK PURSE RUSSIAN DOLL BLUE,67
"WHITE PEARL BEADED HEART, SMALL",67
"POPCORN HOLDER , LARGE",67
MINI JIGSAW PURDEY,67
FUNKY MONKEY MUG,67
CHRISTMAS HANGING TREE WITH BELL,67
JAM MAKING SET WITH JARS,67
CARROT CHARLIE+LOLA COASTER SET,66
ENAMEL BLUE RIM BISCUIT BIN,66
SET OF 3 RED STRIPE BASKETS,66
PORCELAIN ROSE SMALL,66
BLUE POT PLANT CANDLE ,66
SET/6  ANGEL T-LIGHTS WHITE/GOLD,66
EASTER BUNNIES ON A STICK,66
RED RETROSPOT APRON ,66
RIDGED GLASS POSY VASE ,66
BOTANICAL ROSE GIFT WRAP,66
"DECORATION , WOBBLY RABBIT , METAL ",65
SMALL SPOTTY CHOCOLATE GIFT BAG ,65
TV DINNER TRAY AIR HOSTESS ,65
LOVELY BONBON STICKER SHEET,65
GREEN MINI TAPE MEASURE ,65
MULTICOLOUR 3D BALLS GARLAND,65
PINK POLKADOT BOWL,65
ANTIQUE TALL SWIRLGLASS TRINKET POT,65
"FRENCH BLUE METAL DOOR SIGN, 2",65
HEART T-LIGHT HOLDER ,65
PINK DIAMANTE PEN IN GIFT BOX,65
IF YOU CAN'T STAND THE HEAT MUG,65
FRENCH ENAMEL WATER BASIN,65
CERAMIC BIRDHOUSE BUTTERFLY SMALL,65
BLUE/BROWN DOTS RUFFLED UMBRELLA,65
WHITE SNOW SCANDINAVIAN STOCKING ,65
GENTLEMAN SHIRT REPAIR KIT ,65
CHRISTMAS TREE DECORATION WITH BELL,65
HANGING WOOD AND FELT BUTTERFLY ,64
GREEN FERN SKETCHBOOK ,64
VINTAGE GLASS COFFEE CADDY,64
DENIM PATCH PURSE PINK BUTTERFLY,64
DAIRY MAID STRIPE MUG,64
CHRISTMAS MUSICAL ZINC STAR,64
MINI JIGSAW DINOSAUR ,64
SOAP DISH BROCANTE,64
WILLOW BRANCH LIGHTS.,64
3D HEARTS  HONEYCOMB PAPER GARLAND,64
GREEN CHRISTMAS TREE STRING 20LIGHT,64
ANTIQUE ALL GLASS CANDLESTICK,64
4 IVORY DINNER CANDLES GOLD FLOCK,64
SNOWSTORM PHOTO FRAME FRIDGE MAGNET,64
12 PENCILS SMALL TUBE POSY,64
FELT EGG COSY BLUE RABBIT ,64
JELLY BABIES YELLOW SMALL BOWL,64
DOORMAT PEACE ON EARTH BLUE,64
TEATIME CAKE TIN WITH HANDLE,63
PINK  POLKADOT CUP,63
ASSORTED COLOUR SET 6 TEASPOONS,63
PINK/WHITE RIBBED MELAMINE JUG,63
VINTAGE KITCHEN PRINT PUDDINGS,63
PINK ROSE WASHBAG,63
36 FOIL STAR CAKE CASES ,63
HOME GARLAND PAINTED ZINC ,63
BLUE  SPOTTY EGG CUP ,63
MEASURING TAPE BABUSHKA PINK,63
QUEEN OF SKIES LUGGAGE TAG,63
EGG CUP NATURAL CHICKEN,63
LOLITA  DESIGN  COTTON TOTE BAG,63
VINTAGE CREAM CAT FOOD CONTAINER,62
WOODEN ADVENT CALENDAR RED,62
CLASSIC FRENCH STYLE BASKET GREEN ,62
"CHRISTMAS GARLAND STARS,TREES",62
"FOLDING UMBRELLA , BLACK/BLUE  SPOT",62
SET/4 BADGES BALLOON GIRL,62
CHRYSANTHEMUM NOTEBOOK,62
TEA COSY BLUE STRIPE,62
75 BLACK PETIT FOUR CASES,62
SET/6 IVORY BIRD T-LIGHT CANDLES,62
PARTY INVITES SPACEMAN,62
SET OF 6 CAKE CHOPSTICKS,62
RED POLKA DOT TISSUE BOX,62
CHRISTMAS TREE HEART DECORATION,61
WRAP DOLLY GIRL,61
PARTY TIME PENCIL ERASERS,61
ECONOMY LUGGAGE TAG,61
JIGSAW TREE WITH WATERING CAN,61
SILK PURSE BABUSHKA BLUE,61
LOO ROLL  METAL SIGN ,61
SET OF RED SALAD SERVERS ,61
BLUE POLKADOT CUP,61
12 PENCILS TALL TUBE POSY,61
POCKET BAG PINK PAISELY BROWN SPOT,61
PACK OF 20 FAIRY CAKE PAPER NAPKINS,61
MAGIC SHEEP WOOL GROWING FROM PAPER,61
SMALL HAMMERED SILVER CANDLEPOT ,61
EASTER DECORATION SITTING BUNNY,61
FIRST CLASS LUGGAGE TAG ,61
SCOTTIES DES CHILD'S APRON,61
S/4 IVORY MINI ROSE CANDLE IN BOWL,61
YULETIDE IMAGES S/6 PAPER BOXES,60
ETCHED GLASS COASTER,60
HEART STRING MEMO HOLDER HANGING,60
ALPHABET HEARTS STICKER SHEET,60
"FEATHER PEN,LIGHT PINK",60
FRENCH GARDEN SIGN BLUE METAL,60
SQUARE CHERRY BLOSSOM CABINET,60
ASS COL LARGE SAND GECKO P'WEIGHT,60
SET OF 4 FAIRY CAKE PLACEMATS ,60
CHOCOLATE 3 WICK MORRIS BOX CANDLE,60
CLASSIC FRENCH STYLE BASKET NATURAL,60
MODERN FLORAL STATIONERY SET,60
T-LIGHT HOLDER SWEETHEART HANGING,59
HOLLY TOP CHRISTMAS STOCKING,59
"FRENCH BLUE METAL DOOR SIGN, 3",59
RETROSPOT GIANT TUBE MATCHES,59
RED SPOTTY EGG CUP ,59
3 WICK CHRISTMAS BRIAR CANDLE ,59
GREEN FERN NOTEBOOK,59
RED SHARK HELICOPTER,59
NATURAL BARK CANDLE LARGE,59
IVORY PILLAR CANDLE GOLD FLOCK,59
36 DOILIES DOLLY GIRL,59
RETROSPOT LAMP,59
ANGEL DECORATION PAINTED ZINC ,59
CHRISTMAS TREE STAR DECORATION,59
SMALLFOLKART BAUBLE CHRISTMAS DEC,59
CERAMIC BIRDHOUSE CRESTED TIT LARGE,59
HEART T-LIGHT HOLDER,59
DOORMAT NEIGHBOURHOOD WITCH ,59
GOLD MINI TAPE MEASURE ,59
BLUE POLKADOT BOWL,59
POLKADOT CUTLERY 24 PCS IN TRAY,58
SET/6 WOODLAND PAPER CUPS,58
RED HANGING METAL STAR TLIGHT HLDR,58
RED RETROSPOT PLATE ,58
LADLE LOVE HEART PINK,58
BLUE JUICY FRUIT PHOTO FRAME,58
FENG SHUI PILLAR CANDLE,58
DOORMAT FRIENDSHIP ,58
COLUMBIAN CANDLE RECTANGLE,58
GIRLY PINK TOOL SET,58
SMALL STRIPES CHOCOLATE GIFT BAG ,58
CLASSICAL ROSE SMALL VASE,58
FIVE CATS HANGING DECORATION,58
DECORATIVE CATS BATHROOM BOTTLE,58
SET OF 12 MINI BUNNIES IN A BUCKET,57
HI TEC ALPINE HAND WARMER,57
TEA FOR ONE POLKADOT,57
DAIRY MAID  SMALL  MILK JUG,57
PINK PAISLEY SQUARE TISSUE BOX ,57
"STRING OF 8 BUTTERFLIES,PINK",57
PASTEL STRIPE HAMMOCK ,57
COSY SLIPPER SHOES SMALL GREEN,57
200 BENDY SKULL STRAWS,57
MEASURING TAPE RUSSIAN DOLL RED,57
DECORATION  BUTTERFLY  MAGIC GARDEN,57
TOTE BAG I LOVE LONDON,57
AFGHAN SLIPPER SOCK PAIR,57
"FRENCH BLUE METAL DOOR SIGN, 5",56
CARD PSYCHEDELIC APPLES,56
STEEL SWEETHEART ROUND TABLE CREAM,56
BLACK FACE LAMB WITH PANTS,56
RAIN PONCHO RETROSPOT,56
ANIMAL STICKERS,56
BOOM BOX SPEAKER BOYS,56
OFFICE MUG WARMER PINK,56
BLUE WHITE SPOTS GARDEN PARASOL,56
MILK PAN BLUE RETROSPOT,56
IVORY LOVE BIRD CANDLE,56
FRENCH EMROIDR LAVENDER SCENT HEART,56
WRAP BLUE RUSSIAN FOLKART,56
SET OF 3 BIRD L.BLUE FEATHER,56
WRAP COWBOYS  ,56
ROSES IN WHITE HEART CANDLE ,56
GLASS CAKE STAND,56
PACK 3 FIRE ENGINE/CAR PATCHES,55
SMALL MEDINA STAMPED METAL BOWL ,55
"FRENCH BOTTLE , LAVENDER",55
FOLKART HEART NAPKIN RINGS,55
DANISH ROSE PHOTO FRAME,55
SET OF SALT AND PEPPER TOADSTOOLS,55
"FRENCH BLUE METAL DOOR SIGN, 8",55
HANGING WOOD AND FELT HEART,55
4 PEAR BOTANICAL DINNER CANDLES,55
3 TIER CAKE TIN GREEN AND CREAM,55
MAGNETS PACK OF 4 RETRO PHOTO,55
EASTER TREE YELLOW BIRDS,55
FAIRY CAKE GREETINGS CARD,55
MONEY BOX CONFECTIONERY DESIGN,55
"WRAP, FRIENDSHIP ON GREEN",55
LARGE TAHITI BEACH BAG,55
BEADED PEARL HEART WHITE ON STICK,55
SKULLS STORAGE BOX SMALL,55
HANGING BUTTERFLY  EGG,55
MINI CAKE STAND HANGING HEARTS,55
"FRENCH BLUE METAL DOOR SIGN, 4",54
"FRENCH BLUE METAL DOOR SIGN, 0",54
HANGING MEDINA LANTERN LARGE,54
HANGING BAUBLE T-LIGHT HOLDER LARGE,54
PINK METAL CHICKEN HEART ,54
HANGING HEART MIRROR DECORATION ,54
DOORMAT MULTICOLOUR STRIPE,54
BLUE DRAGONFLY HELICOPTER,54
BISCUITS SMALL BOWL LIGHT BLUE,54
BANK ACCOUNT  GREETING  CARD ,54
CHRISTMAS CRAFT HEART DECORATIONS,54
ABSTRACT CIRCLES NOTEBOOK,54
SMALL RED SPOT  WINDMILL,54
BUNNY WOODEN PAINTED WITH FLOWER ,54
BLUE POLKADOT WRAP,53
SILVER MUG BONE CHINA TREE OF LIFE,53
FLYING PIG WATERING CAN,53
SET/6 FROG PRINCE T-LIGHT CANDLES,53
SCOTTIES DESIGN WASHBAG,53
SPACE BOY BIRTHDAY CARD,53
"FRENCH BLUE METAL DOOR SIGN, 7",53
CHRISTMAS DECOUPAGE CANDLE,53
PENS ASSORTED FUNNY FACE,53
COFFEE SCENT PILLAR CANDLE,53
PINK ROSE FABRIC MIRROR,53
BUDDHA INCENSE HOLDER ASSORTED,53
WOODEN OWLS LIGHT GARLAND ,53
PINK DRAWER KNOB ACRYLIC EDWARDIAN,53
CHRISTMAS CARD STACK OF PRESENTS,53
ROSE SCENT CANDLE JEWELLED DRAWER,53
BISCUIT TIN VINTAGE GREEN,53
HANGING SPRING FLOWER EGG LARGE,53
CHRISTMAS TREE PAINTED ZINC ,53
FELT FARM ANIMAL CHICKEN,53
GARLAND WITH STARS AND BELLS,52
LIGHT GARLAND BUTTERFILES PINK,52
COLUMBIAN CANDLE ROUND ,52
ANTIQUE GLASS RIDGED HANGING BALL,52
WRAP FOLK ART,52
RETRO SPOT PADDED SEAT CUSHION,52
ENAMEL PINK COFFEE CONTAINER,52
SET/12 TAPER CANDLES,52
FROG CANDLE,52
BEADED CRYSTAL HEART PINK SMALL,52
S/4 BLUE ROUND DECOUPAGE BOXES,52
36 DOILIES SPACEBOY DESIGN ,52
PINK POLKADOT WRAP ,52
JIGSAW RABBIT AND BIRDHOUSE,52
BOX/12 CHICK & EGG IN BASKET,51
SPOTS DESIGN MUG W PINK INSIDE,51
CHARLIE & LOLA WASTEPAPER BIN BLUE,51
METAL TUBE CHIME ON BAMBOO,51
ROSE SCENT CANDLES IN GLASS,51
GINGHAM ROSE WRAP,51
CHARLIE & LOLA WASTEPAPER BIN FLORA,51
UNION FLAG WINDSOCK,51
EUCALYPTUS & PINECONE  WREATH,51
SET/3 CHRISTMAS DECOUPAGE CANDLES,51
RED VICTORIAN FABRIC OVAL BOX,51
ENVELOPE 50 ROMANTIC IMAGES,51
  DOORMAT UNION JACK GUNS AND ROSES,51
BLUE ROSE FABRIC MIRROR,51
JIGSAW TOADSTOOLS 3 PIECE,51
GOLD  CHERRY LIGHTS,51
CHRISTMAS CARD SCREEN PRINT ,51
MINI JIGSAW BAKE A CAKE ,51
"SET 3 RETROSPOT TEA,COFFEE,SUGAR",51
APRON APPLE DELIGHT,51
CHEST OF DRAWERS GINGHAM HEART ,50
WHITE TRAVEL ALARM CLOCK,50
CHERRY BLOSSOM BATHROOM CABINET,50
TROPICAL LUGGAGE TAG,50
VIPPASSPORT COVER ,50
POLKADOT RAIN HAT ,50
FRYING PAN BLUE POLKADOT ,50
3 HOOK HANGER MAGIC GARDEN,50
JASMINE VOTIVE CANDLE,50
SET/4 RED MINI ROSE CANDLE IN BOWL,50
BLACK WINE GLASS,50
FLUTED ANTIQUE CANDLE HOLDER,50
"FRENCH BLUE METAL DOOR SIGN, 9",50
VINTAGE GOLD TINSEL REEL,49
COSY SLIPPER SHOES LARGE RED,49
HANGING PHOTO CLIP ROPE LADDER,49
ENGLISH ROSE METAL WASTE BIN,49
GIRLS ALPHABET IRON ON PATCHES ,49
ASSORTED COLOUR SILK GLASSES CASE,49
CAKE STAND VICTORIAN FILIGREE MED,49
POMPOM CURTAIN,49
BLACK GRAND BAROQUE PHOTO FRAME,49
BLUE PAISLEY TISSUE BOX,49
SET/4 BADGES BEETLES,49
"DECORATION , HANGING METAL RABBIT",49
CAROUSEL DESIGN WASHBAG,49
SKULLS SQUARE TISSUE BOX,49
FELT TOADSTOOL  SMALL,49
CHRISTMAS METAL POSTCARD WITH BELLS,49
SET/6 BLACK SNOWFLAKE T-LIGHTS ,49
OVEN MITT APPLES DESIGN,49
4 WILDFLOWER BOTANICAL CANDLES,49
BOTANICAL LAVENDER BIRTHDAY CARD,49
SWISS CHALET TREE DECORATION ,49
FELT FARM ANIMAL WHITE BUNNY ,49
DECORATIVE ROSE BATHROOM BOTTLE,49
KEEP OUT GIRLS DOOR HANGER ,49
PACK 4 FLOWER/BUTTERFLY PATCHES,49
BUNNY EGG GARLAND,49
RED FLOCK LOVE HEART PHOTO FRAME,49
12 ASS ZINC CHRISTMAS DECORATIONS,48
PURPLE DRAWERKNOB ACRYLIC EDWARDIAN,48
SET/6 GINGERBREAD STAR T-LIGHTS,48
VINTAGE POST OFFICE CABINET,48
BUNNY DECORATION MAGIC GARDEN,48
S/16 VINTAGE ROSE CUTLERY,48
HANGING BAUBLE T-LIGHT HOLDER SMALL,48
TEA TIME PAPER LANTERNS,48
BLUE POLKADOT WASHING UP GLOVES,48
URBAN CHIC CHOPSTICKS SET/5,48
FIRST CLASS PASSPORT COVER ,48
ENVELOPE 50 CURIOUS IMAGES,48
PINK SMALL GLASS CAKE STAND,48
PACK/12 XMAS FUN CARD,48
PARTY PIZZA DISH RED RETROSPOT,48
SET OF 4 NAPKIN CHARMS LEAVES   ,47
3 GARDENIA MORRIS BOXED CANDLES,47
PINK  POLKADOT PLATE ,47
QUEEN OF THE SKIES PASSPORT COVER ,47
WHITE NEWBAROQUE CANDLESTICK CANDLE,47
EAU DE NILE HEART SHAPE PHOTO FRAME,47
EASTER DECORATION HANGING BUNNY,47
4 VANILLA BOTANICAL CANDLES,47
PINK WHITE SPOTS GARDEN PARASOL,47
BLACK CHERRY LIGHTS,47
WHITE WITH BLACK CATS MUG,47
GREEN METAL SWINGING BUNNY,47
PINK PATCH PURSE BLUE HEART,47
"FRENCH BLUE METAL DOOR SIGN, 6",47
BROWN  PIRATE TREASURE CHEST ,47
ROSE 1 WICK MORRIS BOXED CANDLE,47
SET OF 4 DIAMOND NAPKIN RINGS,47
ENGLISH ROSE TAPE MEASURE,47
STRIPY DESIGN SHOWER CAP,47
RED ROSE AND LACE C/COVER,47
FOLDING UMBRELLA  CREAM/MULTI  SPOT,47
BIRD DECORATION GREEN  SPOT,47
BLUE BIRDHOUSE DECORATION,47
 PEACE WOODEN BLOCK LETTERS,47
SOLDIERS EGG CUP ,47
ENAMEL PINK SUGAR CONTAINER,47
ASSORTED TUTTI FRUTTI BRACELET,46
HAND WARMER RED POLKA DOT,46
PINK FLY SWAT,46
BEACH HUT KEY CABINET,46
WRAP GREEN RUSSIAN FOLKART ,46
"RIBBON REEL, XMAS SOCK/BAUBLE",46
PINK/YELLOW FLOWERS HANDBAG,46
 FLAMINGO LIGHTS,46
PURPLE/TURQ FLOWERS HANDBAG,46
WHITE SOAP RACK WITH 2 BOTTLES,46
BLACK AND WHITE DOG BOWL,46
75 BLACK FAIRY CAKE CASES,46
FRENCH ENAMEL CANDLEHOLDER,46
PEG BAG APPLES DESIGN,46
IVORY HANGING BIRD PLANTER ,46
PAPERWEIGHT SAVE THE PLANET,46
SET OF 6 VINTAGE NOTELETS KIT,46
TROPICAL PASSPORT COVER ,46
BUBBLE GUM SCARF KNITTING KIT,46
BLACK EAR MUFF HEADPHONES,46
RED RETROSPOT LUGGAGE TAG,46
STRAWBERRIES  DESIGN FLANNEL ,46
ROBOT MUG IN DISPLAY BOX,46
SET OF 3 GOLD FLYING DUCKS,46
STAR  T-LIGHT HOLDER ,46
FLAG OF ST GEORGE CAR FLAG,45
GLASS CLOCHE SMALL,45
MINI HIGHLIGHTER PENS,45
BASKET/8 SCENTED LOVE TOKEN CANDLES,45
CHRISTMAS MUSICAL ZINC TREE,45
BLUE SPOTTY LUGGAGE TAG ,45
BLUE GINGHAM ROSE CUSHION COVER,45
S/3 PINK COL METAL BASKET W HANDLE,45
PINK METAL SWINGING BUNNY,45
CERAMIC BIRDHOUSE RED ROOF SMALL,45
ENGLISH ROSE DESIGN QUILTED THROW,45
LUNCHBAG SPACEBOY DESIGN ,45
RED DRAWER KNOB ACRYLIC EDWARDIAN,45
SUNSET CHECK HAMMOCK,45
DECORATION  PINK CHICK MAGIC GARDEN,45
PINK  HEART CONFETTI IN TUBE,45
GREEN BIRDHOUSE DECORATION,44
SET/6 COLLAGE PAPER PLATES,44
DAIRY MAID  PUDDING BOWL,44
FOLDING UMBRELLA  PINK/WHITE  SPOT,44
ASSORTED COLOUR SILK COIN PURSE,44
TEA TIME BREAKFAST BASKET,44
BLUE VICTORIAN FABRIC OVAL BOX,44
SMALL REGAL  SILVER CANDLEPOT ,44
LARGE CHINESE STYLE SCISSOR,44
POLYESTER FILLER PAD 65CMx65CM,44
RED  SPOTTY COFFEE  MUG,44
GROW A FLYTRAP OR SUNFLOWER IN TIN,44
NEW ENGLAND CERAMIC CAKE SERVER,44
EASTER BUNNY GARLAND OF FLOWERS,44
SQUARE MIRROR CURTAIN,44
CARD SUKI BIRTHDAY,44
LARGE HEART FLOWERS HOOK   ,44
JASMINE TEA INCENSE IN TIN,44
HEARTS WRAPPING TAPE ,44
GOLD MUG BONE CHINA TREE OF LIFE,44
ENVELOPE 50 BLOSSOM IMAGES,44
YELLOW DRAGONFLY HELICOPTER,44
PAPERWEIGHT CHILDHOOD MEMORIES,44
VINTAGE KITCHEN PRINT FRUITS,44
VICTORIAN METAL POSTCARD CHRISTMAS,44
GIANT PINK HEART MEMO HOLDER,44
POLKA DOT PISTACHIO PAIL,44
BLACK ENCHANTED FOREST PLACEMAT,43
TRIANGULAR RIDGED GLASS POSY HOLDER,43
BLUE POLKADOT PLATE ,43
NEW ENGLAND TEATOWELS,43
PINK POODLE HANGING DECORATION ,43
CAMOFLAGE DESIGN TEDDY,43
GINGHAM HEART WREATH,43
LARGE STRIPES CHOCOLATE GIFT BAG,43
ASSORTED COLOUR SILK COSMETIC PURSE,43
BLUE YELLOW FLOWER PIGGY BANK,43
CARD PARTY GAMES ,43
RELAX LARGE WOOD LETTERS,43
SET/4 BUTTERFLY MIRROR MAGNETS,43
WRAP BLUE REINDEER,43
BIRDCAGE DECORATION TEALIGHT HOLDER,43
BLACK SMALL GLASS CAKE STAND,43
BOTANICAL LILY GREETING CARD,43
"BIRTHDAY CARD, RETRO SPOT",43
SMALL SILVER FLOWER CANDLE POT,42
FUNKY DIVA PEN,42
IVORY GIANT GARDEN THERMOMETER,42
NEWSPAPER STAND,42
3 PIECE SPACEBOY COOKIE CUTTER SET,42
SET/4 BADGES DOGS,42
SET/3 FLORAL GARDEN TOOLS IN BAG,42
RETRO LAUNDRY TUB PISTACHIO,42
RED  EGG  SPOON,42
"TUMBLER, NEW ENGLAND",42
GLITTER CHRISTMAS TREE WITH BELLS,42
SMALL CHINESE STYLE SCISSOR,42
PAINTED PINK RABBIT ,42
KITTENS DESIGN FLANNEL,42
MEDIUM CHINESE STYLE SCISSOR,42
CANDY SPOT HEART DECORATION,42
VINTAGE BEAD PINK SHADE ,42
BLACK AND WHITE CAT BOWL,42
HANGING SPRING FLOWER EGG SMALL,42
SKULLS STORAGE BOX LARGE,42
CERAMIC BOWL WITH LOVE HEART DESIGN,42
MIXED NUTS LIGHT GREEN BOWL,42
BLUE PATCH PENCIL CASE PINK HEART,42
FROG KING WATERING CAN,42
T-LIGHT HOLDER WHITE LACE,42
MONEY BOX FIRST ADE DESIGN,42
WHITE STITCHED CUSHION COVER,42
SKULL LUNCHBOX WITH CUTLERY ,42
ENGLISH ROSE IRONING BOARD COVER,42
CHARLIE AND LOLA TABLE TINS,42
SILVER GLASS T-LIGHT SET,41
WHITE RETRODISC LAMPSHADE,41
MEASURING TAPE BABUSHKA BLUE,41
VINTAGE KITCHEN PRINT VEGETABLES,41
PAINTED BIRD ASSORTED CHRISTMAS,41
STRAWBRY SCENTED VOTIVE CANDLE,41
RIDGED GLASS STORAGE JAR CREAM LID,41
TOYBOX  WRAP ,41
ASSORTED CHEESE FRIDGE MAGNETS,41
STRAWBERRY CANDY BAG,41
BLACK BAROQUE CUCKOO CLOCK,41
SKULLS DESIGN FLANNEL,41
"FLOWER FAIRY,5 SUMMER B'DRAW LINERS",41
FOLK ART METAL HEART T-LIGHT HOLDER,41
GREEN POLKADOT BOWL,41
ICE CREAM DESIGN GARDEN PARASOL,41
SILVER DIAMANTE PEN IN GIFT BOX,41
VINTAGE BLUE TINSEL REEL,41
PACK 3 IRON ON DOG PATCHES,41
WIRE FLOWER T-LIGHT HOLDER,41
PREMIUM CHURCH CANDLE,41
MEASURING TAPE RUSSIAN DOLL PINK,41
GIFT BAG PSYCHEDELIC APPLES,40
FOLKART BAUBLE CHRISTMAS DECORATION,40
"CARD, GINGHAM ROSE ",40
SET/4 2 TONE EGG SHAPE MIXING BOWLS,40
SET OF 36 DOILIES SPACEBOY DESIGN ,40
CUT GLASS T-LIGHT HOLDER OCTAGON,40
RED ORGANIC CANDLE IN GLASS,40
FOLDING UMBRELLA  CHOC/WHITE  SPOT,40
PAPERWEIGHT VINTAGE COLLAGE,40
GARDEN PATH POCKET BOOK,40
SET/6 SILVER REINDEER T-LIGHTS,40
FOLKART CROWN TABLE DECORATIONS,40
ASSORTED INCENSE PACK,40
ANTIQUE CREAM CUTLERY SHELF ,40
CERAMIC STRAWBERRY TRINKET TRAY,40
CLEAR MILKSHAKE GLASS,40
EMPIRE DESIGN ROSETTE,40
CLASSICAL ROSE DISH,40
CABIN BAG VINTAGE RETROSPOT,40
HELLO SAILOR BLUE SOAP HOLDER,40
NIGHTINGALE COATHOOK WHITE,40
MODERN VINTAGE COTTON SHOPPING BAG,40
"S/6 HALLOWEEN GHOST T LIGHTS, 5CM H",40
VINTAGE BEAD NOTEBOOK,40
ZINC TOP  2 DOOR WOODEN SHELF ,40
SWIRLY CIRCULAR RUBBERS IN BAG,40
BEACH HUT DESIGN BLACKBOARD,39
CUPID DESIGN SCENTED CANDLES,39
S/4 ROSE    BOTANICAL  CANDLE,39
WRAP  PINK FLOCK,39
GLASS CLOCHE LARGE,39
BEADED CRYSTAL HEART BLUE SMALL,39
FROG SOCK PUPPET,39
BLUE PAISLEY POCKET BOOK,39
DECORATIVE FLORE BATHROOM BOTTLE,39
ASSORTED WHITE EMBOSSED CHINA MUGS,39
WHITE BITTY LIGHT CHAIN ,39
BLUE SPOTTY PASSPORT COVER,39
ETCHED GLASS DROPLET DECORATION,39
COLOURFUL STANDING GNOME,39
ROSE DES PADDED FLOOR CUSHION,39
TOP SECRET PEN SET,39
WATERING CAN SINGLE HOOK PISTACHIO,39
GLASS SPHERE CANDLE STAND MEDIUM,39
WOODLAND STORAGE BOX LARGE ,39
RED BIRD HOUSE TREE DECORATION,39
STRIPES DESIGN TEDDY,39
GREEN ROSE WASHBAG,39
ASSORTED SANSKRIT MINI NOTEBOOK,39
"WRAP, BILLBOARD FONTS DESIGN",39
CANDY SPOT EGG WARMER HARE,39
SMALL FOLKART STAR CHRISTMAS DEC,39
HILDA CANDY SPOT RABBIT,39
HAWAIIAN GRASS SKIRT ,39
BLUE CIRCLES DESIGN MONKEY DOLL,39
POSY CANDY BAG,39
SET/4 BADGES CUTE CREATURES,39
METAL SIGN HIS DINNER IS SERVED,39
DAIRY MAID CERAMIC BUTTER DISH,39
PINK STRIPE HOT WATER BOTTLE,39
WHITE ADVENT CANDLE,39
2 PICTURE BOOK EGGS EASTER BUNNY,38
ENAMEL BLUE RIM OVAL TRAY SET/2,38
SET/12 FUNKY FELT FLOWER PEG IN BAG,38
PINK HEART CANDY BUTTON CALCULATOR,38
COLOURFUL FISHING GNOME,38
BIRD BOX CHRISTMAS TREE DECORATION,38
HEARTS GIFT TAPE,38
JACOBS LADDER SMALL,38
RATTLE SNAKE EGGS,38
BOHEMIAN COLLAGE STATIONERY SET,38
FLAG OF ST GEORGE ,38
BOOZE & WOMEN GREETING CARD ,38
BLUE FLY SWAT,38
CHOCOLATE 1 WICK MORRIS BOX CANDLE,38
YULETIDE IMAGES GIFT WRAP SET,38
BROWN FURRY HOT WATER BOTTLE,38
HAND OPEN SHAPE GOLD,38
LETTER SHAPE PENCIL SHARPENER,38
BOX OF 6 ASSORTED COLOUR TEASPOONS,38
IVORY KNITTED MUG COSY ,38
BLUE POLKADOT KIDS BAG,38
DAISY JOURNAL ,38
"TRAY, BREAKFAST IN BED",38
HANGING WOOD AND FELT FLOWER,38
3D STICKERS VINTAGE CHRISTMAS,38
SET OF THREE 50'S GIFT WRAPS ,38
RETRO PINK SPOT WASHING UP GLOVES,38
MAGIC GARDEN MOUNT FUJI,37
STRING OF 20 ROSE LIGHTS,37
BLUE EGG  SPOON,37
ENGLISH ROSE SCISSORS,37
FELT FARM ANIMAL RABBIT,37
SET OF SKULL WALL STICKERS,37
RED CHARLIE+LOLA PERSONAL DOORSIGN,37
PIN CUSHION BABUSHKA RED,37
BLUE ROCKING SINGING CANARY,37
ESSENTIAL BALM 3.5g TIN IN ENVELOPE,37
DOLLY HONEYCOMB GARLAND,37
GLASS CHALICE BLUE SMALL ,37
CUT GLASS HEXAGON T-LIGHT HOLDER,37
WRAP WEDDING DAY,37
BLUE SHARK HELICOPTER,37
IVORY HANGING DECORATION  EGG,37
MULTICOLOUR HONEYCOMB PAPER GARLAND,37
PINK SMALL JEWELLED PHOTOFRAME,37
ROUND CACTUS CANDLE,36
3D STICKERS TRADITIONAL CHRISTMAS ,36
FRYING PAN RED RETROSPOT,36
METAL DECORATION NAUGHTY CHILDREN ,36
MINI JIGSAW GO TO THE FAIR,36
RETROSPOT CANDLE  SMALL,36
SET OF 3 DANISH ROSE PLANTERS,36
FRYING PAN PINK POLKADOT,36
SET OF 6 ICE CREAM SKITTLES,36
GLASS CHALICE GREEN  SMALL ,36
SET OF PICTURE FRAME  STICKERS,36
METAL MEDINA LANTERN ,36
YELLOW SHARK HELICOPTER,36
FAIRY DREAMS INCENSE ,36
WOODLAND STORAGE BOX SMALL,36
SET/4 BADGES WOODLAND ANIMAL,36
CANDY SPOT APRON,36
SPACE OWL,36
MOUSEY LONG LEGS SOFT TOY,36
GREEN SWEETHEART BRACELET,36
CAMOUFLAGE EAR MUFF HEADPHONES,36
OCEAN SCENT CANDLE JEWELLED DRAWER,36
GLOW IN DARK DOLPHINS,36
BOYS ALPHABET IRON ON PATCHES,36
DOGGY RUBBER,36
SKULLS TAPE,36
DOORSTOP RUSSIAN DOLL RETROSPOT,35
MIRROR MOSAIC T-LIGHT HOLDER ROUND,35
PINK CAT BOWL,35
RETRO SPOT CANDLE  SMALL,35
DAISY SKETCHBOOK ,35
RED RETROSPOT TOASTRACK,35
"FRENCH BOTTLE, BRASSERIE DES ARTIST",35
BLUE NEW BAROQUE CANDLESTICK CANDLE,35
CHRISTMAS TREE T-LIGHT HOLDER,35
ABSTRACT CIRCLES POCKET BOOK,35
DAISY FOLKART HEART DECORATION,35
DOOR MAT NEIGHBOURHOOD WITCH ,35
SMALL TALL CAMPHOR WOOD TOADSTOOL,35
PIN CUSHION RUSSIAN DOLL RED,35
SET/6 WOODLAND PAPER PLATES,35
PINK PAISLEY CUSHION COVER ,35
RED AND WHITE SPOT TAPE,35
SILVER TEDDY BEAR,35
PINK NEW BAROQUECANDLESTICK CANDLE,35
"FRENCH BLUE METAL DOOR SIGN, No",35
SILVER VANILLA  FLOWER CANDLE POT,35
BLACK MINI TAPE MEASURE ,35
BLUE CHARLIE+LOLA PERSONAL DOORSIGN,35
4 LAVENDER BOTANICAL DINNER CANDLES,35
 SILVER CHERRY LIGHTS,35
PINK DOG BOWL,35
S/4 GROOVY CAT MAGNETS,35
BLUE SWEETHEART BRACELET,35
TEATIME PEN CASE & PENS,35
"SMALL POP BOX,FUNKY MONKEY",35
BLUE PUDDING SPOON,35
S/4 BLACK DINNER CANDLE SILVER FLOC,34
CITRUS GARLAND FELT FLOWERS ,34
TUB 24 HANGING EASTER EGGS SPOTTY,34
YELLOW POT PLANT CANDLE,34
WRAP BLIZZARD,34
SILVER HANGING T-LIGHT HOLDER DOME,34
PENS ASSORTED SPACEBALL,34
DAIRY MAID TOASTRACK,34
MOROCCAN BEATEN METAL MIRROR,34
WRAP DAISY CARPET ,34
BLUE DRAWER KNOB ACRYLIC EDWARDIAN,34
"LETTER ""K"" BLING KEY RING",34
DAISY NOTEBOOK ,34
ASSORTED FARMYARD ANIMALS IN BUCKET,34
PINK POT PLANT CANDLE,34
HEART EAR MUFF HEADPHONES,34
CRAZY DAISY HEART DECORATION,34
LARGE RED SPOT WINDMILL,34
DAIRY MAID BUTTER DISH,34
DANISH ROSE ROUND SEWING BOX,34
SET/6 COLLAGE PAPER CUPS,34
ASSORTED FLORAL SECATEURS,34
WRAP MONSTER FUN ,34
SCENTED CANDLE IN DIGITALIS TIN,34
SET/4 BIRD MIRROR MAGNETS ,34
FUNKY GIRLZ ASST MAGNETIC MEMO PAD,34
SMALL ORIENTAL BLUE FOLDING STOOL,34
SMALL GLASS SUNDAE DISH CLEAR,34
VINTAGE NOTEBOOK TRAVELOGUE,34
NOEL GARLAND PAINTED ZINC ,34
3D STICKERS CHRISTMAS STAMPS,34
CARNIVAL BRACELET,34
EAU DE NILE JEWELLED PHOTOFRAME,34
ROSE DU SUD CHILDS APRON,34
FUNKY MONKEY GIFT BAG MEDIUM,34
DIAMANTE BOW BROOCH BLACK COLOUR,33
FLOWER FAIRY INCENSE BOUQUET,33
CHALKBOARD KITCHEN ORGANISER,33
WHITE HEART CONFETTI IN TUBE,33
CERAMIC BIRDHOUSE BLACK ROSE  LARGE,33
TEXRIO TOMATOES CANDLE+CUP,33
"ART LIGHTS,FUNK MONKEY",33
2 PICTURE BOOK EGGS EASTER CHICKS,33
LILAC DIAMANTE PEN IN GIFT BOX,33
MULTICOLOUR SPRING FLOWER MUG,33
SILVER T-LIGHT SETTING,33
 HOME SWEET HOME  BLACKBOARD,33
NAMASTE SWAGAT INCENSE,33
PINK KNITTED COW STUFFED TOY,33
PINK OVAL JEWELLED MIRROR,33
LARGE ROUND CUTGLASS CANDLESTICK,33
BREAD BIN DINER STYLE MINT,33
CAROUSEL DES CHILD'S APRON,33
JARDIN ETCHED GLASS FRUITBOWL,33
YELLOW FLOWERS FELT HANDBAG KIT,33
4 PINK FLOCK CHRISTMAS BALLS,33
SET OF 4 NEW ENGLAND PLACEMATS,33
LARGE SKULL WINDMILL,33
2 PICTURE BOOK EGGS EASTER DUCKS,32
S/2 BEACH HUT TREASURE CHESTS,32
"DECORATION , WOBBLY CHICKEN, METAL ",32
WHITE HONEYCOMB PAPER GARLAND ,32
PINK SWEETHEART BRACELET,32
SET/6 BEAD COASTERS GAUZE BAG GOLD,32
S/4 BLUE DINNER CANDLE SILVER FLOCK,32
ROSE DU SUD OVEN GLOVE,32
VINTAGE KITCHEN PRINT SEAFOOD,32
ELEPHANT CARNIVAL POUFFE,32
SCENTED VELVET LOUNGE CANDLE ,32
SUMMER FUN DESIGN SHOWER CAP,32
EASTER DECORATION EGG BUNNY ,32
KEY CABINET MA CAMPAGNE,32
GIFT BAG BIRTHDAY,32
PAPERWEIGHT HOME SWEET HOME,32
GREEN DRAWER KNOB ACRYLIC EDWARDIAN,32
CERAMIC LOVE HEART MONEY BANK,32
LUNCHBAG SUKI  DESIGN ,32
PINK GINGHAM CAT WITH SCARF,32
CAROUSEL DES CHILD'S OVERALL,32
CREAM WALL PLANTER HEART SHAPED,32
SWEETHEART WIRE MAGAZINE RACK,32
BEADED CRYSTAL HEART PINK LARGE,32
WHITE GOOSE FEATHER CHRISTMAS TREE ,32
S/12 MINI RABBIT EASTER,32
PAISLEY PATTERN  STICKERS,32
PINK  HONEYCOMB PAPER BALL ,32
PAINTED YELLOW WOODEN DAISY,32
PINK JEWELLED PHOTO FRAME ,32
BEACH HUT SHELF W 3 DRAWERS,32
SET OF 12  VINTAGE POSTCARD SET,32
APRON MODERN VINTAGE COTTON,32
BLUE TV TRAY TABLE ,32
RED RETROSPOT PURSE ,31
JAM JAR WITH GREEN LID,31
ROMANTIC IMAGES SCRAP BOOK SET,31
SET OF 6 HALLOWEEN GHOST T-LIGHTS,31
CINNAMON SCENTED VOTIVE CANDLE,31
SET/6 FRUIT SALAD PAPER CUPS,31
"GREETING CARD, RITA",31
"LETTER ""S"" BLING KEY RING",31
PAPERWEIGHT KINGS CHOICE ,31
SET/6 FRUIT SALAD  PAPER PLATES,31
CANDLE PLATE LACE WHITE,31
CAKES AND RABBITS DESIGN FLANNEL ,31
STRING OF STARS CARD HOLDER,31
SET OF 4 NAPKIN CHARMS 3 KEYS ,31
BLUE SPOTTY PURSE ,31
SET OF 4 NEW ENGLAND COASTERS ,31
"DECORATION , HANGING METAL CHICKEN",31
DOORSTOP RACING CAR DESIGN,31
JARDIN ETCHED GLASS BUTTER DISH,31
"LETTER ""A"" BLING KEY RING",31
BLACK METAL BAROQUE PHOTO FRAME,31
GIANT BLACK SUNGLASSES,31
FOLK ART METAL STAR T-LIGHT HOLDER,31
ANTIQUE GLASS PLACE SETTING,31
VINTAGE SHELLS PRINT,31
FRAPPUCINO SCARF KNITTING KIT,31
RETRO SPOT PARTY BAG + STICKER SET,31
JAM JAR WITH PINK LID,31
S/16 VINTAGE PISTACHIO CUTLERY,30
FORKED CACTUS CANDLE,30
ASS FLORAL PRINT MULTI SCREWDRIVER,30
ASS COL SMALL SAND FROG P'WEIGHT,30
MINI CAKE STAND T-LIGHT HOLDER,30
SET/5 BLUE SPOTTY LID GLASS BOWLS,30
SMALL PINK GLASS SUNDAE DISH,30
RED RETROSPOT TISSUE BOX,30
RETRO SPOT CANDLE  LARGE,30
SET/6 STRAWBERRY PAPER CUPS,30
NINJA RABBIT PINK,30
CIRCLE OF FRIENDS CANDLE HOLDER,30
36 PENCILS TUBE POSY,30
GLASS CAKE STAND MIRRORED BASE,30
VINTAGE NOTEBOOK PARIS DAYS,30
OVEN MITT APPLE DESIGN,30
PINK/WHITE CHRISTMAS TREE 60CM,30
PATCHWORK PENCIL CASE BUTTERFLY ,30
OPIUM SCENTED VOTIVE CANDLE,30
ENAMEL BLUE RIM COFFEE CONTAINER,30
INLAID WOOD INCENSE HOLDER,30
ROUND PINK HEART MIRROR,30
S/2 ZINC HEART DESIGN PLANTERS,30
PINK FLOWER FABRIC PONY,30
RED HEARTS LIGHT CHAIN ,29
BEACH HUT MIRROR,29
4 GOLD FLOCK CHRISTMAS BALLS,29
CAKE STAND VICTORIAN FILIGREE SMALL,29
BLACK CHRISTMAS TREE 60CM,29
SET OF 3 CHRISTMAS BRIAR CANDLES,29
BUTTONS DESIGN JEWELLERY BOX,29
BLUE SQUARE COMPACT MIRROR,29
3D SHEET OF SEA WORLD STICKERS,29
NEW BAROQUE BLACK PHOTO ALBUM,29
BUTTONS AND STRIPES NOTEBOOK ,29
CAMOUFLAGE DESIGN TEDDY,29
FLOWER FAIRY SET 3 CANDLES LAVENDER,29
ECONOMY PASSPORT COVER ,29
ENGLISH ROSE NOTEBOOK A6 SIZE,29
S/4 BLACK MINI ROSE CANDLE IN BOWL,29
EDWARDIAN TOILET ROLL UNIT ,29
LIGHTHOUSE PRINTED METAL SIGN,29
PINK PAISLEY QUILT ,29
ASS COLOUR GLOWING TIARAS,29
3 ROSE MORRIS BOXED CANDLES,29
DOG BOWL VINTAGE CREAM,29
MIRROR MOSAIC CANDLE PLATE,29
PAIR PADDED HANGERS PINK CHECK,29
SMALL TAHITI BEACH BAG,29
RED DAISY POCKET BOOK ,29
SET OF 4 POLKADOTS COASTERS,29
SET/6 3D KIT CARDS FOR KIDS,29
ELVIS WALLHANGING / CURTAIN,28
S/4 PURPLE DINNER CANDLE BLK FLOCK,28
TWO EMBOSSED HEART MINI DRAWERS,28
KNITTED MUG COSY IVORY COLOUR ,28
"POCKET MIRROR ""GLAMOROUS""",28
SET/4 MODERN VINTAGE COTTON NAPKINS,28
FOOD/DRINK SPONGE STICKERS,28
VINTAGE NOTEBOOK BEAUTY GIRL,28
REDWHITE STRIPE SCANDINAVIAN HEART ,28
6 HOOK JEWELLERY STAND BLACK DRESS,28
MIDNIGHT GLAMOUR SCARF KNITTING KIT,28
MIRROR MOSAIC VOTIVE HOLDER,28
PINK STITCHED WALL CLOCK,28
FOLDING UMBRELLA RED/WHITE POLKADOT,28
GOLD PHOTO FRAME,28
PAINTED LIGHTBULB STAR+ MOON,28
ASSTD FRUIT+FLOWERS FRIDGE MAGNETS,28
SET/3 POT PLANT CANDLES,28
PURPLE SWEETHEART BRACELET,28
SET OF 4 NAPKIN CHARMS INSTRUMENT,28
MULTICOLOUR HONEYCOMB FAN,28
PINK PATCH PENCIL CASE BLUE HEART,28
RED DAISY PAPER LAMPSHADE,28
GREEN POLKADOT PLATE ,27
VINTAGE PINK DECORATIVE PARASOL,27
COW  SOCK PUPPET,27
JARDIN ETCHED GLASS GINGER JAR,27
SWEET PUDDING STICKER SHEET,27
"CHARLIE+LOLA""EXTREMELY BUSY"" SIGN",27
VIP LUGGAGE TAG ,27
CURIOUS IMAGES SCRAP BOOK SET,27
FLOOR CUSHION ELEPHANT CARNIVAL,27
PEG BAG APPLE DESIGN,27
S/16 VINTAGE BLACK CUTLERY,27
MEASURING TAPE RUSSIAN DOLL BLUE,27
SILVER PHOTO FRAME,27
DENIM PATCH PENCIL CASE BUTTERFLY,27
IVORY HANGING DECORATION  CHICKEN,27
CHUNKY SILVER NECKLACE PASTEL FLOWE,27
CLASSIC FRENCH STYLE BASKET BROWN,27
WHITE WITH BLACK CATS BOWL,27
DANISH ROSE DELUXE COASTER,27
"LETTER ""C"" BLING KEY RING",27
"FEATHER DUSTER, COAL BLACK",27
MADRAS NOTEBOOK LARGE ,27
RETRO SISTERS EXPRESSO CUPS,27
SET/6 PINK BIRD T-LIGHT CANDLES,27
COCKLE SHELL DISH,27
CERAMIC BIRDHOUSE FINCH BLUE  LARGE,27
BLUE SCOTTIE DOG W FLOWER PATTERN,27
PINK FLUFFY CHRISTMAS DECORATION,27
SPACE BOY GIFT WRAP,27
RETRO LAUNDRY TUB PINK,27
JINGLE BELLS TREE DECORATION,27
CLAM SHELL SMALL ,27
PINK 3 TIER GLASS PLATE STAND,26
ENGLISH ROSE SCENTED HANGING HEART,26
CHRYSANTHEMUM POCKET BOOK ,26
PIN CUSHION RUSSIAN DOLL PINK,26
MINI PAINTED GARDEN DECORATION ,26
CUSHION COVER PINK UNION JACK,26
SET 4 NURSERY DES ROUND BOXES,26
 CHERRY BLOSSOM  DECORATIVE FLASK,26
BLUE  DIAMANTE PEN IN GIFT BOX,26
SMALL CAMPHOR WOOD FIELD  MUSHROOM,26
S/4 PINK DINNER CANDLE SILVER FLOCK,26
LARGE  TALL CAMPHOR WOOD TOADSTOOL ,26
GLASS BONBON JAR. D'AMANDES,26
WHITE SAGE INCENSE,26
SMALL POLKADOT CHOCOLATE GIFT BAG ,26
MILK PAN PINK POLKADOT,26
SALT AND PEPPER SHAKERS TOADSTOOLS,26
STANDING FAIRY POLE SUPPORT ,26
FOLDING UMBRELLA  WHITE/RED  SPOT,26
BOX/12 MOTHER & CHICK IN BASKET/BOW,26
BLUE COAT RACK PARIS FASHION,26
ENGLISH ROSE SMALL SCENTED FLOWER,26
FLORAL BATHROOM SET,26
"LETTER ""J"" BLING KEY RING",26
MOCK LOBSTER FRIDGE MAGNET,26
FAIRY CAKE WICKER PICNIC BASKET ,26
BOTANICAL LAVENDER GIFT WRAP ,26
BROCANTE COAT RACK,26
PINK GLASS CANDLEHOLDER,26
RED REINDEER STRING OF 20 LIGHTS,26
ASSORTED MINI MADRAS NOTEBOOK,26
S/16 VINTAGE SKY BLUE CUTLERY,26
VINTAGE PHOTO ALBUM PARIS DAYS,26
HIPPY CHIC DECORATIVE PARASOL,26
FILIGREE WALL MIRROR  ANTIQUE WHITE,26
WHITE AND BLUE CERAMIC OIL BURNER,26
BLUE GINGHAM ROSE QUILT ,26
PHOTO CLIP LINE,26
POLYESTER FILLER PAD 45x30cm,25
SQUARECUSHION COVER PINK UNION FLAG,25
MR ROBOT SOFT TOY,25
FELT EGG COSY LADYBIRD ,25
PINK AND LILAC QUILTED THROW ,25
DARK BIRD HOUSE TREE DECORATION,25
CROCHET BEAR WITH BLUE STRIPES,25
"LETTER ""M"" BLING KEY RING",25
GLASS CHALICE GREEN  LARGE ,25
PINK SCOTTIE DOG W FLOWER PATTERN,25
S/4 FESTIVE RED DINNER CANDLES,25
WAKE UP COCKEREL CALENDAR SIGN ,25
FRENCH CHATEAU SMALL FRUITBOWL,25
BLACK LOVE BIRD CANDLE,25
DANISH ROSE UMBRELLA STAND,25
ASSORTED CIRCULAR MOBILE,25
CHILDRENS APRON APPLE DESIGN,25
PINK HAWAIIAN PICNIC HAMPER FOR 4,25
ENGLISH ROSE PLACEMATS,25
72 CAKE CASES DOLLY GIRL DESIGN,25
ASSORTED TUTTI FRUTTI KEYRING BALL,25
STRING CRYSTALS NATURAL,25
BLUE  SPOTTY  COFFEE MUG,25
S/4 SKY BLUE DINNER CANDLES,25
FAIRY CAKE CERAMIC BUTTER DISH,25
SMALL CHUNKY GLASS ROMAN  BOWL,25
BLACK CHAMPAGNE GLASS,25
SET OF 2 CHRISTMAS DECOUPAGE CANDLE,25
CANDY HEART HANGING DECORATION,25
SET OF 4 NAPKIN CHARMS CROWNS ,25
SMALL ROUND CUT GLASS CANDLESTICK,25
ASS FLORAL PRINT TAPE MEASURE,25
BLOSSOM IMAGES SCRAP BOOK SET,25
POLYESTER FILLER PAD 30CMx30CM,25
CAKES AND BOWS GIFT  TAPE,25
VINTAGE GLASS SUGAR CADDY,25
CHERRY BLOSSOM LUGGAGE TAG,25
CERAMIC PLATE LOVE HEART DESIGN,25
S/4 ROSE PINK DINNER CANDLES,25
"LETTER ""E"" BLING KEY RING",25
TRIANGULAR POUFFE VINTAGE ,25
FLAT PALM T-LIGHT HOLDER,25
"RETRO ""TEA FOR ONE"" ",25
PINK JEWELLED PHOTO FRAME,25
MINI  ZINC GARDEN DECORATIONS ,25
BREAD BIN DINER STYLE PINK,25
ROSE DU SUD COSMETICS BAG,25
PERIWINKLE T-LIGHT HOLDER,25
MIRRORED DOVE WALL DECORATION,24
SILVER CHARM NECKLACE 70CM,24
CANDY SPOT HAND BAG,24
GLASS CHICKEN BUTTER DISH,24
MIRROR MOSAIC HURRICANE LAMP ,24
CHARLIE+LOLA MY ROOM DOOR SIGN,24
S/6 SILVER ORNAMENETAL CANDLE,24
SMALL MARAKESH METAL  LANTERN ,24
FLORAL SOFT CAR TOY,24
CLASSICAL ROSE CANDLESTAND,24
"LETTER ""L"" BLING KEY RING",24
FOLK FELT HANGING MULTICOL GARLAND,24
BROWN FLOWER LIGHTS,24
BLUE SAVANNAH PICNIC HAMPER FOR 4,24
JAZZ HEARTS MEMO PAD,24
SMALL GREEN PEONY FOLDING STOOL,24
CAMPHOR WOOD PORTOBELLO MUSHROOM,24
RETRO PINK BALL ASHTRAY ,24
BLUE  SPOTTY PUDDING BOWL,24
PARTY PIZZA DISH BLUE RETROSPOT,24
3 TRADITIONAl BISCUIT CUTTERS  SET,24
BIRTHDAY PARTY CORDON BARRIER TAPE,24
WHITE PICNIC BARBECUE BUCKET,24
POLKA DOT PEN,24
BATHROOM SCALES FOOTPRINTS IN SAND,24
PIECE OF CAMO STATIONERY SET,24
FOLKART STAR CHRISTMAS DECORATIONS,24
RED SPOTTY PUDDING BOWL,24
GREEN BLUE FLOWER PIGGY BANK,24
PURPLE GREEN FLOWER PIGGY BANK,24
TURQ ICE CREAM BUM BAG ,24
RIDGED GLASS T-LIGHT HOLDER,24
 IVORY PAPER CUP CAKE CASES ,24
ROSE DU SUD CUSHION COVER ,23
S/3 TEAR DROP CUT GLASS DECORATION,23
BOTANICAL LILY GIFT WRAP,23
CLEAR STATIONERY BOX SET ,23
RETRO SPOT CANDLE  MEDIUM,23
CUPBOARD 3 DRAWER MA CAMPAGNE,23
FAIRY CAKES RECTANGLUAR BOXES,23
ASSORTED TUTTI FRUTTI PHOTO FRAME,23
NEW ENGLAND EGG WARMER,23
PACK/12 BLUE FOLKART CARDS,23
MIRROR MOSAIC T-LIGHT HOLDER ,23
GOLD EAR MUFF HEADPHONES,23
CAT BOWL VINTAGE CREAM,23
3 WHITE CHOC MORRIS BOXED CANDLES,23
WHITE BAROQUE WALL CLOCK ,23
FRENCH CHATEAU LARGE PLATTER ,23
STARFISH SOAP DISH,23
SET/3 TALL GLASS CANDLE HOLDER PINK,23
PINK LOVE BIRD CANDLE,23
SET/16 WHITE SHINY & MATT BAUBLES,23
BLUE TRAVEL FIRST AID KIT,23
FLORAL BLUE MONSTER,23
BLACK BAROQUE WALL CLOCK ,23
FOLDING UMBRELLA BLACKBLUE POLKADOT,23
SET/4 DAISY MIRROR MAGNETS,23
ORANGE VOTIVE CANDLE,23
BLACK SILOUETTE CANDLE PLATE,23
BLACK CANDELABRA T-LIGHT HOLDER,23
SET OF 16 VINTAGE ROSE CUTLERY,23
YELLOW PURPLE DAISY FELT PURSE KIT,23
RED RETROSPOT SHOPPING BAG,23
IVORY FELT EASTER RABBIT GARLAND,23
ZINC HEART LATTICE PLANTER BOWL,23
FLOWER FAIRY SUMMER BOUQUET SACHET,23
SWEET VALENCIA CANDLE+CUP,23
BEADED CRYSTAL HEART GREEN SMALL,23
SQUARE FLOOR CUSHION VINTAGE RED,23
FRENCH CHATEAU OVAL PLATTER,23
ROMANTIC IMAGES GIFT WRAP SET,23
SOFT PINK ROSE TOWEL ,23
POP ART PEN CASE & PENS,23
ORANGE TV TRAY TABLE ,23
MA CAMPAGNE MINI WOODEN CHEST,22
MIRRORED WALL ART SKULLS,22
PINK RIVIERA HANDBAG,22
PADDED RED HEART DECORATION,22
VINTAGE ROSE BEAD BRACELET BLACK,22
ASSORTED LAQUERED INCENSE HOLDERS,22
PARTY PIZZA DISH RED WHITE SPOT ,22
DANISH ROSE DECORATIVE PLATE,22
HEAVENS SCENT FRAGRANCE OILS ASSTD,22
PACK/12 BLUE REINDEER CARD,22
5 STRAND GLASS NECKLACE CRYSTAL,22
SILVER FISHING GNOME ,22
NEW ENGLAND MILK JUG W GIFT BOX,22
CUSHION COVER PINK UNION FLAG,22
FAIRY CAKE PLACEMATS,22
WHITE WITH BLACK CATS PLATE,22
4 BURGUNDY WINE DINNER CANDLES,22
GREEN FERN POCKET BOOK,22
SET OF 16 VINTAGE PISTACHIO CUTLERY,22
SET/4 SPRING FLOWER DECORATION,22
GOLD WASHBAG,22
SPACE FROG,22
TEATIME ROUND PENCIL SHARPENER ,22
CUTE CATS TAPE,22
LIBRARY LAMP,22
DOORSTOP RUSSIAN DOLL GINGHAM,22
PINK TEATIME PRINT BOWL,22
SET/4 COLOURFUL MIXING BOWLS,22
ASSORTED MONKEY SUCTION CUP HOOK,22
WHITE BIRD GARDEN DESIGN MUG,22
"RUSTIC WOODEN CABINET, GLASS DOORS",22
BLACK SWEETHEART BRACELET,22
SMALL SQUARE CUT GLASS CANDLESTICK,22
ASS FLORAL PRINT SCISSORS,22
SCANDINAVIAN 3 HEARTS NAPKIN RING,22
PINK & WHITE BREAKFAST TRAY,21
S/4 FESTIVE GREEN DINNER CANDLES,21
CROCHET ROSE PURSE WITH SUEDE BACK,21
PING! MICROWAVE PLATE,21
FLOWER PENCIL/RUBBER+5 MINI PENCILS,21
PING MICROWAVE APRON,21
CABIN BAG VINTAGE PAISLEY,21
S/4 BURGUNDY WINE DINNER CANDLES,21
PADDED HOLLY CHRISTMAS DECORATION ,21
MRS ROBOT SOFT TOY,21
ZINC HEART LATTICE TRAY OVAL ,21
FRENCH STYLE EMBOSSED HEART CABINET,21
VINTAGE BEAD PINK JEWEL BOX,21
GREEN POP ART MAO CUSHION COVER ,21
CANDY BUTTON PHOTO ALBUM,21
PINK MURANO TWIST BRACELET,21
ENAMEL COLLANDER CREAM,21
GREEN SQUARE COMPACT MIRROR,21
 VINTAGE DESIGN GIFT TAGS,21
BLUE FLOCK GLASS CANDLEHOLDER,21
ROSE DU SUD DRAWSTRING BAG,21
PURPLE GEMSTONE BRACELET,21
SET/2 BLUE  NOODLE BASKETS,21
WHITE GLASS CHUNKY CHARM BRACELET,21
RED VICTORIAN FABRIC HEART BOX,21
SEASIDE FRISBEE ,21
SILVER DISCO HANDBAG,21
FROSTED WHITE BASE ,21
BEACH HUT PHOTO FRAME,21
IVORY STRING CURTAIN WITH POLE ,21
PINK PICNIC BARBECUE BUCKET,21
ASSTD DESIGN 3D PAPER STICKERS,21
FRENCH CHATEAU LARGE FRUIT BOWL ,21
FAIRY CAKE PLACEMATS ,21
CHILDRENS DOLLY GIRL MUG,21
WOODEN CHRISTMAS TREE 3 HANGING,21
PINK PILLAR CANDLE SILVER FLOCK,21
"WALL MIRROR , RECT DIAMANTE, PINK/",21
PIN CUSHION BABUSHKA PINK,21
TABLE LAMP WHITE SHADE WOOD BASE,21
RETROSPOT BABUSHKA DOORSTOP,21
BIRD DECORATION RED RETROSPOT,21
GREEN GIANT GARDEN THERMOMETER,21
WINE BOTTLE DRESSING LT.BLUE,21
SET/10 IVORY POLKADOT PARTY CANDLES,21
BATHROOM SCALES RUBBER DUCKS,21
BATHROOM SET LOVE HEART DESIGN,21
SET/3 CHRISTMAS BRIAR CANDLES,21
GINGHAM BABUSHKA DOORSTOP,21
GLASS BONBON JAR. SUPERFINES,21
MULTICOLOUR  CONFETTI IN TUBE,21
CANDY STRIPE ROSE C/COVER ,20
SCALLOP SHELL SOAP DISH,20
JARDIN ETCHED GLASS SMALL BELL JAR,20
PINK CRYSTAL HEART PHONE CHARM,20
ROSE DU SUD WASHBAG ,20
SIX STRING SCANDINAVIAN HEART DECS,20
ZINC HEART LATTICE DOUBLE PLANTER,20
WHITE ANEMONE ARTIFICIAL FLOWER,20
BLUE SPOTTY BEAKER ,20
FIRST CLASS HOLIDAY PURSE ,20
CARTOON  PENCIL SHARPENERS,20
PINK  HONEYCOMB PAPER FAN,20
FOOD/DRINK SPUNGE STICKERS,20
SET OF 4 ROSE BOTANICAL CANDLES,20
FRENCH FLORAL CUSHION COVER ,20
GOLD TEDDY BEAR,20
BOOM BOX SPEAKER GIRLS,20
LARGE CHUNKY GLASS ROMAN BOWL,20
SPRIG LAVENDER ARTIFICIAL FLOWER,20
MINI JIGSAW LEAP FROG,20
SET OF 3 VINTAGE TEA TIME BOXES,20
SUNFLOWER DECORATIVE PARASOL,20
OLIVE CHALET BIRDFEEDER,20
BLUE CHALET BIRDFEEDER,20
SET/6 EAU DE NIL BIRD T-LIGHTS,20
PORCELAIN CHERUB BELL SMALL,20
12 PINK HEN+CHICKS IN BASKET,20
FOLKART CLIP ON STARS,20
"TUMBLER, ENGLISH ROSE",20
TEATIME GEL PENS ASST,20
PINK AND WHITE CHRISTMAS TREE 120CM,20
SET OF 3 PINK FLYING DUCKS,20
POP'S GREASY SPOON METAL SIGN,20
KITCHEN FLOWER POTS WALL PLAQUE,20
DECORATIVE NET CANOPY CREAM,20
RED DRAGONFLY HELICOPTER,20
PASTEL COLOUR HONEYCOMB FAN,20
ASSORTED COLOUR LIZARD SUCTION HOOK,20
CHERRY BLOSSOM PASSPORT COVER,20
LAVENDER SCENT CAKE CANDLE,19
ANT COPPER LIME BOUDICCA BRACELET,19
PIN CUSHION RUSSIAN DOLL BLUE,19
NEW BAROQUE JEWELLERY BOX ,19
SMALL ORIENTAL RED FOLDING STOOL,19
NINJA RABBIT BLACK,19
MOROCCAN BEATEN METAL DISH,19
VANILLA INCENSE 40 CONES IN TIN,19
FAIRY CAKES ROUND NESTING BOXES,19
CALENDAR FAMILY FAVOURITES,19
TURQOISE ICE CREAM SUNHAT,19
RETROSPOT CANDLE  LARGE,19
"GREETING CARD, OVERCROWDED POOL.",19
BEST DAD CANDLE LETTERS,19
BLACK CHUNKY BEAD BRACELET W STRAP,19
PARTY TIME DESIGN FLANNEL,19
SET/6 POSIES PAPER PLATES,19
LARGE CAMPHOR WOOD FIELD MUSHROOM ,19
CERAMIC BIRDHOUSE BUTTERFLY LARGE,19
CLEAR COLOUR GLASS GEMS IN BAG,19
S/6 PINK EASTER DECS IN BOX,19
MIRRORED WALL ART STARS,19
SET OF 6 T-LIGHTS WEDDING CAKE ,19
JARDIN ETCHED GLASS CANDLEHLDR LONG,19
SET OF 72 BLACK PAPER DOILIES ,19
FAIRY CAKES TILE COASTER,19
BLACK SILVER FLOWER T-LIGHT HOLDER,19
ENAMEL BLUE RIM TEA CONTAINER,19
SPACE CADET RED,19
RAINBOW PEGS PHOTO CLIP STRING,19
SMALL KITCHEN FLOWER POTS PLAQUE,19
S/3 RABBIT FLOWER/EGG/CARROT ROPE,19
BLUE VICTORIAN FABRIC HEART BOX,19
HOUSE SHAPE PENCIL SHARPENER,19
YELLOW EASTER EGG HUNT START POST,19
GREEN ROSE CUSHION COVER,19
SET/3 RABBITS FLOWER SKIPPPING ROPE,19
CHILDREN'S SPACEBOY MUG,19
ASSORTED SHAPES PHOTO CLIP SILVER ,19
SILVER RETRODISC LAMPSHADE,19
SUNSET COLOUR CHUNKY KNITTED THROW,19
CERAMIC BIRDHOUSE RED ROOF LARGE,19
PINK FELT EASTER RABBIT GARLAND,19
BLACK GEMSTONE BRACELET,19
PARTY PIZZA DISH PINK RETROSPOT,19
PSYCHEDELIC WALL THERMOMETER,18
MOSAIC GLASS BALL CANDLEHOLDER,18
PINK FEATHER CHRISTMAS DECORATION,18
BROWN ANTIQUE CUBE CANDLE,18
CUBIC MUG PINK POLKA DOT,18
LARGE TORTILLA DESIGN RED BOWL,18
PINK MINI TAPE MEASURE ,18
GREEN 3 TIER GLASS PLATE STAND,18
"WRAP, CAROUSEL",18
LARGE PINK GLASS SUNDAE DISH,18
RETRO LONGBOARD IRONING BOARD COVER,18
SET/6 GOLD REINDEER T-LIGHT CANDLES,18
PAPERWEIGHT VINTAGE PAISLEY,18
Bank Charges,18
MADRAS NOTEBOOK MEDIUM,18
DANISH ROSE TRINKET TRAYS,18
FLOWER WINDMILL,18
BLUE WIRE SPIRAL CANDLE HOLDER,18
FRENCH BLUE METAL DOOR SIGN 1,18
Adjustment by john on 26/01/2010 16,18
MIRROR LOVE BIRD T-LIGHT HOLDER,18
LION SOCK PUPPET,18
SET/6 GARDEN GNOME T-LIGHT CANDLES,18
MULTICOLOUR GLASS PLATE,18
CONDIMENT TRAY 4 BOWLS AND 4 SPOONS,18
GOLD PRINT PAPER BAG,18
SCOTTIES DESIGN BABY BIB,18
BLACK PILLAR CANDLE SILVER FLOCK,18
BLACK AND WHITE PAISLEY FLOWER MUG,18
GREEN PICNIC BARBECUE BUCKET,18
SPACE CADET WHITE,18
FELT FARM ANIMAL HEN,18
BEADED CRYSTAL HEART BLUE  LARGE,18
BLUE KNITTED HEN ,18
HEART BUTTONS JEWELLERY BOX,18
S/6 MULTICOLOUR ORNAMENETAL CANDLE,18
WISE MAN STAR SHAPE EGG PAN,18
SET/6 STRAWBERRY PAPER PLATES,18
POCKET MIRROR WOODLAND,18
S/6 SEW ON CROCHET FLOWERS,18
PINK ROUND BUTTERFLY MIRROR ,18
GREEN  DIAMANTE PEN IN GIFT BOX,18
LAVENDER INCENSE 40 CONES IN TIN,18
SWEETHEART WIRE FRUIT BOWL,18
BLACK FLOWER CANDLE PLATE,18
FOLKART CHRISTMAS TREE T-LIGHT HOLD,18
ECONOMY HOLIDAY PURSE,18
FUNKY MONKEY CUSHION COVER,18
WHITE MURANO TWIST BRACELET,18
MIRROR MOSAIC GOBLET CANDLE HOLDER,17
MOROCCAN BEATEN METAL DISH LARGE,17
PAINTED LIGHTBULB RAINBOW DESIGN,17
DAIRY MAID CERAMIC TOASTRACK,17
ASS DES PHONE SPONGE CRAFT STICKER,17
ASS FLORAL PRINT SPIRIT LEVEL ,17
BLUE CIRCLES DESIGN TEDDY,17
COLUMBIAN CUBE CANDLE,17
SMALL HANGING GLASS+ZINC LANTERN,17
ASSORTED COLOUR SUCTION CUP HOOK,17
PINK KNITTED EGG COSY,17
S/16 VINTAGE RED CUTLERY,17
SMALL PINK PEONY FOLDING STOOL,17
PINK DISCO HANDBAG,17
BLUE STONES ON WIRE FOR CANDLE,17
BLCK NEW BAROQUE CANDLESTICK CANDLE,17
S/3 PINK SQUARE PLANTERS ROSES,17
MIRRORED WALL ART PHOTO FRAMES,17
MULTICOLOUR RABBIT EGG WARMER,17
 4 PURPLE FLOCK DINNER CANDLES,17
MA CAMPAGNE 4 DRAWER WALL SHELF,17
CAROUSEL PONIES BABY BIB,17
PILLOWCUSHION COVER PINK UNION JACK,17
SPOTS MUG,17
CERISE+GOLD CHRISTMAS STOCKING DEC,17
BLUE & WHITE BREAKFAST TRAY,17
KINGS CHOICE SMALL TUBE MATCHES,17
VINTAGE BLUE KITCHEN CABINET,17
PINK/BLUE DISC/MIRROR STRING,17
JARDIN ETCHED GLASS LARGE BELL JAR,17
PASTEL PINK PHOTO ALBUM ,17
"LETTER ""H"" BLING KEY RING",17
RED COAT RACK PARIS FASHION,17
RETROSPOT CANDLE  MEDIUM,17
FLOWER BURST SILVER RING CRYSTAL,17
HERB MARKER PARSLEY,17
 PAINT YOUR OWN CANVAS SET,17
LA PALMIERA WALL THERMOMETER,17
GOLD SCROLL GLASS T-LIGHT HOLDER,17
HELLO SAILOR BATHROOM SET,17
CLASSICAL ROSE URN,17
BLUE HEART COMPACT MIRROR,17
EAU DE NIL LOVE BIRD CANDLE,17
MINI PAINT SET VINTAGE  BOY+ GIRL,17
PIG MUG IN TWO COLOUR DESIGNS,17
PINK BOUDOIR T-LIGHT HOLDER,17
CURIOUS IMAGES GIFT WRAP SET,17
DEEP BLUE GLASS GEMS IN BAG,17
SCOTTIES DESIGN CHILD'S OVERALL,17
EASTER BUNNY HANGING GARLAND,16
WOOD AND GLASS MEDICINE CABINET,16
YELLOW COAT RACK PARIS FASHION,16
SET/12 ZINC CHRISTMAS DECORATIONS,16
YELLOW VW BEETLE CERAMIC MONEY BOX,16
ENGLISH ROSE SPIRIT LEVEL ,16
ROUND GEORGIAN SILVER MIRROR,16
VIP HOLIDAY PURSE,16
PASTEL BLUE PHOTO ALBUM ,16
SET OF MEADOW  FLOWER STICKERS,16
SCOTTIE DOGS BABY BIB,16
"PINK/WHITE ""KEEP CLEAN"" BULLET BIN",16
"FOLK ART GREETING CARD,pack/12",16
4 BLUE DINNER CANDLES SILVER FLOCK,16
DOORMAT BIRD ON THE WIRE,16
SILVER ROCCOCO CHANDELIER,16
EASTER BUNNY WITH BASKET ON BACK,16
JAZZ HEARTS MAGNETIC MEMO PAD,16
BEADED CRYSTAL HEART BLUE ON STICK,16
50CM METAL STRING WITH  7 CLIPS,16
BLUE MURANO TWIST BRACELET,16
SMALL FOLDING SCISSOR(POINTED EDGE),16
GERANIUM FOLKART HEART DECORATION,16
VINTAGE ROSE BEAD BRACELET RASPBERR,16
RED SPOTTY BEAKER ,16
BAG OF SILVER STONES,16
POLKADOT MUG PINK ,16
WINE BOTTLE DRESSING DARK BLUE,16
HERB MARKER THYME,16
PINK ALLIUM  ARTIFICIAL FLOWER,16
ARCHED GREY MIRROR,16
ASSORTED COLOUR JUMBO PEN,16
LILY BROOCH AMETHYST COLOUR,16
BLUE GIANT GARDEN THERMOMETER,16
ENGLISH ROSE TEA SET IN GIFT BOX,16
GREEN GOOSE FEATHER CHRISTMAS TREE ,16
SET 3 WICKER OVAL BASKETS W LIDS,16
DIAMANTE BOW BROOCH RED COLOUR,16
AMETHYST CHUNKY BEAD BRACELET W STR,16
CARD BILLBOARD FONT,16
SILVER JEWELLED MIRROR TRINKET TRAY,16
BLACK DIAMANTE EXPANDABLE RING,16
SET OF 3 RABBIT CARROTS EASTER,16
PINK DOLLY HAIR CLIPS,16
HERB MARKER BASIL,16
BLACK BAROQUE CARRIAGE CLOCK,16
SPACE CADET BLACK,16
PLASMATRONIC LAMP,16
RED RETROSPOT TAPE,16
RIDGED GLASS FINGER BOWL,16
SET OF 3 SILVER FLYING DUCKS,16
PINK TV TRAY TABLE ,16
SET OF 2 TEA TOWELS PING MICROWAVE,16
TURQ+RED BOUDICCA LARGE BRACELET,16
FLOWER FAIRY INCENSE LAVENDER,16
FLOWER BURST SILVER RING OPAL,15
WHITE CHRYSANTHEMUMS ART FLOWER,15
ANTIQUE CREAM CUTLERY CUPBOARD,15
FLOWER BLUE CLOCK W/SUCKER,15
BLUE KNITTED EGG COSY,15
GOLD COSMETIC BAG PINK STAR,15
FRIDGE MAGNETS LES ENFANTS ASSORTED,15
SET/6 BLACK ROSE T-LIGHT CANDLES,15
PINK PARTY SUNGLASSES,15
PINK BUTTERFLY CUSHION COVER ,15
GREEN FLORAL FELTCRAFT SHOULDER BAG,15
"LETTER ""R"" BLING KEY RING",15
TEATIME PUSH DOWN RUBBER,15
PURPLE ANEMONE ARTIFICIAL FLOWER,15
CRYSTAL STILETTO PHONE CHARM,15
SILVER FABRIC MIRROR,15
ANT WHITE IRON BASKET,15
FOLDING UMBRELLA PINKWHITE POLKADOT,15
CHILDRENS APRON DOLLY GIRL ,15
PEACH KNITTED HEN ,15
VINTAGE RED KITCHEN CABINET,15
PINK STAR CHRISTMAS DECORATION,15
BLUE  TILE HOOK,15
PINK EAU DE COLOGNE BOTTLE,15
RED BOUDICCA LARGE BRACELET,15
72 ROUND PINK DOILIES,15
BLUE EASTER EGG HUNT START POST,15
CLAM SHELL LARGE,15
MEDIUM WHITE/PINK ROSE ART FLOWER,15
WHITE BROCANTE SOAP DISH,15
FLORAL PINK MONSTER,15
BLACK CHRISTMAS TREE 120CM,15
"LETTER ""B"" BLING KEY RING",15
VINTAGE BEAD COSMETIC BAG ,15
BLUE SAVANNAH PICNIC HAMPER FOR 2,15
PINK HAWAIIAN PICNIC HAMPER FOR 2,15
 SILVER T-LIGHT SETTING,15
BLUE GEISHA GIRL ,15
LARGE TRIFLE DESIGN L BLUE BOWL,15
HERB MARKER ROSEMARY,15
BLACK+WHITE NECKLACE W TASSEL,15
LARGE WHITE/PINK ROSE ART FLOWER,15
IVORY SHELL HEART NECKLACE,15
BLACK STITCHED WALL CLOCK,15
FRUIT TREE AND BIRDS WALL PLAQUE,15
PINK/PURPLE RETRO RADIO,15
WHITE GOOSE FEATHER TREE 60CM ,15
BLACK BIRD GARDEN DESIGN MUG,15
WAKE UP COCKEREL WALL THERMOMETER,15
SET OF 6 T-LIGHTS CACTI ,15
MURANO STYLE GLASS BRACELET BLACK,15
ROSE DU SUD CHILDRENS APRON,15
"F.FAIRY S/3 CANDLE/GLASS, ROSE",15
WHITE BAROQUE CARRIAGE CLOCK,15
HAPPY ANNIVERSARY CANDLE LETTERS,15
WHITE HONEYCOMB PAPER FAN ,15
BLUE BREAKFAST CUP AND SAUCER ,15
ANT COPPER PINK BOUDICCA BRACELET,15
KASBAH LANTERN WITH GLASS ,15
FLOWER FAIRY INCENSE ROSE,15
RED PUDDING SPOON,15
SMALL MARAKESH LANTERN ON STICK,15
WHITE CERAMIC PARTY SET (5PCS),15
CANDY SPOT BUNNY,14
FAUX FUR CHOCOLATE THROW,14
HERB MARKER CHIVES ,14
BLACK SILOUETTE CANDLE PLATE ,14
CARNATION SQUARE HANDY TIN,14
SMALL ZINC/GLASS CANDLEHOLDER,14
ORANGE COCKTAIL GLASS LAMP,14
TEACUP AND SAUCER REGENCY ROSES,14
RETRO BROWN BALL ASHTRAY ,14
CURIOUS  IMAGES NOTEBOOK SET,14
SILVER STANDING GNOME   ,14
NEW ENGLAND MUG W GIFT BOX,14
HAND TOWEL PALE BLUE W FLOWERS,14
RIVIERA NECKLACE,14
DAISY ERASERS IN BAG,14
PINK STRAWBERRY HANDBAG ,14
ASSORTED COLOUR METAL CAT ,14
FRIDGE MAGNETS US DINER ASSORTED,14
FAN BLACK FRAME ,14
FLAMES SUNGLASSES PINK LENSES,14
BLUE PILLAR CANDLE SILVER FLOCK,14
YELLOW BREAKFAST CUP AND SAUCER,14
BLACK/WHITE GLASS/SILVER BRACELET,14
ST GEORGE SET OF 10 PARTY LIGHTS,14
GOLD FABRIC MIRROR,14
PINK FLOWER HANGING HEART ,14
EDWARDIAN 2 DRAWER WALL CABINET ,14
CREAM CUSHION COVER WITH FLOWERS,14
VINTAGE KEEPSAKE BOX PINK FLOWER,14
CANDY SPOT CUSHION COVER,14
"LETTER ""N"" BLING KEY RING",14
"LETTER ""G"" BLING KEY RING",14
PARTY PIZZA DISH GREEN RETROSPOT,14
AMETHYST HOOP EARRING FLORAL LEAF,14
VINTAGE NOTEBOOK PINK FLOWER,14
WHITE SQUARE TABLE CLOCK,14
HERB MARKER MINT,14
PENS ASSORTED FUNKY JEWELED ,14
SPOTS ON RED BOOKCOVER TAPE,14
CAROUSEL DESIGN BABY BIB,14
Adjustment by john on 26/01/2010 17,14
TIGRIS EYE CHUNKY CHARM BRACELET,14
CHILDREN'S CIRCUS PARADE MUG,14
NECKLACE+BRACELET PINK BUTTERFLY,14
UTILTY CABINET WITH HOOKS,14
ROMANTIC IMAGES NOTEBOOK SET,14
WOVEN BUBBLE GUM CUSHION COVER,14
CANDY SPOT BREAD BASKETS,14
GRASS HOPPER WOODEN WALL CLOCK ,14
SWEETHEART WIRE WALL TIDY,14
FRYING PAN BLUE POLKADOT,14
SET/6 BLACK BIRD T-LIGHT CANDLES,14
BLUE DELPHINIUM ARTIFICIAL FLOWER,14
PACK/12 DECOUPAGE CARD,14
PADS TO MATCH ALL CUSHIONS,14
BLACK SQUARE TABLE CLOCK,14
ANT COPPER TURQ BOUDICCA BRACELET,14
RED PURSE WITH PINK HEART,14
DRAGONS BLOOD INCENSE,14
IVORY EMBROIDERED QUILT ,14
LA PALMIERA TILE HOOK,13
FLOWER FAIRY INCENSE LILY,13
SPACEBOY CHILDRENS EGG CUP,13
MEDIUM PINK BUDDHA HEAD ,13
 BLACK PIRATE TREASURE CHEST,13
FRIDGE MAGNETS LA VIE EN ROSE,13
CLEAR ACRYLIC FACETED BANGLE,13
FRENCH BLUE METAL DOOR SIGN 3,13
COTE D'AZURE NECKLACE,13
BALLERINA HEART DECORATION.,13
"BATHROOM SCALES, TROPICAL BEACH",13
ASSORTED BOTTLE TOP  MAGNETS ,13
BLOSSOM IMAGES GIFT WRAP SET,13
BLACK CHRISTMAS FLOCK DROPLET ,13
GLASS SPHERE CANDLE STAND LARGE ,13
SILVER ROCOCO CANDLE STICK,13
TEACUP AND SAUCER REGENCY GREEN,13
WHITE HYDRANGEA ART FLOWER,13
PINK ROUND COMPACT MIRROR,13
CIRCUS PARADE CHILDRENS EGG CUP ,13
FLOWERS TILE HOOK,13
"S/4 ICON COASTER,ELVIS LIVES",13
CONCH SHELL,13
BUTTERFLY WATER TRANSFER TATTOOS ,13
WHITE ROUND PORCELAIN TLIGHT HOLDER,13
S/2 BEACH HUT STOOLS,13
FLOWER FAIRY OIL BURNER SET ROSE,13
ENGLISH ROSE TORCH,13
ROSES WHITE ROUND CANDLE,13
BLUE POLKADOT LUGGAGE TAG ,13
COLUMBIAN  CUBE CANDLE ,13
TROPICAL HOLIDAY PURSE ,13
LUNCHBAG PINK RETROSPOT,13
FOLKART ZINC CLIP ON ANGEL WINGS,13
BLACK RETRODISC LAMPSHADE,13
BLUE GLASS CHUNKY CHARM BRACELET,13
SET OF 16 VINTAGE BLACK CUTLERY,13
BLUE HANGING GINGHAM EASTER HEN,13
ASSORTED TUTTI FRUTTI KEYRING,13
WOVEN BERRIES CUSHION COVER ,13
PINK GLASS TASSLE BAG CHARM ,13
GOLD FISHING GNOME,13
MARAKESH LANTERN LARGE,13
POTTING SHED SEED TIN,13
ARMY CAMO WRAPPING TAPE,13
CRYSTAL STUD EARRINGS ASSORTED COL ,13
SET OF 4 DOTTY PLACEMATS ,13
BLUE GINGHAM ROSE FLOOR CUSHION ,13
VINTAGE NOTEBOOK RED ROSE,13
S/3 FLWR FAIRY LAVENDER CANDLES,13
FLOWER FAIRY OIL BURNER SET SUMMER,13
JADE CRYSTAL+GLASS BRACELET,13
PINK HEARTS LIGHT CHAIN ,13
HANGING HEART BASKET,13
VINTAGE WOODEN BAR STOOL,13
SET/6 GREEN SPRING PAPER CUPS,13
CRYSTAL SEA HORSE PHONE CHARM,13
LIGHT PINK FLOCK GLASS CANDLEHOLDER,13
15 PINK FLUFFY CHICKS IN BOX,13
GLASS CHALICE BLUE  LARGE ,13
WOBBLING METAL CHICKEN EASTER,13
GREEN GEISHA GIRL ,13
FRENCH STYLE WALL DRESSER,13
SILVER GLITTER FLOWER VOTIVE HOLDER,13
SET OF 16 VINTAGE RED CUTLERY,13
RECTANGULAR SHAPED MIRROR,13
HOT WATER BOTTLE BABUSHKA LARGE,13
PIN CUSHION BABUSHKA BLUE,13
PINK MILKSHAKE GLASS,13
ORIGAMI LAVENDER INCENSE/CANDL SET ,13
SMOKEY GREY COLOUR D.O.F. GLASS,13
BLACK ORANGE SQUEEZER,12
OYSTER TRINKET BOX,12
NEW BAROQUE IVORY CUSHION COVER ,12
JARDIN DE FEMME SCENTED CANDLE,12
BLACK MEDIUM GLASS CAKE STAND,12
"LETTER ""D"" BLING KEY RING",12
"LETTER ""P"" BLING KEY RING",12
EAU DE NILE JEWELLED T-LIGHT HOLDER,12
BLOKEY SILVER TOOL SET,12
MARAKESH LANTERN SMALL ,12
WOVEN FROST CUSHION COVER,12
CRYSTAL KEY+LOCK PHONE CHARM,12
WHITE GRAND BAROQUE PHOTO FRAME,12
LA PALMIERA METAL SIGN CALENDAR,12
WHITE/PINK CHICK EASTER DECORATION,12
 RIDGED GLASS T-LIGHT HOLDER,12
LEOPARD PRINT HOT WATER BOTTLE,12
TURQUOISE GLASS TASSLE BAG CHARM ,12
BEADED CRYSTAL HEART PINK ON STICK,12
PINK HEARTS PHOTO ALBUM,12
"GREETING CARD, TWO SISTERS.",12
MEDINA STAMPED METAL STOOL,12
MIRRORED WALL ART TABLE LAMP,12
PINK CHICK EGG WARMER + EGG CUP,12
 ANIMAL STICKERS,12
RED RETROSPOT BIG BOWL,12
PORCELAIN BUDAH INCENSE HOLDER,12
"TUMBLER, BAROQUE",12
PINK BOUDICCA LARGE BRACELET,12
FRENCH BLUE METAL DOOR SIGN 4,12
PINK HANGING GINGHAM EASTER HEN,12
PINK GOOSE FEATHER TREE 60CM,12
PINK LARGE JEWELED PHOTOFRAME,12
WAKE UP COCKEREL TILE COASTER,12
GREEN WIRE STANDING CANDLE HOLDER,12
ORIGAMI JASMINE INCENSE/CANDLE SET,12
ASSTD DESIGN POP ART SLIM PEN,12
DOLLY GIRL CHILDRENS EGG CUP,12
QUEEN OF THE SKIES HOLIDAY PURSE ,12
CANDY SPOT TEA COSY,12
BLOND DOLL DOORSTOP,12
FUSCHIA RETRO BAR STOOL,12
SET/3 POLKADOT STACKING TINS,12
FRENCH PAISLEY CUSHION COVER ,12
4 PINK DINNER CANDLE SILVER FLOCK,12
SILVER BOOK MARK WITH BEADS,12
BLUE TINSEL GARLAND ,12
LILAC GAUZE BUTTERFLY LAMPSHADE,12
WHITE ROSE C/COVER,12
SET OF 3 RABBIT EGG EASTER,12
POSY SHOPPER BAG,12
HEN HOUSE W CHICK IN NEST,12
SILVER FINCH DECORATION,12
"LETTER ""O"" BLING KEY RING",12
ROSE PINK METAL FOLDING CHAIR,12
GOLD STANDING GNOME,12
SPHERICAL IVORY CANDLE ,12
MIRRORED WALL ART GENTS,12
PINK MURANO TWIST NECKLACE,12
ENGLISH ROSE MUG IN GIFT BOX,12
CANDY SPOT EGG WARMER RABBIT,12
CHERRY BLOSSOM TABLE CLOCK ,12
SILVER HOOP EARRINGS WITH FLOWER,12
DIAMANTE RING ASSORTED IN BOX.,12
PORCELAIN HANGING BELL SMALL,12
PINK AND WHITE CHRISTMAS TREE 180CM,12
S/3 FRENCH VANILLA SQU CANDLE,12
PINK GINGHAM ROSE FLOOR CUSHION,12
GEISHA GIRL CHOPSTICKS SET/5,12
BLUE NEW BAROQUE FLOCK CANDLESTICK,12
FUSCHIA FLOWER PURSE WITH BEADS,12
JAZZ HEARTS SPIRAL NOTEPAD,12
PINK ENAMEL+GLASS HAIR COMB,12
CLEAR CRYSTAL STAR PHONE CHARM,12
MIRRORED WALL ART SNOWFLAKES,12
BLACK LOVE BIRD T-LIGHT HOLDER,12
SILVER/MOP ORBIT NECKLACE,12
FOLDING UMBRELLA CREAM POLKADOT,12
LOVE POTION MASALA INCENSE,12
SILVER OVAL JEWELLED MIRROR,12
"CANDLE IN JAR COLLAGE , VANILLA",12
BLUE CAT BISCUIT BARREL PINK HEART,12
FLORAL DINOSAUR GREEN,12
COGNAC AUX OEUFS METAL 1 HOOK,11
EASTER BUNNY WREATH,11
SET 3 JARDIN DE FEMME SCENT CANDLES,11
DOTS IRONING BOARD COVER,11
METAL RABBIT LADDER EASTER ,11
AMETHYST DIAMANTE EXPANDABLE RING,11
FAIRY CAKES GIFT BAG,11
VINTAGE WOODEN PLATE RACK,11
AMBER CHUNKY GLASS+BEAD NECKLACE,11
5 STRAND GLASS NECKLACE AMETHYST,11
ENGLISH ROSE SCENTED HANGING FLOWER,11
BLOSSOM  IMAGES NOTEBOOK SET,11
METAL BASE FOR CANDLES,11
LITTLE PINK MONSTER SOFT TOY,11
S/3 FLWR FAIRY LILLY CANDLES,11
"LETTER ""T"" BLING KEY RING",11
TRANQUILITY MASALA INCENSE,11
4 SKY BLUE DINNER CANDLES,11
AMBER GLASS/SILVER BRACELET,11
CUPID SCENTED CANDLE IN GLASS,11
GREEN EASTER EGG HUNT START POST,11
SUMMER BUTTERFLIES BAG CHARM,11
PINK CRYSTAL+GLASS BRACELET,11
WAKE UP COCKEREL TILE HOOK,11
FLOWER BURST SILVER RING MIDN'T BLU,11
THE KING GIFT BAG,11
FRENCH BLUE METAL DOOR SIGN 2,11
GREEN BITTY LIGHT CHAIN,11
MILK PAN BLUE POLKADOT,11
FLOOR LAMP SHADE WOOD BASE,11
SET OF 16 VINTAGE SKY BLUE CUTLERY,11
SILVER BRACELET W PASTEL FLOWER,11
FREESTYLE CANVAS ART PICTURE,11
ASS FLORAL PRINT TORCH,11
GREEN GLASS TASSLE BAG CHARM,11
MINT GREEN ROSE TOWEL,11
METAL WALL SHELF UNIT WITH HOOKS,11
ACRYLIC GEOMETRIC LAMP,11
PINK FLOCK GLASS CANDLEHOLDER,11
"LETTER ""F"" BLING KEY RING",11
PINK SQUARE COMPACT MIRROR,11
SILVER CHERRY LIGHTS,11
BLUE TILED TRAY,11
DIAMANTE BOW BROOCH GREEN COLOUR,11
YELLOW KNITTED KIDS RUCKSACK,11
JADE DROP EARRINGS W FILIGREE,11
TRANSPARENT ACRYLIC TAPE DISPENSER,11
DARK CHOCOLATE SCENTCANDLE,11
DECORATIVE PLANT POT WITH FRIEZE,11
WHITE CANDYSTUFT ARTIFICIAL FLOWER,11
FINE SILVER NECKLACE W PASTEL FLOWE,11
F.FAIRY S/3 CANDLE/GLASS,11
BEADED CRYSTAL HEART GREEN ON STICK,11
CANDY PINK FRENCH BOUDOIR CLOCK,11
GERANIUM SQUARE HANDY TIN,11
S/60 PINK FLUFFY CHICKS IN BOX,11
YELLOW + BROWN BEAR FELT PURSE KIT,11
LONG SILVER NECKLACE PASTEL FLOWER,11
FLOWERS TILE COASTER,11
PINK DRESS JEWELLERY STAND ,11
LITTLE GREEN MONSTER SOFT TOY,11
ANTIQUE EDWARDIAN DRESSER,11
PINK BREAKFAST CUP AND SAUCER ,11
PSYCHEDELIC TILE HOOK,11
PURPLE FRANGIPANI HAIRCLIP,11
SET/6 POSIES PAPER CUPS,11
WRAP BAD HAIR DAY,11
SILVER/BLACK ORBIT NECKLACE,11
PLASTERS IN TIN MR STRONG ,11
SET 3 WICKER STORAGE BASKETS ,10
CUBIC MUG PINK POLKADOT,10
PINK HEART OF GLASS BRACELET,10
 OVAL WALL MIRROR DIAMANTE ,10
FOLDING UMBRELLA CHOCOLATE POLKADOT,10
CREAM AND PINK FLOWERS PONY ,10
DARK PINK FLOCK GLASS CANDLEHOLDER,10
NEW BAROQUE B'FLY NECKLACE PINK,10
BLACK BOX MIRROR LANTERN,10
FRENCH BLUE METAL DOOR SIGN No,10
BLUE ORGANDY ROUND LAMPSHADE W BEA,10
FOUR PICTURE WHITE GLASS FRAME,10
PARTY PIZZA DISH PINK WHITE SPOT ,10
PINK HEART RED HANDBAG,10
HEARTS PENCIL/RUBBER+5 MINI PENCILS,10
CANDY POP CHUNKY KNITTED THROW ,10
ASS COL CIRCLE MOBILE ,10
VINTAGE KEEPSAKE BOX PARIS DAYS,10
SKY BLUE COLOUR GLASS GEMS IN BAG,10
BLUE POLKADOT EGG CUP ,10
ZINC HEART LATTICE 2 WALL PLANTER,10
VINTAGE KEEPSAKE BOX TRAVELOGUE,10
MAGAZINE RACK GEBRA ASSORTED ,10
ROUND PURPLE CLOCK W/SUCKER,10
PINK KNITTED KIDS RUCKSACK,10
YELLOW RED FLOWER PIGGY BANK,10
"BREAD BIN, DINER STYLE, IVORY",10
SET/6 CHRISTMAS ICICLE T-LIGHTS,10
MINI JIGSAW FIDO,10
S/6 PAPER BOXES BLOSSOM IMAGES ,10
S/6 PAPER BOXES ROMANTIC IMAGES,10
RED GLASS TASSLE BAG CHARM,10
SCOTTS ROSES TILE COASTER,10
AMBER GLASS TASSLE BAG CHARM,10
PURPLE GLASS TASSLE BAG CHARM,10
SMALL WHITE/PINK ROSE ART FLOWER,10
PINK JEWELLED MIRROR TRINKET TRAY,10
GOLD WINE GOBLET,10
GOLD COSMETICS BAG WITH BUTTERFLY,10
ORIGAMI ROSE INCENSE IN TUBE,10
POP ART PUSH DOWN RUBBER ,10
TALL ROCOCO CANDLE HOLDER,10
PINK CAT FLORAL CUSHION COVER ,10
ROSE FLOWER CANDLE+INCENSE 16X16CM,10
"CAKE TIN, ROUND, VINTAGE RED,CREAM",10
PINK CHRISTMAS TREE DECORATION,10
BLUE POLKADOT PUDDING BOWL,10
ANT SILVER LIME GREEN BOUDICCA RING,10
MULTICOLOUR CRUSOE CHECK LAMPSHADE,10
This is a test product.,10
MURANO STYLE GLASS BRACELET PINK,10
GREEN MURANO TWIST BRACELET,10
VANILLA SCENT CAKE CANDLE ,10
NECKLACE+BRACELET SET FRUIT SALAD ,10
GREEN POLKADOT CUP,10
BLUE KASHMIRI OCCASIONAL TABLE,10
CRYSTAL LARGE JEWELLED PHOTO FRAME,10
FAIRY CAKES  WALL THERMOMETER,10
NEW ENGLAND PLACEMATS,10
TURQUOISE CRYSTAL+GLASS BRACELET,10
MIRROR CORNICE,10
BEIGE PHOTO ALBUM,10
WHITE CHOCOLATE SCENT CANDLE,10
WRAP SWEETS LIGHT PINK SMALL BOWL,10
DOLPHIN WINDMILL,10
ORIGAMI VANILLA INCENSE/CANDLE SET ,10
FLOWER GARLAND NECKLACE RED,10
CRYSTAL DIAMANTE EXPANDABLE RING,10
BLACK PHOTO ALBUM ,10
PINK HYDRANGEA ART FLOWER,10
BLUE CUSHION COVER WITH FLOWER,10
BLUE RIVIERA HANDBAG,9
LARGE BLUE PROVENCAL CERAMIC BALL,9
"GARLAND , WOODEN  "" HAPPY EASTER""",9
PINK/FLOWER RABBIT EGG WARMER ,9
4 ROSE PINK DINNER CANDLES,9
S/3 FLWR FAIRY SUMMER CANDLES,9
RIDGED GLASS PENDANT LAMPSHADE,9
S/3 PUPPIES CHRISTMAS DECORATIONS,9
MINI JIGSAW BUNNIES AT HOME,9
PORCELAIN HANGING BELL LARGE,9
"WHITE TEA,COFFEE,SUGAR JARS",9
PURPLE BOUDICCA LARGE BRACELET,9
MIRRORED WALL ART FOXY,9
BLACK FEATHER CHRISTMAS DECORATION,9
VINTAGE BEAD PINK PURSE ,9
BLUE POLKADOT PASSPORT COVER,9
PRICE'S CANDLE PEACH,9
SILVER WASHBAG,9
DECORATIVE NET CANOPY LEOPARD,9
CERISE+GOLD CHRISTMAS TREE DEC,9
ASSTD MULTICOLOUR CIRCLES MUG,9
"FLOWER FAIRY MUG+COASTER,LAVENDER",9
WRAP BOUDOIR ,9
6 SEGMENT COLOURED SNACK BOWL ,9
"LETTER ""I"" BLING KEY RING",9
TRELLIS FLOWER CHOPSTICKS SET/5,9
KNITTED RABBIT DOLL ,9
WOVEN ROSE GARDEN CUSHION COVER ,9
CREAM DELPHINIUM ARTIFICIAL FLOWER,9
SET/4 GARDEN ROSE DINNER CANDLE,9
BLUE POLKADOT COFFEE MUG,9
MIDNIGHT BLUE GLASS/SILVER BRACELET,9
COPPER/OLIVE GREEN FLOWER NECKLACE,9
AMBER CHUNKY BEAD BRACELET W STRAP,9
LA PALMIERA TILE COASTER,9
GREY ACRYLIC FACETED BANGLE,9
PINK CRYSTAL SKULL PHONE CHARM,9
VINTAGE ROSE BEAD BRACELET BLUE,9
FOUR RABBIT EASTER DECORATIONS,9
CUBIC MUG FLOCK BLUE ON BROWN,9
NECKLACE+BRACELET SET BLUE BLOSSOM,9
PURPLE PILLAR CANDLE BLACK FLOCK,9
HALL CABINET WITH 3 DRAWERS,9
FELT FARM ANIMAL SHEEP,9
ORIGAMI OPIUM INCENSE/CANDLE SET ,9
PINK RETRO BIG FLOWER BAG,9
ANT SILVER FUSCHIA BOUDICCA RING,9
FRENCH BLUE METAL DOOR SIGN 5,9
PINK TALL PORCELAIN T-LIGHT HOLDER ,9
BLUE CRYSTAL BOOT PHONE CHARM,9
BEADED CRYSTAL HEART GREEN LARGE,9
BLACK RETRO BAR STOOL,9
"F.FAIRY S/3 CANDLE/GLASS,LAVENDER",9
WRAP WINTER FOREST,9
SET OF 4 POLKADOT PLACEMATS ,9
ANT SILVER TURQUOISE BOUDICCA RING,9
BEAUTY SPEED EXPRESSO CUPS,9
SET OF 6 T-LIGHTS EASTER CHICKS,9
PINK CANDYSTUFT ARTIFICIAL FLOWER,9
ORIGAMI SANDLEWOOD INCENSE+FLOWER,9
PINK DOG CANNISTER,9
CRYSTAL FROG PHONE CHARM,9
PINK STRING CURTAIN WITH POLE,9
TEACUP AND SAUCER REGENCY PINK,9
MIRRORED WALL ART POPPIES,9
PURPLE ENAMEL FLOWER RING,9
CLEAR LOVE BIRD T-LIGHT HOLDER,9
PINK CROCHET CAT WITH SCARF,9
"PINK ROSES/GINGHAM PATCH RABBIT 8""",9
GOLD/M.O.P PENDANT ORBIT NECKLACE,9
DOTTY PLACEMATS ,9
PINK FAIRY CAKE COASTER,9
"FLOWER GLASS GARLAND NECKL.36""BLACK",9
MIRRORED WALL ART LADIES,9
CROCHET BEAR RED/BLUE  KEYRING,9
SQUARE METAL CANDLEHOLDER BASE,9
IVORY ROSE LAMPSHADE ,9
RED POLKADOT PUDDING BOWL,9
PINK B'FLY C/COVER W BOBBLES,9
GLASS WINE GLASS DECORATIONS,9
CHEST 7 DRAWER MA CAMPAGNE,9
PASTEL PINK PHOTO ALBUM,8
FLOWER FAIRY SET OF 3 LILY CANDLES,8
MURANO STYLE GLASS BRACELET RED,8
MAGIC DRAWING SLATE FIDO,8
POPART COL BALLPOINT PEN ASST,8
PINK GAUZE BUTTERFLY LAMPSHADE,8
RASPBERRY ANT COPPER FLOWER NECKLAC,8
PAIR PINK/BLACK COATHANGERS,8
IVORY SCULPTED RND CANDLE ,8
"F.FAIRY S/3 CANDLE/GLASS,LILY/VALLY",8
FUSCHIA/GREEN STRIPE WOOLLY BLANKET,8
HAND TOWEL PINK FLOWER AND DAISY,8
SILVER BLUE EGG T-LIGHT HOLDER,8
PINK YELLOW PATCH CUSHION COVER,8
RUBY GLASS CLUSTER BRACELET,8
DANISH ROSE BEDSIDE CABINET,8
PINK CRYSTAL GUITAR PHONE CHARM,8
GREEN CAT FLORAL CUSHION COVER ,8
"CAKE TIN, 3 TIER RED/IVORY",8
RED RETRO BAR STOOL,8
DOOR MAT KISS MY.......,8
SUMMER DAISIES BAG CHARM,8
GREEN GOOSE FEATHER TREE 60CM,8
BIRD DECORATION GREEN POLKADOT,8
HEN PARTY CORDON BARRIER TAPE,8
FRUIT SALAD BAG CHARM,8
WELCOME METAL SIGN,8
PURPLE CHUNKY GLASS+BEAD NECKLACE,8
PAIR OF ENAMEL FLOWER CLUSTER SLIDE,8
SET OF 4 PISTACHIO LOVEBIRD COASTER,8
"ACRYLIC JEWEL SNOWFLAKE,PINK",8
WHITE METAL BAROQUE PHOTO FRAME,8
CD WALL TIDY RED FLOWERS,8
FLOWER BURST SILVER RING GREEN,8
HEN HOUSE W FAMILY IN BARN & NEST,8
PASTA ENAMEL/BRASS CONTAINER,8
BEADED CRYSTAL HEART PINK\ON STICK,8
CHERRY BLOSSOM PURSE,8
NECKLACE+BRACELET SET PINK DAISY,8
RESIN NECKLACE W PASTEL BEADS,8
BLUE POLKADOT PURSE ,8
SILVER LARIAT BLACK STONE EARRINGS,8
3 TRADITIONAL COOKIE CUTTERS  SET,8
SILVER M.O.P ORBIT BRACELET,8
SET/4 SCENTED CANDLES IN RAMEKINS,8
BLUE METAL WALL SHELF,8
F FAIRY POTPOURRI CUSHIONS LAVENDER,8
WHITE/PINK CHICK DECORATION,8
"FELTCRAFT HAIRBAND S/2, PINK/PURPLE",8
PARTY PIZZA DISH GREEN POLKADOT,8
"GLASS JAR, KINGS CHOICE SOAP",8
PARTY PIZZA DISH BLUE WHITE SPOT ,8
PINK FLOWERS RABBIT EASTER,8
FRENCH BLUE METAL DOOR SIGN 9,8
PARTY PIZZA DISH BLUE POLKADOT,8
MULTICOLOUR EASTER RABBIT ,8
BLUE GREEN EMBROIDERY COSMETIC BAG,8
CRYSTAL PAIR HEART HAIR SLIDES,8
PARTY PIZZA DISH PINK POLKADOT,8
SILVER SLEIGHBELL  WREATH,8
SILVER OVAL SHAPE TRINKET BOX,8
BLING KEY RING STAND,8
YELLOW/PINK FLOWER DESIGN BIG MUG,8
FAIRY CAKES TABLE CLOCK,8
PURPLE VINTAGE EARRINGS,8
"HANGING FLOWERS+MIRROR,CLEAR",8
SILVER DROP EARRINGS WITH FLOWER,8
ROUND WHITE CONFETTI IN TUBE,8
BLUE MURANO TWIST NECKLACE,8
"GREETING CARD, STICKY GORDON",8
BIRD IN TREE MUG ,8
BLACK ENAMEL FLOWER RING,8
PINK COMBO MINI CRYSTALS NECKLACE,8
NEW BAROQUE SMALL NECKLACE BLACK,8
PINK PAINTED KASHMIRI CHAIR,8
WHITE GLASS TV TRIPLE FRAME,8
SET 5 MINI GATEAUX  FRIDGE MAGNETS,8
TREE OF NOAH FESTIVE SCENTED CANDLE,8
ANT SILVER PURPLE BOUDICCA RING,8
GREEN ROSE QUILT ,8
VINTAGE BEAD PINK EVENING BAG,8
FRESHWATER PEARL BRACELET IVORY,8
BROCANTE SHELF WITH HOOKS,8
ANT COPPER RED BOUDICCA BRACELET,8
BLUE RETRO BAR STOOL,8
ORIGAMI ROSE INCENSE/CANDLE SET ,7
LILAC VOTIVE CANDLE,7
LARGE ENGLISH ARBORETUM,7
PINK 5 PATCH FLOWER CUSHION COVER ,7
ROUND BLUE CLOCK W/SUCKER,7
BLUE BUTTERFLY ON SPRING,7
BLACK GEMSTONE NECKLACE 45CM,7
PURPLE ACRYLIC FACETED BANGLE,7
WHITE ALLIUM  ARTIFICIAL FLOWER,7
"CAKESTAND, 3 TIER, LOVEHEART",7
"LETTER ""V"" BLING KEY RING",7
LA STREGA CANVAS PICTURE ,7
 CAMPHOR WOOD PORTOBELLO MUSHROOM,7
PINK GINGHAM ROSE CUSHION COVER,7
CRYSTAL HOOP EARRING FLORAL LEAF,7
GOLD M PEARL  ORBIT NECKLACE,7
RED ENAMEL FLOWER RING,7
LILAC FLOWER BLOCK TABLE LAMP,7
LILY BROOCH OLIVE COLOUR,7
BLUE CHENILLE SHAGGY CUSHION COVER ,7
"GREETING CARD,SQUARE, DOUGHNUTS",7
PINK CHRYSANTHEMUMS ART FLOWER,7
3 PINK HEN+CHICKS IN BASKET,7
PINK GLASS CHUNKY CHARM BRACELET,7
FLAG OF ST GEORGE CHAIR,7
BLUE FLOWER T-LIGHT HOLDER,7
6 RABBIT CHAIN EASTER,7
"NUMBER TILE COTTAGE GARDEN, 1",7
BLUE BLOSSOM HAIR CLIP,7
SET/6 GREEN SPRING  PAPER PLATE,7
RED POPPY ARTIFICIAL FLOWER,7
FLOWER BURST SILVER RING ROSE,7
MURANO STYLE GLASS BRACELET GOLD,7
CUBIC MUG BLUE POLKA DOT,7
"ACRYLIC HANGING JEWEL,BLUE",7
SILVER M.O.P ORBIT DROP EARRINGS,7
PINK EASTER HENS+FLOWER,7
SILVER LOOKING MIRROR,7
GREEN ENAMEL+GLASS HAIR COMB,7
SILVER/CRYSTAL DROP EARRINGS W LEAF,7
"ICON ALARM CLOCK,FUSCHIA  PIN UP",7
"FLOWER GLASS GARLAND NECKL.36""GREEN",7
"PEARL & SHELL 42""NECKL. GREEN",7
PINK STOCKING CHRISTMAS DECORATION,7
PINK SQUARE TABLE CLOCK,7
HEN & 2 CHICKS IN BASKET,7
5 STRAND GLASS NECKLACE AMBER,7
PURPLE FOXGLOVE ARTIIFCIAL FLOWER,7
JADE GREEN ENAMEL HAIR COMB,7
"BISCUIT TIN, RED,IVORY, VINTAGE",7
RED PEONY TABLE CLOCK,7
3 BLACK CATS W HEARTS BLANK CARD,7
GREEN ENAMEL FLOWER RING,7
BLUE SHELL+SILVER NECKLACE,7
BLACK FINE BEAD NECKLACE W TASSEL,7
MIDNIGHT BLUE VINTAGE EARRINGS,7
SET 5 MINI DOUGHNUT FRIDGE MAGNET ,7
3 TIER SWEETHEART GARDEN SHELF,7
NATURAL RIVIERA HANDBAG,7
GREEN HEART COMPACT MIRROR,7
SHOPPING BAG DOORSTOP,7
ORIENTAL BLUE CUSHION COVER ,7
STRAWBERY SWIRL FLARE CANDLE,7
 BROWN  PIRATE TREASURE CHEST ,7
PINK NEW BAROQUE FLOCK CANDLESTICK,7
FUNKY MONKEY GIFT BAG SMALL,7
TURQUOISE HEART OF GLASS BRACELET,7
 WHITE BAMBOO RIBS LAMPSHADE,7
FLYING SAUCER TABLE LIGHT IN WHITE,7
BURG FLOCK GOLD CUP/CANDLE ,7
EASTER TIN BUNNY BOUQUET,7
PURPLE AMETHYST NECKLACE W TASSEL,7
JET BLACK LAS VEGAS NECKLACE 45CM,7
ELEPHANT CLIP W SUCTION CUP,7
JET BLACK LAS VEGAS BRACELET ROUND,7
SILVER LARIAT 40CM,7
EMBROIDERED REINDEER DECORATION,7
FIRE POLISHED GLASS NECKL GREEN,7
PARTY PIZZA DISH GREEN WHITE SPOT ,7
NEW BAROQUE B'FLY NECKLACE MONTANA,7
MIDNIGHT BLUE COPPER FLOWER NECKLAC,7
PINK MINI STATIONERY SET W CASE,7
PORCELAIN CHERUB BELL LARGE,7
ROSE COLOUR PAIR HEART HAIR SLIDES,7
5 STRAND GLASS NECKLACE BLACK,7
FUNKY GIRL ADDRESS BOOK,7
FRENCH LATTICE CUSHION COVER ,7
ENGLISH ROSE PHOTO FRAME ,7
FILIGREE DIAMANTE EARRINGS,7
SET 4 EASTER DECOUPAGE OVAL BOXES,7
ASSTD COL BUTTERFLY/CRYSTAL W/CHIME,7
CD WALL TIDY BLUE OFFICE,7
PINK BAROQUE FLOCK CANDLE HOLDER,7
PSYCHEDELIC TILE COASTER,7
PINK CHRISTMAS FLOCK DROPLET ,7
HEART SHAPE BUTTON FRAME ,7
LARGE ZINC/GLASS CANDLEHOLDER,6
VINTAGE DOG FOOD CONTAINER,6
BLACKCHRISTMAS TREE 30CM,6
ORIGAMI VANILLA INCENSE+FLOWER ,6
BLUE/YELLOW FLOWER DESIGN BIG MUG,6
RED RETROSPOT WASHBAG,6
S/3 ENGLISH LAVENDER SQU CANDLE,6
"ASS RETROSPOOF MUGS,SPORTS",6
PAIR BUTTERFLY HAIR CLIPS,6
LARGE PINK PEONY FOLDING STOOL,6
GREEN VINTAGE EARRINGS ,6
ARMY CAMO BOOKCOVER TAPE,6
PINK FOXGLOVE ARTIIFCIAL FLOWER,6
ASSORTED FRAGRANCE BATH CONFETTI,6
BLUE ROUND COMPACT MIRROR,6
S/3 POT POURI CUSHIONS BLUE COLOURS,6
SPOTTY COFFEE CUP & SAUCER,6
LARGE GREEN PEONY FOLDING STOOL,6
GREEN PEONY CUSHION COVER,6
PURPLE GEMSTONE NECKLACE 45CM,6
PINK GREEN EMBROIDERY COSMETIC BAG,6
WOVEN CANDY CUSHION COVER ,6
DOOR MAT SWEET HOME,6
GREEN/BLUE CERAMIC CANDLE HOLDER,6
PURPLE ENAMEL+GLASS HAIR COMB,6
FRENCH BLUE METAL DOOR SIGN 6,6
PURPLE BERTIE GLASS BEAD BAG CHARM,6
BLUE GLASS GEMS IN BAG,6
SET/2 CHRISTMAS DECOUPAGE CANDLES,6
ENGLISH ROSE TABLE CLOCK,6
ASSTD HEARTS DESIGN MUGS,6
MAXWELL 2 TONE PINK 60 PAGE PHOTO A,6
"FEATHER DUSTER, LIGHT PINK",6
"FLOWER GLASS GARLAND NECKL.36""BLUE",6
RIO PINK STRIPE HAMMOCK,6
FELTCRAFT HAIRBANDS PINK + WHITE ,6
BAKING MOULD HEART MILK CHOCOLATE,6
"FELTCRAFT HAIRBAND, S/2, RED/BLUE",6
BEECH WOOD PHOTO FRAME ,6
RED POLKADOT COFFEE  MUG,6
WHITE HEART OF GLASS BRACELET,6
MAGIC SLATE BUNNIES AT HOME ,6
MAXWELL 2 TONE BLUE 60 PAGE PHOTO A,6
ORIGAMI ROSE INCENSE CONES,6
ORANGE FLOWER MUG ,6
FOLDING UMBRELLA WHITE/RED POLKADOT,6
FOLDING SHOE TIDY,6
CRYSTAL STUD EARRINGS CLEAR DISPLAY,6
"FLOWER GLASS GARLD NECKL36""AMETHYST",6
PINK BERTIE GLASS BEAD BAG CHARM,6
TURQUOISE CHRISTMAS TREE ,6
PINK/WHITE CHRISTMAS TREE 30CM,6
FRENCH BLUE METAL DOOR SIGN 7,6
SET OF 4 BLACK LOVEBIRD COASTERS,6
SET OF 3 WICKER BASKET TEA AND CAKE,6
SILVER APERITIF GLASS,6
"WRAP , SUMMER ROSE DESIGN",6
RED PEONY DES C/COVER ,6
CROCHET ROSE DES CLOTHES HANGER,6
CROCHET WHITE RABBIT KEYRING ,6
GOLD WINE GLASS,6
GOLD APERITIF GLASS,6
MAGIC SLATE FIDO,6
LARGE ZINC GLASS CANDLEHOLDER,6
CHERRY BLOSSOM CANVAS ART PICTURE,6
WOVEN SUNSET CUSHION COVER ,6
LARGE BLUE ORIENTAL FOLDING STOOL,6
LARGE FIBRE OPTIC CHRISTMAS TREE,6
ORIENTAL RED CUSHION COVER ,6
BLACK 3 TIER GLASS PLATE STAND,6
WHITE WITH METAL BAG CHARM,6
GIANT SEVENTEEN DRAWER SIDEBOARD,6
PINK/PURPLE CIRCLE CURTAIN,6
ZINC HEART LATTICE CHARGER LARGE,6
SANDALWOOD INCENSE IN TIN,6
SILVER/AMETHYST DROP EARRINGS LEAF,6
WAVELINE SURF IRONING BOARD COVER,6
BLUE HIBISCUS  HAIR CLIP,6
MAGIC SLATE SPACEBOY ,6
BLUE WHITE SCARF HOT WATER BOTTLE,6
SET OF 4 POLKADOT COASTERS,6
WHITE STITCHED WALL CLOCK,6
CARD GINGHAM ROSE ,6
GREEN ROUND COMPACT MIRROR,6
PINK MONTE CARLO HANDBAG,6
GROOVY CACTUS INFLATABLE,6
SET OF 4 PASTEL STACKING MUGS,6
THE KING GIFT BAG 25x24x12cm,5
HEART MEASURING SPOONS LARGE,5
WHITE CHRISTMAS FLOCK DROPLET ,5
RESIN BRACELET W PASTEL BEADS,5
BLUE/PINK NEST STRIPE BOX,5
FRESHWATER PEARL BRACELET PINK,5
PINK VINTAGE VICTORIAN EARRINGS,5
REGENCY MIRROR WITH SHUTTERS,5
BLUE/WHITE RIBBED MELAMINE JUG,5
ASSORTED SANTA CHRISTMAS DECORATION,5
FRESHWATER PEARL BRACELET GOLD,5
BLUE HOLE PUNCH,5
MINI HAND WARMER BABUSHKA DESIGN,5
NUMBER TILE VINTAGE FONT 3,5
S/4 PISTACHIO LOVEBIRD COASTERS,5
ORIENTAL RED C/COVER ,5
SILVER/M.O.P PENDANT ORBIT NECKLACE,5
ASSORTED EASTER DECORATIONS  BELLS,5
"RIBBON REEL, MAKING SNOWMEN ",5
VINTAGE CAT FOOD CONTAINER,5
BLACK SIL'T SQU CANDLE PLATE ,5
SMALL FOLKART CHRISTMAS TREE DEC,5
SMALL FAIRY CAKE FRIDGE MAGNETS,5
MIDNIGHT BLUE PAIR HEART HAIR SLIDE,5
POLYESTER FILLER PAD 60x40cm,5
ROSE DU SUD CUSHION COVER,5
KNITTED RAINBOW HOT WATER BOTTLE,5
BLUE CHECK BAG W HANDLE 34X20CM,5
"PET MUG, BUDGIE",5
BLUE CLIMBING HYDRANGA ART FLOWER,5
S/3 FLWR FAIRY ROSE CANDLES,5
FRENCH BLUE METAL DOOR SIGN 0,5
CHILDRENS SPACEBOY MUG,5
WALL MIRROR RECTANGLE DIAMANTE PINK,5
"GUMBALL COATHOOK., BLACK & WHITE ",5
WHITE STONE/CRYSTAL EARRINGS,5
"ROUND SNACK BOXES ,SET 4, FRUITS ",5
PSYCHEDELIC METAL SIGN CALENDAR,5
ORIGAMI SANDLEWOOD INCENSE/CAND SET,5
BLUE  VOILE LAMPSHADE,5
LILLIES CANVAS PICTURE,5
SET OF 3 WICKER BASKET ROSE,5
FRENCH PAISLEY CUSHION COVER,5
SCULPTED ROUND IVORY CANDLE ,5
PINK FLOWERS CHILDS UMBRELLA,5
BLUE 5 PATCH FLOWER CUSHION COVER,5
YELLOW GIANT GARDEN THERMOMETER,5
LARGE STRAWBERRY CHOCOLATE CANDLE,5
"HANGING FLOWERS+MIRROR,BLUE",5
PINK/GREEN FLOWER DESIGN BIG MUG,5
FLOWER PURPLE CLOCK W/SUCKER,5
DECORATIVE HANGING SHELVING UNIT,5
GOLDIE LOOKING MIRROR,5
FIRE POLISHED GLASS NECKL BRONZE,5
GREEN WITH METAL BAG CHARM,5
PINK CLEAR GLASS CANDLE PLATE,5
DIAMANTE HAIR GRIP PACK/2 RUBY,5
SHAKER THROW  QUILTED,5
DIAMANTE HAIR GRIP PACK/2 MONTANA,5
HAND OPEN SHAPE BLACK,5
GOLD M.O.P ORBIT BRACELET,5
PURPLE FINE BEAD NECKLACE W TASSEL,5
CHEST NATURAL WOOD 20 DRAWERS,5
SILVER/NATURAL SHELL NECKLACE,5
WHITE ROSEBUD  PEARL EARRINGS,5
VINTAGE BEAD FILLED PINK CUSHION,5
GLASS BEAD HOOP NECKLACE BLACK,5
PINK BUTTERFLY WASHBAG,5
YELLOW BIRDS FELT DES FOODCOVER,5
GOLD/AMBER DROP EARRINGS W LEAF,5
PINK FEATHERS CURTAIN,5
RED PEONY PHOTO FRAME ,5
BLACK VINT ART DEC CRYSTAL BRACELET,5
RUSTIC  SEVENTEEN DRAWER SIDEBOARD,5
Discount,5
BLACK VINTAGE EARRINGS,5
RED PEONY CUSHION COVER ,5
GOLD M.O.P ORBIT DROP EARRINGS,5
GLASS BEAD HOOP EARRINGS AMETHYST,5
PINK FLOCK PHOTO FRAME ,5
LOUVRE CHALKBOARD,5
BLUE DISCO HANDBAG,5
"ACRYLIC JEWEL ANGEL,PINK",5
BAKING MOULD HEART WHITE CHOCOLATE,5
FLOWER FAIRY POTPOURRI CUSHION LILY,5
PINK BUTTERFLY HANDBAG W BOBBLES,5
CERAMIC HEART CAKE MONEY BANK,5
ST TROPEZ NECKLACE,5
GLASS BEAD HOOP NECKLACE AMETHYST,5
BLACK GLASS TV DOUBLE P/FRAME 15X10,5
BLUE PAINTED KASHMIRI CHAIR,5
BLUE FLORIBUNDA EGG WARMER,5
YELLOW/BLUE RETRO RADIO,5
BLUE LEAVES AND BEADS PHONE CHARM,5
"PET MUG, GOLDFISH",5
SMALL BLUE PROVENCAL CERAMIC BALL,5
ORIENTAL BLUE C/COVER ,5
PINK LEAVES AND BEADS PHONE CHARM,5
GREEN WIRE GOBLET CANDLEHOLDER,5
FLAT GLASS  BAUBLE WHITE FLOCK ,5
"ACRYLIC JEWEL ICICLE, BLUE",5
SILICON STAR BULB  BLUE,5
GOLD FLOWER CUSHION COVER ,5
YELLOW/PINK CERAMIC CANDLE HOLDER,5
CROCHET DOG KEYRING,5
MIRRORED WALL ART SPLODGES,4
IVORY HANGING DECORATION  RABBIT,4
PINK OVAL SHAPE TRINKET BOX,4
SILVER BLACK ORBIT BRACELET,4
NEW BAROQUE B'FLY NECKLACE GREEN,4
BLUE COL METAL FOLDING CHAIR,4
SET/6 GINGERBREAD TREE T-LIGHTS,4
AMBER GLASS BRACELET HEART CHARMS,4
BLUE FLOWER DES PURSE,4
CALENDAR FAMILY FAVORITES,4
PURPLE/BLUE CERAMIC CANDLE HOLDER,4
CUTE RABBIT CEATURE SCREEN ,4
ROSES BLUE BASE CUSHION COVER ,4
CUTE BIRD CEATURE SCREEN,4
CRYSTAL CZECH CROSS PHONE CHARM,4
SET OF 4 GREEN CAROUSEL COASTERS,4
NEW BAROQUE B'FLY NECKLACE RED,4
OLD DOC.RUSSEL METAL SIGN,4
PINK CHERRY BLOSSOM CUP & SAUCER,4
SILVER FLOWR PINK SHELL NECKLACE,4
BLUE STAR BLOCK TABLE LAMP,4
"ACRYLIC JEWEL SNOWFLAKE,BLUE",4
RASTA IN BATH W SPLIFF ASHTRAY,4
COPPER AND BRASS BAG CHARM,4
TINY CRYSTAL BRACELET GREEN,4
PINK/YELLOW RABBIT SAT EASTER,4
HANGING CHICK  YELLOW DECORATION,4
ASSTD RASTA KEY-CHAINS,4
SET/20 POSIES PAPER NAPKINS,4
RED   ACRYLIC FACETED BANGLE,4
POPART WOODEN PENCILS ASST,4
SET 72 CAKE CASES VINTAGE CHRISTMAS,4
BLUE BABY BOY'S MEMORY BOX,4
GOTHIC CARRIAGE LANTERN,4
GREEN PEONY DES C/COVER,4
BLUE/YELLOW CERAMIC CANDLE HOLDER,4
POPART RECT PENCIL SHARPENER ASST,4
BLACK VINT ART DEC CRYSTAL NECKLACE,4
BLUE KASHMIRI COFFEE TABLE ,4
SET/6 BLACK GLITTER REINDEER CANDLE,4
CREAM CLIMBING HYDRANGA ART FLOWER,4
A4 WALL TIDY BLUE OFFICE,4
ORIGAMI SANDLEWOOD INCENSE CONES,4
DUSTY PINK CHRISTMAS TREE 30CM,4
YELLOW FELT HANGING HEART W FLOWER,4
BLACK NEW BAROQUE FLOCK BOX,4
HEN HOUSE W CHICK STANDING,4
FRENCH BLUE METAL DOOR SIGN 8,4
CRYSTAL DIAMANTE STAR BROOCH,4
 STAR  T-LIGHT HOLDER ,4
ORANGE FELT VASE + FLOWERS,4
BLUE KASHMIRI BOXED MIRROR,4
BOX OF 6 PEBBLE CANDLES,4
PURPLE TINT ACRYLIC FLOWER VASE,4
ORIGAMI SANDLEWOOD INCENSE IN TUBE,4
PINK BERTIE MOBILE PHONE CHARM,4
ORNATE EDWARDIAN CANDLE HOLDER,4
ANTIQUE OLIVE GREEN FLOWER EARRINGS,4
NEW BAROQUE B'FLY NECKLACE BLACK,4
TINY CRYSTAL BRACELET BLUE,4
TEATIME PENCIL WITH RUBBER,4
BIG POLKADOT MUG,4
SET/4 BLACK  BAROQUE FLOCK COASTER,4
DAISY HAIR BAND,4
BIG PINK POODLE,4
CHERRY BLOSSOM PHOTO FRAME ,4
NUMBER TILE COTTAGE GARDEN 6,4
"BLACK TEA,COFFEE,SUGAR JARS",4
"LETTER ""Z"" BLING KEY RING",4
"CAKE TIN, 3 TIER MINT/IVORY",4
BERRIES CHUNKY KNITTED THROW ,4
"BREAD BIN, DINER STYLE, MINT",4
BLACK FLOCK GOLD CANDLE,4
WHITE/PINK MINI CRYSTALS NECKLACE,4
BIRDCAGE DECORATION MAGIC GARDEN,4
WOOD XMAS TREE 9 FIG SHELVES,4
"CAKE TIN, ROUND, VINTAGE MINT,IVORY",4
BLUE FAIRY CAKE CHILDRENS APRON,4
DROP DIAMANTE EARRINGS CRYSTAL,4
BLUE TALL PORCELAIN T-LIGHT HOLDER,4
DROP DIAMANTE EARRINGS PURPLE,4
RUBY GLASS CLUSTER NECKLACE,4
GREEN HEART OF GLASS BRACELET,4
DANISH ROSE FOLDING CHAIR,4
MAGIC SLATE CIRCUS PARADE  ,4
ZINC HEART LATTICE CHARGER SMALL,4
S/6 PAPER BOXES CURIOUS IMAGES ,4
ENCHANTED GARDEN WROUGHT IRON TABLE,4
S/4 CONTEMPORY PINK ROSEBUD CANDLES,4
"PEARL & SHELL 42""NECKL. PINK",4
"NUMBER TILE COTTAGE GARDEN, 9",4
SCHOOL DESK AND CHAIR ,4
BLUE NETTING STORAGE HANGER,4
VINTAGE NOTEBOOK FRENCH LETTER ,4
AMBER DIAMANTE EXPANDABLE RING,4
NECKLACE+BRACELET SET BLUE HIBISCUS,4
"GREETING CARD, THE BLACK CAT",4
"PEARL & SHELL 42""NECKL. IVORY",4
PINK FELT HANGING HEART W FLOWER,4
BLUE FELT HANGING HEART W FLOWER,4
STRAWBERRY CAKE TEAPOT,4
SILVER/BLACK PENDANT ORBIT NECKLACE,4
SILVER BLACK ORBIT DROP EARRINGS,4
LIGHT DECORATION BATTERY OPERATED,4
GREEN MURANO TWIST NECKLACE,4
COLOURFUL FLOWER FRUIT BOWL,4
GLASS BEAD HOOP EARRINGS MONTANA,4
NEW BAROQUE LARGE NECKLACE BLK/WHIT,4
ORIGAMI OPIUM INCENSE CONES,4
GREEN KASHMIRI OCCASIONAL TABLE,4
BAKING MOULD CHOCOLATE CUPCAKES,4
PINK FLOCK TABLE CLOCK ,4
SILVER HEART COMPACT MIRROR,4
OPULENT VELVET CANDLE IN BOX,4
PURPLE LAS VEGAS BRACELET ROUND,4
DIAMANTE HAIR GRIP PACK/2 PERIDOT,4
SILVER ROCOCO CANDELABRA,4
RED KUKUI COCONUT SEED NECKLACE,4
MAGIC SLATE DOLLY GIRL ,4
VINTAGE PINK TINSEL REEL ,4
VINTAGE BEAD PINK SCARF ,4
PENCIL CASE GINGHAM FOREST,4
ASSORTED EASTER GIFT TAGS,4
HAPPY BIRTHDAY CARD STRIPEY TEDDY,4
NUMBER TILE VINTAGE FONT 6 ,4
BLUE/GREEN SHELL NECKLACE W PENDANT,4
ZINC POLICE BOX LANTERN,4
PINK/BLUE STRING CURTAIN ,4
WHITE/BLUE RECT CERAMIC OIL BURNER,4
TINY CRYSTAL BRACELET RED,4
GLASS BEAD HOOP NECKLACE MONTANA,4
CAROUSEL CHILDRENS OVERALL,4
TIN CAN BISCUITS DESIGN,4
EASTER TIN CHICKS PINK DAISY,4
BUBBLE GUM CHUNKY KNITTED THROW ,4
PINK RABBIT SITTING EASTER,4
TEAL/FUSCHIA COL BEAD NECKLACE,4
WHITE VINTAGE CRYSTAL BRACELET,4
BLUE PORCELAIN B'FLY OIL BURNER,3
"NUMBER TILE COTTAGE GARDEN, No",3
PINK/YELLOW PATCH CUSHION COVER,3
AQUA BERTIE GLASS BEAD BAG CHARM,3
KASHMIR FOLKART HEART DISHES,3
FIRE POLISHED GLASS NECKL SILVER,3
PINK PAISLEY PHOTO ALBUM,3
VANILLA CANDLE IN EMBOSSED ZINC POT,3
KNITTED POM POM HOT WATER BOTTLE,3
ENAMEL DOG BOWL CREAM,3
WHITE WOOD SINGLE P/FRAME,3
TURQUOISE BERTIE GLASS BEAD CHARM,3
PINK/AMETHYST/GOLD NECKLACE,3
SET 5 MINI CHOCOLATE FRIDGE MAGNETS,3
"CAT FOOD CONTAINER , VINTAGE",3
 NEW BAROQUE BLACK BOXES,3
GOLD DIAMANTE STAR BROOCH,3
CHILDRENS CIRCUS PARADE MUG,3
M/COLOUR POM-POM CURTAIN,3
"NUMBER TILE COTTAGE GARDEN, 5",3
ANT WHITE HIGH RISE BIRD BOX,3
SILVER MONTE CARLO HANDBAG,3
PINK ENAMEL FLOWER HAIR TIE,3
CANDLE RING W/CLEAR BEADS,3
PINK KASHMIRI BOXED MIRROR,3
NUMBER TILE COTTAGE GARDEN 9,3
MODERN CHRISTMAS BAUBLE CANDLE ,3
S/4 CONTEMPORY RED ROSEBUD CANDLES,3
ANTIQUE OPAL WHITE FLOWER EARRINGS,3
CROCHET LILAC/RED BEAR KEYRING,3
PINK POLKADOT GARDEN PARASOL,3
LOUVRE VANITY MIRROR,3
AMBER FINE BEAD NECKLACE W TASSEL,3
WHITE FOXGLOVE ARTIIFCIAL FLOWER,3
BLUE DAISY MOBILE,3
GLASS BEAD HOOP NECKLACE GREEN,3
"ROUND SNACK BOXES ,SET4, WOODLAND ",3
DROP DIAMANTE EARRINGS BLACK DIAMON,3
PINK BUTTERFLY C/COVER ,3
PINK BABY GIRLS PHOTO ALBUM,3
CREAM C/COVER W YELLOW/GREEN FLOWER,3
TEATIME PENCIL W STAMP ASST,3
ENAMEL CAT BOWL CREAM,3
S/4 BLACK LOVEBIRD COASTERS,3
ROUND FOOD CONTAINER S/5 RETROSPOT,3
PINK SWEETIE NECKLACE,3
YELLOW RABBIT SAT EASTER,3
GREEN/BLUE FLOWER DESIGN BIG MUG,3
ASSORTED DESIGN FLOWER MUGS,3
"JEWELLED DECORATION,BLUE",3
BROWN DOG CANNISTER W BONE,3
PURPLE FRANGIPANI NECKLACE,3
BLUE TABLE RUN FLOWER,3
GOLD JEWELERY BOX,3
PINK BUTTERFLY PAPER LAMPSHADE,3
FIRE POLISHED GLASS NECKL GOLD,3
"DOG FOOD CONTAINER , VINTAGE",3
WHITE HAND TOWEL WITH BUTTERFLY,3
GLASS AND PAINTED BEADS BRACELET TO,3
"BREAD BIN, DINER STYLE, PINK",3
VINTAGE KEEPSAKE BOX BEAUTY GIRL,3
VINTAGE ENAMEL & CRYSTAL EARRINGS,3
ROUND ARTICULATED BLUE CLOCK W/SUCK,3
PINK ROSEBUD & PEARL NECKLACE,3
 SET Of 6 SOLDIER SKITTLES,3
WOODEN TREE CHRISTMAS SCANDISPOT,3
ROUND ARTICULATED PINK CLOCK W/SUCK,3
BAKING MOULD TOFFEE CUP CHOCOLATE,3
"ACRYLIC JEWEL ICICLE, PINK",3
FLOWER BROOCH 4 ASSORTED COLOURS,3
ANT WHITE SWEETHEART TABLE W 3 DRAW,3
"NUMBER TILE VINTAGE FONT, No ",3
TIN CAN KINGS CHOICE DESIGN,3
FLOWERS WALL THERMOMETER,3
PINK KASHMIRI COFFEE TABLE ,3
Adjustment by Peter on Jun 25 2010 ,3
CROCHET POODLE KEYRING,3
NUMBER TILE COTTAGE GARDEN 4,3
PAINTED SEA SHELL METAL WINDCHIME,3
BLACK VINTAGE  CRYSTAL EARRINGS,3
BLACK DIAMOND CLUSTER NECKLACE,3
BAROQUE BUTTERFLY EARRINGS MONTANA,3
DIAMANTE NECKLACE,3
BAKING MOULD ROSE MILK CHOCOLATE,3
MONTANA DIAMOND CLUSTER NECKLACE,3
SEAGRASS S/2 CORNER LAUNDRY ,3
TEATIME FUNKY FLOWER BACKPACK FOR 2,3
LASER CUT MULTI STRAND NECKLACE,3
FUNKY FLOWER PICNIC BAG FOR 4,3
BLUE CHERRY BLOSSOM CUP & SAUCER,3
HOME SWEET HOME  BLACKBOARD,3
DOT MATRIX CANVAS ART PICTURE,3
MAGIC SLATE DINOSAUR,3
ROSES ON BLUE TEACUP CANDLE ,3
YELLOW BROWN BEAR FELT PURSE KIT,3
"HANGING FLOWERS+MIRROR,PINK",3
VINTAGE ENAMEL & CRYSTAL NECKLACE,3
METALIC LEAVES BAG CHARMS,3
FUNKY GIRLZ MAGNETIC TO DO LIST ,3
SET OF 4 NAPKIN CHARM CUTLERY,3
CUBIC MUG FLOCK PINK ON BROWN,3
EMBOSSED FLOWER TRELLIS PHOTO FRAME,3
GREEN CHENILLE SHAGGY RUG,3
MULTICOLOUR FEATHERS CURTAIN,3
BLUE CRUSOE CHECK LAMPSHADE,3
PINK/WHITE GLASS DEMI CHOKER,3
PINK BITTY LIGHT CHAIN,3
SILVER 2 STRAND NECKLACE-LEAF CHARM,3
"FLOWER GLASS GARLD NECKL36""TURQUOIS",3
SQUARE FLOOR CUSHION VINTAGE PINK ,3
BLACK ASSORTED DROPLET DECORATION,3
WHITE VINT ART DECO CRYSTAL NECKLAC,3
ICON PLACEMAT POP ART ELVIS,3
PINK & WHITE ROSEBUD RING,3
FIRE POLISHED GLASS BRACELET GREEN,3
GREEN LEAVES AND BEADS PHONE CHARM,3
CAROUSEL CHILDRENS APRON,3
BLUE/NAT SHELL NECKLACE W PENDANT,3
DISTRESSED CANDLE STICK WHITE,3
WHITE 3 FRAME BIRDS AND TREE ,3
PACK/12 RUSSIAN DOLL CARDS,2
NUMBER TILE COTTAGE GARDEN 7,2
PASTEL BLUE PHOTO ALBUM,2
NECKLACE+BRACELET SET PINK BLOSSOM,2
FRENCH LAVENDER SCENT HEART,2
WHITE SILVER NECKLACE SHELL GLASS,2
VINTAGE COLLAGE  GREETING  CARD ,2
PINK GLASS COCKTAIL LAMP,2
ENGLISH ROSE SET/3 GARDEN TOOLS,2
BROWN KUKUI COCONUT SEED NECKLACE,2
SET OF 4 NAPKIN CHARMS INSTUMENT   ,2
PINK VINTAGE VICTORIAN CHOKER,2
DAISY HAIR COMB,2
DROP DIAMANTE EARRINGS GREEN,2
GREEN STONE/CRYSTAL EARRINGS,2
WHITE SATIN DRESS JEWEL STAND,2
PINK PORCELAIN B'FLY OIL BURNER,2
CARDHOLDER GINGHAM HEART,2
 LARGE SKULL WINDMILL,2
ORANGE/FUSCHIA STONES NECKLACE,2
FUSCHIA VOILE POINTY SHOE DEC,2
TIN CAN HOUSEKEEPING DESIGN,2
POCKET MIRROR BUTTERFLY ,2
CHAMPAGNE TRAY BLANK CARD,2
PARTY PIZZA DISH PINK+WHITE SPOT ,2
"JEWELLED DECORATION,PINK",2
BAKING MOULD ROSE WHITE CHOCOLATE,2
PARTY PIZZA DISH BLUE+WHITE SPOT ,2
A4 WALL TIDY RED FLOWERS,2
LARGE CRYSTAL DIAMANTE HAIRSLIDE,2
HAND OPEN SHAPE PINK,2
MOON INCENSE,2
KID'S CHALKBOARD/EASEL,2
NUMBER TILE COTTAGE GARDEN 2,2
PINK KASHMIRI OCCASIONAL TABLE,2
MODERN CHRISTMAS TREE CANDLE,2
"ORGANISER WOOD, ANTIQUE WHITE ",2
ORIGAMI JASMINE INCENSE+FLOWER ,2
 Bank Charges,2
AMBER BERTIE MOBILE PHONE CHARM,2
PURPLE LEAVES AND BEADS PHONE CHAR,2
MUG AND COASTER SET RED CIRCLES,2
BREAD BIN DINER STYLE BLACK,2
MOSAIC CANDLE DISH BLUE PURPLE,2
FAIRY CAKES PHOTO FRAME,2
VINTAGE BEAD PINK JEWEL STAND,2
AMBER GLASS/SHELL/PEARL NECKLACE,2
 FAIRY CAKE CANDLES,2
WHITE FRANGIPANI HAIR CLIP,2
"LETTER ""W"" BLING KEY RING",2
RED POLKADOT BEAKER ,2
SMALL SINGLE FLAME CANDLE HOLDER,2
"NUMBER TILE COTTAGE GARDEN, 2",2
"NUMBER TILE COTTAGE GARDEN, 3 ",2
"NUMBER TILE COTTAGE GARDEN, 4",2
"NUMBER TILE COTTAGE GARDEN, 6",2
"NUMBER TILE COTTAGE GARDEN, 7",2
"NUMBER TILE COTTAGE GARDEN, 8",2
"NUMBER TILE COTTAGE GARDEN, 0 ",2
PINK CANVAS DES CUSHION COVER ,2
NUMBER TILE COTTAGE GARDEN 0 ,2
FLOWER DES BLUE HANDBAG/ORANG HANDL,2
EASTER TIN KEEPSAKE,2
"CAT BOWL, ENAMEL , CREAM COLOUR",2
MODERN CHRISTMAS TREE CANDLE ,2
ANTIQUE MID BLUE FLOWER EARRINGS,2
DOORMAT KISS MY.......,2
BLUE POLKADOT BEAKER ,2
MAGIC SLATE LEAP FROG ,2
VINTAGE BEAD CHAISE LONG JEWEL BOX,2
FIRE POLISHED GLASS BRACELET BLACK,2
MAGIC SLATE GO TO THE FAIR ,2
"DOG BOWL, ENAMEL , CREAM COLOUR",2
3 PIECE JIGSAW TOADSTOOLS,2
IVORY GOLD METAL BAG CHARM,2
RUBY DROP CHANDELIER EARRINGS,2
CRYSTAL DRAGONFLY PHONE CHARM,2
POLKADOT COFFEE CUP & SAUCER PINK,2
ORIGAMI JASMINE INCENSE IN TUBE,2
TIN CAN POCKET MONEY DESIGN,2
PINK ROSE PICNIC RUG,2
DIAMANTE HAIR GRIP PACK/2 LT ROSE,2
BAROQUE BUTTERFLY EARRINGS GREEN,2
L BLUE C/COVER W PINK/YELLOW FLOWER,2
ANTIQUE RASPBERRY FLOWER EARRINGS,2
NUMBER TILE COTTAGE GARDEN No,2
PURPLE ENAMEL FLOWER HAIR TIE,2
ORIGAMI ROSE INCENSE+FLOWER,2
S/5 MINI ICE CREAM FRIDGE MAGNETS,2
"F.FAIRY,CANDLE IN GLASS,LAVENDER",2
YELLOW PINK FLOWER DESIGN BIG BOWL,2
POP-ART FLUORESCENT PENS,2
RABBIT EASTER DECORATION,2
BIRTHDAY BANNER TAPE,2
LARGE GLASS SUNDAE DISH CLEAR,2
PIZZA DISH SLICE ,2
FRYING PAN PINK RETROSPOT,2
SET OF 6 DOTS CHOPSTICKS,2
FOLDING CAMPING SCISSOR W/KNIF & S,2
ORIGAMI VANILLA INCENSE CONES,2
NUMBER TILE VINTAGE FONT 8,2
GREEN KASHMIRI BOXED MIRROR,2
CAROUSEL PLACEMATS ,2
CANDY STRIPE ROSE FLOOR CUSHION,2
4 FESTIVE GREEN DINNER CANDLES,2
PINK ROSEBUD PEARL EARRINGS,2
CLASSICAL ROSE TABLE LAMP,2
HAPPY BIRTHDAY CARD TEDDY/CAKE,2
GLASS BEAD HOOP EARRINGS GREEN,2
ORANGE PENDANT TRIPLE SHELL NECKLAC,2
GREEN PENDANT TRIPLE SHELL NECKLACE,2
ORIGAMI LAVENDER INCENSE IN TUBE,2
THREE CANVAS LUGGAGE TAGS,2
DIAMANTE NECKLACE PURPLE,2
WOODEN STAR CHRISTMAS SCANDISPOT,2
DIAMANTE HAIR GRIP PACK/2 CRYSTAL,2
DIAMANTE HAIR GRIP PACK/2 BLACK DIA,2
NUMBER TILE VINTAGE FONT 9 ,2
PINK BEADED CONE CHRISTMAS,2
GLASS AND BEADS BRACELET IVORY,2
GREEN ENAMEL FLOWER HAIR TIE,2
BLUE KNITTED KID'S RUCKSACK,2
HANGING SPRING FLOWER HEART SMALL,2
GOLD 2 STRAND NECKLACE-LEAF CHARMS,2
INCENSE BAZAAR CANNABIS,2
BAROQUE BUTTERFLY EARRINGS PINK,2
DAISY RING,2
BAKING MOULD CHOCOLATE CUP CAKES,2
"ACRYLIC JEWEL ANGEL,BLUE",2
VINTAGE DESIGN GIFT TAGS,2
VENDETTA CANVAS PICTURE,2
ASS WINDPROOF MARIJUANA LIGHTERS,2
WRAP SPEED DEMONS ,2
FIRE POLISHED GLASS BRACELET MONTAN,2
LILY BROOCH WHITE/SILVER COLOUR,2
FUSCHIA TABLE RUN FLOWER ,2
NUMBER TILE COTTAGE GARDEN 5,2
FRYING PAN BLUE RETROSPOT,2
BLUE BEADS+HAND PHONE CHARM,2
"ACRYLIC BEAD GARLAND,PINK",2
SET OF 36 DOILIES VINTAGE CHRISTMAS,2
SET/3 COLOUR PAINTED KASHMIRI STOOL,2
BLUE PAINTED KASHMIRI TABLE ,2
PINK BABY GIRL'S MEMORY BOX,2
PINK PAINTED KASHMIRI TABLE,2
CLASSIC DIAMANTE NECKLACE JET,2
TURQ PENDANT TRIPLE SHELL NECKLACE,2
MEDINA STAMPED METAL TRAY ,2
KISS REINDEER SCANDINAVIAN STOCKING,2
PLANTPOT SINGLE HOOK PISTACHIO,2
RED TOP SCANDINAVIAN HEART ,2
PURPLE/COPPER HANGING LAMPSHADE,2
SET OF 16 VINTAGE IVORY CUTLERY,2
BEWARE OF THE CAT DOORMAT,2
PURPLE CURRENT CANDLE RING,2
RHOMBUS CRYSTAL PERFUME BOTTLE,2
FILIGREE DIAMANTE CHAIN,2
DIAMOND LAS VEGAS NECKLACE 45CM,2
OLD ROSE COMBO BEAD NECKLACE,2
GLASS BEAD HOOP EARRINGS BLACK,2
MAGIC GARDEN FELT GARLAND ,2
PAIR OF ENAMEL BUTTERFLY HAIRCLIP,2
"BREAD BIN, DINER STYLE, RED ",2
BLUE FLOCK CUSHION COVER ,2
BROWN VINTAGE VICTORIAN EARRINGS,2
DUCK SOCK PUPPET,2
"BATHROOM SCALES, FAG BREAK",2
2 DAISIES HAIR COMB,2
NUMBER TILE VINTAGE FONT 5,2
"ACRYLIC JEWEL SNOWFLAKE, PINK",2
BEECH WOOD P/FRAME,2
NUMBER TILE VINTAGE FONT 1,2
CAPIZ CHANDELIER,2
STRAWBERRIES PRINT BOWL,2
MANHATTAN CANVAS ART PICTURE,2
BLACK CRYSTAL DROP EARRINGS,2
BUNNY BUNCH OF FLOWERS,2
PINK DAISY BAG CHARM,2
"LETTER ""Y"" BLING KEY RING",2
MULTICOLOUR DOTS PLATE,2
SET OF 4 CAROUSEL PLACEMATS ,2
NUMBER TILE VINTAGE FONT 2,1
HANGING CHICK GREEN DECORATION,1
"NUMBER TILE VINTAGE FONT, 6 ",1
"NUMBER TILE VINTAGE FONT, 0",1
MIDNIGHT BLUE CRYSTAL DROP EARRINGS,1
"NUMBER TILE VINTAGE FONT, 3",1
DIAMANTE NECKLACE BLACK ,1
NUMBER TILE VINTAGE FONT 0,1
"NUMBER TILE VINTAGE FONT, 4",1
"LETTER ""U"" BLING KEY RING",1
MOP PENDANT SHELL NECKLACE,1
"NUMBER TILE VINTAGE FONT, 7",1
NUMBER TILE COTTAGE GARDEN 8,1
"NUMBER TILE VINTAGE FONT, 5",1
DRAWERKNOB ACRYLIC EDWARDIAN PURPLE,1
"NUMBER TILE VINTAGE FONT, 8",1
DRAWER KNOB ACRYLIC EDWARDIAN PINK,1
"NUMBER TILE VINTAGE FONT, 2",1
SET OF 6 SPICE TINS PANTRY DESIGN,1
NEW BAROQUE BLACK BOXES,1
PINK BEADS+HAND PHONE CHARM,1
WHITE FRANGIPANI NECKLACE,1
POLKADOT PENS,1
NUMBER TILE VINTAGE FONT No ,1
CRACKED GLAZE NECKLACE RED,1
AMBER DROP EARRINGS W LONG BEADS,1
CANNABIS LEAF BEAD CURTAIN,1
"NUMBER TILE VINTAGE FONT, 1",1
DRAWER KNOB ACRYLIC EDWARDIAN GREEN,1
NUMBER TILE COTTAGE GARDEN 1,1
GLASS BELL JAR LARGE,1
GLASS BELL JAR SMALL,1
PURPLE DRESS JEWELLERY STAND,1
HANGING CHICK CREAM DECORATION,1
DRAWER KNOB ACRYLIC EDWARDIAN CLEAR,1
IVORY SHELL HEART EARRINGS,1
"FLOWER FAIRY MUG+COASTER,ROSE",1
HEN PARTY BANNER TAPE,1
"SILICON CUBE 25W, BLUE",1
11 PC CERAMIC TEA SET POLKADOT,1
"BISCUIT TIN, MINT,IVORY, VINTAGE",1
CREAM KNITTED HEN,1
PINK HEART CHRISTMAS DECORATION,1
S/6 CHRISTMAS TREE PLACE SETTING,1
SWEETHEART CREAM STEEL FOLDIN CHAIR,1
ORIGAMI OPIUM SCENT INCENSE+FLOWER,1
ORIGAMI LAVENDER INCENSE+FLOWER,1
DOOR MAT CAMOUFLAGE,1
JADE GREEN PAIR ENAMEL HAIR SLIDES,1
SILVER PURSE GOLD PINK BUTTERFLY,1
SET/2 TEA TOWELS MODERN VINTAGE,1
ANGEL ON KNEES METAL POLE 100CM H,1
"GLASS JAR, ENGLISH CONFECTIONERY",1
FUNKY FLOWER COFFEE POT,1
S/6 SCANDINAVIAN HEART T-LIGHT,1
BLACK 3 BEAD DROP EARRINGS,1
OPAL WHITE/SILVER FLOWER NECKLACE,1
PINK STRIPES SHOULDER BAG,1
ORANGE CANDLE,1
WOODLAND CREATURES  WRAP,1
EMPIRE TEDDY,1
RAIN GIRL CHILDS UMBRELLA,1
S/16 BLACK SHINY/MAT BAUBLES,1
GREEN CRYSTAL DROP EARRINGS,1
"GREETING CARD, BLACKPOOL ROCK",1
BAG FOR CHILDREN VINTAGE BLUE ,1
BAG FOR CHILDREN VINTAGE PINK ,1
BLUE OWL DECORATION,1
PINK OWL DECORATION,1
IVORY WALL CLOCK,1
RED WALL CLOCK,1
LITTLE FLOWER SHOPPER BAG,1
VINTAGE METAL CAKE STAND CREAM ,1
BLUE BAROQUE FLOCK CANDLE HOLDER,1
HEART MEASURING SPOONS SMALL,1
RED HEART CANDY POP LIGHTS,1
CRACKED GLAZE NECKLACE BROWN,1
BOX OF 3 PEBBLE CANDLES,1
GOLD CHRISTMAS STOCKING DECORATION,1
WHITE CHRISTMAS TREE 60CM,1
CREAM SWEETHEART DOUBLE SHELF,1
CLASSIC DIAMANTE EARRINGS JET,1
"MIRROR, ARCHED GEORGIAN",1
CRYSTAL SMALL JEWELLED PHOTOFRAME,1
BLACK DROP CRYSTAL NECKLACE,1
ENGLISH ROSE EDWARDIAN PARASOL,1
BENDY COLOUR PENCILS,1
WOOD ANIMALS HEIGHT CHART STICKERS ,1
PINK CURRENT CANDLE RING,1
ENGLISH ROSE DESIGN SHOPPING BAG,1
6 HOOK JEWEL STAND LILAC DRESS,1
RED SPOTTY PASSPORT COVER,1
SET/2 SPOTTY + ROSE TEA TOWELS ,1
F FAIRY POTPOURRI CUSHIONS SUMMER,1
AMBER BERTIE GLASS BEAD BAG CHARM,1
CAMOUFLAGE BACKPACK ON WHEELS,1
TEATIME ROUND CAKE TINS ,1
DADDY MOUSE RED GINGHAM BOW TIE,1
PARTY PIZZA DISH GREEN+WHITE SPOT ,1
FRENCH STYLE WIRE DOOR CABINET ,1
NEW BAROQUE WALL MIRROR,1
ASSORTED DESIGN GEISHA GIRL MUGS,1
"F.FAIRY S/3 SML CANDLE,LILY/VALLEY",1
OCCASIONS GIFT CARD ASSORTMENT,1
"F.FAIRY S/3 SML CANDLE, LAVENDER",1
WRAP ROMANTIC DECOUPAGE,1
ROSE SCENTED VOTIVE CANDLE,1
VANILLA SCENTED VOTIVE CANDLE,1
SET OF SIX SILVER+RED FLOCK BAUBLES,1
CANDY STRIPE ROSE QUILT,1
ENGLISH ROSE TEA FOR ONE GIFT BOX,1
MUG PINK AND PURPLE ARABIC DESIGN,1
PARTY PIZZA DISH RED+WHITE SPOT ,1
S/2 HYACINTH BULB CANDLES,1
OWLS CHARLOTTE BAG,1
ASSORTED SHAPED STENCIL FOR HENNA,1
DUSTY PINK CHRISTMAS TREE 60CM,1
S/3 COLOURS FLOCK TEA TOWELS,1
WHITE SCANDINAVIAN HEART CHRISTMAS,1
HOLLYHOCK SQUARE HANDY TIN,1
ORIGAMI LAVENDER INCENSE CONES,1
"F.FAIRY,CANDLE IN GLASS,LILY/VALLEY",1
WHITE  ROSEBUD PEARL BRACELET,1
BLUE TILED SET OF 3 DRAWERS,1
RUSSIAN FOLKART STACKING TINS,1
PEARL AND CHERRY QUARTZ BRACLET,1
CHUNKY CRACKED GLAZE NECKLACE IVORY,1
BLUE STRIPES SHOULDER BAG,1
PINK ROSEBUD PEARL BRACELET,1
S/4 BLACK DISCO PARTITION PANEL,1
NEW BAROQUE B'FLY NECKLACE CRYSTAL,1
LAZER CUT NECKLACE W PASTEL BEADS,1
CUBIC MUG TEATIME CAKES,1
"TRAY FOR TV DINNER , DOLLY GIRL",1
"PEN, 10 COLOURS - SPACEBOY",1
"TRAY FOR TV DINNER ,SPACEBOY",1
FRENCH ENAMEL SOAP DISH WITH LID,1
LARGE HANGING GLASS+ZINC LANTERN,1
WRAP CHRISTMAS DECOUPAGE,1
SILVER/NAT SHELL NECKLACE W PENDANT,1
3 BIRDS CANVAS SCREEN,1
MAGIC SLATE BAKE A CAKE ,1
TIN CAN CONFECTIONERY DESIGN,1
TINY CRYSTALS BRACELET BLACK,1
FOLDING SHIRT TIDY,1
S/3 ROSE GARDEN SCENT SQU CANDLE,1
BLUE WHITE PLASTIC RINGS LAMPSHADE,1
BLACK GLASS BRACELET W HEART CHARMS,1
MULTICOLOUR POLKADOT PLATE,1
PINK FLOCK SUEDE CUSHION COVER ,1
LUNCH BAG PINK POLKADOTS,1
"WRAPPING PAPER, XMAS VILLAGE",1
WOODEN HEART CHRISTMAS SCANDISPOT,1
CRACKED GLAZE EARRINGS RED,1
GLASS AND PAINTED BEADS BRACELET OL,1
SEAGRASS S/3 SQU LAUNDRY BOX,1
CAT W SUNGLASSES BLANK CARD,1
WHITE VINTAGE CRYSTAL EARRINGS,1
TURQ STONE/CRYSTAL EARRINGS,1
SWALLOW SMALL TUBE MATCHES,1
WHITE ENAMEL FLOWER HAIR TIE,1
JAM JAR WITH BLUE LID,1
SCOTTIE DOGS CHILDRENS OVERALL,1
DROP EARRINGS W FLOWER & LEAF,1
FAIRY DESIGN MUGS,1
SPOTTED WHITE NATURAL SEED NECKLACE,1
HEXAGONAL CRYSTAL PERFUME BOTTLE,1
CHOCOLATE ICE CREAM CANDLE,1
DIAMANTE BOW BROOCH WHITE COLOUR,1
CAMOFLAGE CUSHION COVER,1
UBO-LIGHT TRIOBASE BLUE,1
"F.FAIRY S/3 SML CANDLE, ROSE",1
CERAMIC CAKE TEAPOT WITH CHERRY,1
SILVER WINE GOBLET,1
"ACRYLIC BEAD CHAIN, PINK",1
"ACRYLIC BEAD CHAIN, BLUE",1
DOOR MAT BLUE FLOCK,1
WHITE ROHMBIC BLOCK TABLE LAMP,1
PINK AND BLACK STRING CURTAIN,1
LARGE GLASS ROSE SCENTED CANDLE ,1
SMALL GLASS ROSE SCENTED CANDLE,1
FLOWERS AND BIRDS WALL PLAQUE,1
FEATHER HEART LIGHTS,1
FROSTED GLASS WITH SILVER SURROUND,1
SPOTTY COCKEREL DOORSTOP,1
GREEN PAIR HEART HAIR SLIDES,1
FIRE POLISHED GLASS BRACELET RED,1
HAPPY BIRTHDAY GINGER CAT CARD,1
LUNCHBOX I LOVE LONDON,1
LILAC FEATHERS CURTAIN,1
GREEN CHENILLE SHAGGY C/COVER,1
AMBER CRYSTAL DROP EARRINGS,1
GREEN DROP EARRINGS W BEAD CLUSTER,1
BLUE DROP EARRINGS W BEAD CLUSTER,1
RUBY GLASS CLUSTER EARRINGS,1
CIRCUS PARADE LUNCHBOX ,1
RED STONE/CRYSTAL EARRINGS,1
FOLKART HEART CHRISTMAS DECORATIONS,1
WHITE ROSEBUD & PEARL NECKLACE,1
BROWN COZY SQUARE PHOTO ALBUM,1
"BLACK RND BULLET""KEEP CLEAN"" BIN",1
BAROQUE BUTTERFLY EARRINGS RED,1
BAROQUE BUTTERFLY EARRINGS CRYSTAL,1
BLACK DROP EARRINGS W LONG BEADS,1
BLACK DIAMOND CLUSTER EARRINGS,1
BAKING MOULD EASTER EGG MILK CHOC,1
